[2026-08-27T01:31:39.248+0000] {processor.py:161} INFO - Started process (PID=189) to work on /opt/airflow/dags/supermarket_etl_pipeline.py
[2026-08-27T01:31:39.255+0000] {processor.py:830} INFO - Processing file /opt/airflow/dags/supermarket_etl_pipeline.py for tasks to queue
[2026-08-27T01:31:39.259+0000] {logging_mixin.py:188} INFO - [2026-08-27T01:31:39.258+0000] {dagbag.py:538} INFO - Filling up the DagBag from /opt/airflow/dags/supermarket_etl_pipeline.py
[2026-08-27T01:31:40.102+0000] {processor.py:840} INFO - DAG(s) 'supermarket_etl_pipeline' retrieved from /opt/airflow/dags/supermarket_etl_pipeline.py
[2026-08-27T01:31:40.164+0000] {logging_mixin.py:188} INFO - [2026-08-27T01:31:40.163+0000] {dag.py:3036} INFO - Sync 1 DAGs
[2026-08-27T01:31:40.198+0000] {logging_mixin.py:188} INFO - [2026-08-27T01:31:40.198+0000] {dag.py:3823} INFO - Setting next_dagrun for supermarket_etl_pipeline to None, run_after=None
[2026-08-27T01:31:40.243+0000] {processor.py:183} INFO - Processing /opt/airflow/dags/supermarket_etl_pipeline.py took 1.005 seconds
[2026-08-27T01:32:10.465+0000] {processor.py:161} INFO - Started process (PID=195) to work on /opt/airflow/dags/supermarket_etl_pipeline.py
[2026-08-27T01:32:10.469+0000] {processor.py:830} INFO - Processing file /opt/airflow/dags/supermarket_etl_pipeline.py for tasks to queue
[2026-08-27T01:32:10.471+0000] {logging_mixin.py:188} INFO - [2026-08-27T01:32:10.470+0000] {dagbag.py:538} INFO - Filling up the DagBag from /opt/airflow/dags/supermarket_etl_pipeline.py
[2026-08-27T01:32:10.728+0000] {processor.py:840} INFO - DAG(s) 'supermarket_etl_pipeline' retrieved from /opt/airflow/dags/supermarket_etl_pipeline.py
[2026-08-27T01:32:10.887+0000] {logging_mixin.py:188} INFO - [2026-08-27T01:32:10.887+0000] {dag.py:3036} INFO - Sync 1 DAGs
[2026-08-27T01:32:10.896+0000] {logging_mixin.py:188} INFO - [2026-08-27T01:32:10.896+0000] {dag.py:3823} INFO - Setting next_dagrun for supermarket_etl_pipeline to None, run_after=None
[2026-08-27T01:32:10.915+0000] {processor.py:183} INFO - Processing /opt/airflow/dags/supermarket_etl_pipeline.py took 0.452 seconds
[2026-08-27T01:32:41.255+0000] {processor.py:161} INFO - Started process (PID=201) to work on /opt/airflow/dags/supermarket_etl_pipeline.py
[2026-08-27T01:32:41.259+0000] {processor.py:830} INFO - Processing file /opt/airflow/dags/supermarket_etl_pipeline.py for tasks to queue
[2026-08-27T01:32:41.263+0000] {logging_mixin.py:188} INFO - [2026-08-27T01:32:41.263+0000] {dagbag.py:538} INFO - Filling up the DagBag from /opt/airflow/dags/supermarket_etl_pipeline.py
[2026-08-27T01:32:41.494+0000] {processor.py:840} INFO - DAG(s) 'supermarket_etl_pipeline' retrieved from /opt/airflow/dags/supermarket_etl_pipeline.py
[2026-08-27T01:32:41.516+0000] {logging_mixin.py:188} INFO - [2026-08-27T01:32:41.516+0000] {dag.py:3036} INFO - Sync 1 DAGs
[2026-08-27T01:32:41.527+0000] {logging_mixin.py:188} INFO - [2026-08-27T01:32:41.527+0000] {dag.py:3823} INFO - Setting next_dagrun for supermarket_etl_pipeline to None, run_after=None
[2026-08-27T01:32:41.546+0000] {processor.py:183} INFO - Processing /opt/airflow/dags/supermarket_etl_pipeline.py took 0.294 seconds
[2026-08-27T01:33:11.869+0000] {processor.py:161} INFO - Started process (PID=207) to work on /opt/airflow/dags/supermarket_etl_pipeline.py
[2026-08-27T01:33:11.872+0000] {processor.py:830} INFO - Processing file /opt/airflow/dags/supermarket_etl_pipeline.py for tasks to queue
[2026-08-27T01:33:11.875+0000] {logging_mixin.py:188} INFO - [2026-08-27T01:33:11.874+0000] {dagbag.py:538} INFO - Filling up the DagBag from /opt/airflow/dags/supermarket_etl_pipeline.py
[2026-08-27T01:33:12.176+0000] {processor.py:840} INFO - DAG(s) 'supermarket_etl_pipeline' retrieved from /opt/airflow/dags/supermarket_etl_pipeline.py
[2026-08-27T01:33:12.200+0000] {logging_mixin.py:188} INFO - [2026-08-27T01:33:12.200+0000] {dag.py:3036} INFO - Sync 1 DAGs
[2026-08-27T01:33:12.212+0000] {logging_mixin.py:188} INFO - [2026-08-27T01:33:12.212+0000] {dag.py:3823} INFO - Setting next_dagrun for supermarket_etl_pipeline to None, run_after=None
[2026-08-27T01:33:12.248+0000] {processor.py:183} INFO - Processing /opt/airflow/dags/supermarket_etl_pipeline.py took 0.382 seconds
[2026-08-27T01:33:42.548+0000] {processor.py:161} INFO - Started process (PID=213) to work on /opt/airflow/dags/supermarket_etl_pipeline.py
[2026-08-27T01:33:42.550+0000] {processor.py:830} INFO - Processing file /opt/airflow/dags/supermarket_etl_pipeline.py for tasks to queue
[2026-08-27T01:33:42.551+0000] {logging_mixin.py:188} INFO - [2026-08-27T01:33:42.551+0000] {dagbag.py:538} INFO - Filling up the DagBag from /opt/airflow/dags/supermarket_etl_pipeline.py
[2026-08-27T01:33:42.802+0000] {processor.py:840} INFO - DAG(s) 'supermarket_etl_pipeline' retrieved from /opt/airflow/dags/supermarket_etl_pipeline.py
[2026-08-27T01:33:42.841+0000] {logging_mixin.py:188} INFO - [2026-08-27T01:33:42.840+0000] {dag.py:3036} INFO - Sync 1 DAGs
[2026-08-27T01:33:42.856+0000] {logging_mixin.py:188} INFO - [2026-08-27T01:33:42.856+0000] {dag.py:3823} INFO - Setting next_dagrun for supermarket_etl_pipeline to None, run_after=None
[2026-08-27T01:33:42.876+0000] {processor.py:183} INFO - Processing /opt/airflow/dags/supermarket_etl_pipeline.py took 0.331 seconds
[2026-08-27T01:34:13.155+0000] {processor.py:161} INFO - Started process (PID=219) to work on /opt/airflow/dags/supermarket_etl_pipeline.py
[2026-08-27T01:34:13.157+0000] {processor.py:830} INFO - Processing file /opt/airflow/dags/supermarket_etl_pipeline.py for tasks to queue
[2026-08-27T01:34:13.159+0000] {logging_mixin.py:188} INFO - [2026-08-27T01:34:13.159+0000] {dagbag.py:538} INFO - Filling up the DagBag from /opt/airflow/dags/supermarket_etl_pipeline.py
[2026-08-27T01:34:13.446+0000] {processor.py:840} INFO - DAG(s) 'supermarket_etl_pipeline' retrieved from /opt/airflow/dags/supermarket_etl_pipeline.py
[2026-08-27T01:34:13.500+0000] {logging_mixin.py:188} INFO - [2026-08-27T01:34:13.499+0000] {dag.py:3036} INFO - Sync 1 DAGs
[2026-08-27T01:34:13.528+0000] {logging_mixin.py:188} INFO - [2026-08-27T01:34:13.528+0000] {dag.py:3823} INFO - Setting next_dagrun for supermarket_etl_pipeline to None, run_after=None
[2026-08-27T01:34:13.548+0000] {processor.py:183} INFO - Processing /opt/airflow/dags/supermarket_etl_pipeline.py took 0.396 seconds
[2026-08-27T01:34:43.822+0000] {processor.py:161} INFO - Started process (PID=225) to work on /opt/airflow/dags/supermarket_etl_pipeline.py
[2026-08-27T01:34:43.824+0000] {processor.py:830} INFO - Processing file /opt/airflow/dags/supermarket_etl_pipeline.py for tasks to queue
[2026-08-27T01:34:43.826+0000] {logging_mixin.py:188} INFO - [2026-08-27T01:34:43.826+0000] {dagbag.py:538} INFO - Filling up the DagBag from /opt/airflow/dags/supermarket_etl_pipeline.py
[2026-08-27T01:34:44.056+0000] {processor.py:840} INFO - DAG(s) 'supermarket_etl_pipeline' retrieved from /opt/airflow/dags/supermarket_etl_pipeline.py
[2026-08-27T01:34:44.078+0000] {logging_mixin.py:188} INFO - [2026-08-27T01:34:44.078+0000] {dag.py:3036} INFO - Sync 1 DAGs
[2026-08-27T01:34:44.089+0000] {logging_mixin.py:188} INFO - [2026-08-27T01:34:44.089+0000] {dag.py:3823} INFO - Setting next_dagrun for supermarket_etl_pipeline to None, run_after=None
[2026-08-27T01:34:44.106+0000] {processor.py:183} INFO - Processing /opt/airflow/dags/supermarket_etl_pipeline.py took 0.286 seconds
[2026-08-27T01:35:14.421+0000] {processor.py:161} INFO - Started process (PID=231) to work on /opt/airflow/dags/supermarket_etl_pipeline.py
[2026-08-27T01:35:14.423+0000] {processor.py:830} INFO - Processing file /opt/airflow/dags/supermarket_etl_pipeline.py for tasks to queue
[2026-08-27T01:35:14.425+0000] {logging_mixin.py:188} INFO - [2026-08-27T01:35:14.425+0000] {dagbag.py:538} INFO - Filling up the DagBag from /opt/airflow/dags/supermarket_etl_pipeline.py
[2026-08-27T01:35:14.655+0000] {processor.py:840} INFO - DAG(s) 'supermarket_etl_pipeline' retrieved from /opt/airflow/dags/supermarket_etl_pipeline.py
[2026-08-27T01:35:14.675+0000] {logging_mixin.py:188} INFO - [2026-08-27T01:35:14.675+0000] {dag.py:3036} INFO - Sync 1 DAGs
[2026-08-27T01:35:14.686+0000] {logging_mixin.py:188} INFO - [2026-08-27T01:35:14.685+0000] {dag.py:3823} INFO - Setting next_dagrun for supermarket_etl_pipeline to None, run_after=None
[2026-08-27T01:35:14.703+0000] {processor.py:183} INFO - Processing /opt/airflow/dags/supermarket_etl_pipeline.py took 0.284 seconds
[2026-08-27T01:35:45.018+0000] {processor.py:161} INFO - Started process (PID=237) to work on /opt/airflow/dags/supermarket_etl_pipeline.py
[2026-08-27T01:35:45.020+0000] {processor.py:830} INFO - Processing file /opt/airflow/dags/supermarket_etl_pipeline.py for tasks to queue
[2026-08-27T01:35:45.022+0000] {logging_mixin.py:188} INFO - [2026-08-27T01:35:45.022+0000] {dagbag.py:538} INFO - Filling up the DagBag from /opt/airflow/dags/supermarket_etl_pipeline.py
[2026-08-27T01:35:45.294+0000] {processor.py:840} INFO - DAG(s) 'supermarket_etl_pipeline' retrieved from /opt/airflow/dags/supermarket_etl_pipeline.py
[2026-08-27T01:35:45.321+0000] {logging_mixin.py:188} INFO - [2026-08-27T01:35:45.321+0000] {dag.py:3036} INFO - Sync 1 DAGs
[2026-08-27T01:35:45.337+0000] {logging_mixin.py:188} INFO - [2026-08-27T01:35:45.337+0000] {dag.py:3823} INFO - Setting next_dagrun for supermarket_etl_pipeline to None, run_after=None
[2026-08-27T01:35:45.359+0000] {processor.py:183} INFO - Processing /opt/airflow/dags/supermarket_etl_pipeline.py took 0.347 seconds
[2026-08-27T01:36:15.638+0000] {processor.py:161} INFO - Started process (PID=243) to work on /opt/airflow/dags/supermarket_etl_pipeline.py
[2026-08-27T01:36:15.639+0000] {processor.py:830} INFO - Processing file /opt/airflow/dags/supermarket_etl_pipeline.py for tasks to queue
[2026-08-27T01:36:15.641+0000] {logging_mixin.py:188} INFO - [2026-08-27T01:36:15.640+0000] {dagbag.py:538} INFO - Filling up the DagBag from /opt/airflow/dags/supermarket_etl_pipeline.py
[2026-08-27T01:36:15.899+0000] {processor.py:840} INFO - DAG(s) 'supermarket_etl_pipeline' retrieved from /opt/airflow/dags/supermarket_etl_pipeline.py
[2026-08-27T01:36:15.923+0000] {logging_mixin.py:188} INFO - [2026-08-27T01:36:15.922+0000] {dag.py:3036} INFO - Sync 1 DAGs
[2026-08-27T01:36:15.932+0000] {logging_mixin.py:188} INFO - [2026-08-27T01:36:15.932+0000] {dag.py:3823} INFO - Setting next_dagrun for supermarket_etl_pipeline to None, run_after=None
[2026-08-27T01:36:15.952+0000] {processor.py:183} INFO - Processing /opt/airflow/dags/supermarket_etl_pipeline.py took 0.317 seconds
[2026-08-27T01:36:46.327+0000] {processor.py:161} INFO - Started process (PID=249) to work on /opt/airflow/dags/supermarket_etl_pipeline.py
[2026-08-27T01:36:46.330+0000] {processor.py:830} INFO - Processing file /opt/airflow/dags/supermarket_etl_pipeline.py for tasks to queue
[2026-08-27T01:36:46.331+0000] {logging_mixin.py:188} INFO - [2026-08-27T01:36:46.331+0000] {dagbag.py:538} INFO - Filling up the DagBag from /opt/airflow/dags/supermarket_etl_pipeline.py
[2026-08-27T01:36:46.897+0000] {processor.py:840} INFO - DAG(s) 'supermarket_etl_pipeline' retrieved from /opt/airflow/dags/supermarket_etl_pipeline.py
[2026-08-27T01:36:46.942+0000] {logging_mixin.py:188} INFO - [2026-08-27T01:36:46.941+0000] {dag.py:3036} INFO - Sync 1 DAGs
[2026-08-27T01:36:46.966+0000] {logging_mixin.py:188} INFO - [2026-08-27T01:36:46.966+0000] {dag.py:3823} INFO - Setting next_dagrun for supermarket_etl_pipeline to None, run_after=None
[2026-08-27T01:36:47.018+0000] {processor.py:183} INFO - Processing /opt/airflow/dags/supermarket_etl_pipeline.py took 0.694 seconds
[2026-08-27T01:37:17.180+0000] {processor.py:161} INFO - Started process (PID=255) to work on /opt/airflow/dags/supermarket_etl_pipeline.py
[2026-08-27T01:37:17.183+0000] {processor.py:830} INFO - Processing file /opt/airflow/dags/supermarket_etl_pipeline.py for tasks to queue
[2026-08-27T01:37:17.185+0000] {logging_mixin.py:188} INFO - [2026-08-27T01:37:17.185+0000] {dagbag.py:538} INFO - Filling up the DagBag from /opt/airflow/dags/supermarket_etl_pipeline.py
[2026-08-27T01:37:17.438+0000] {processor.py:840} INFO - DAG(s) 'supermarket_etl_pipeline' retrieved from /opt/airflow/dags/supermarket_etl_pipeline.py
[2026-08-27T01:37:17.466+0000] {logging_mixin.py:188} INFO - [2026-08-27T01:37:17.465+0000] {dag.py:3036} INFO - Sync 1 DAGs
[2026-08-27T01:37:17.477+0000] {logging_mixin.py:188} INFO - [2026-08-27T01:37:17.477+0000] {dag.py:3823} INFO - Setting next_dagrun for supermarket_etl_pipeline to None, run_after=None
[2026-08-27T01:37:17.496+0000] {processor.py:183} INFO - Processing /opt/airflow/dags/supermarket_etl_pipeline.py took 0.319 seconds
[2026-08-27T01:37:47.634+0000] {processor.py:161} INFO - Started process (PID=261) to work on /opt/airflow/dags/supermarket_etl_pipeline.py
[2026-08-27T01:37:47.636+0000] {processor.py:830} INFO - Processing file /opt/airflow/dags/supermarket_etl_pipeline.py for tasks to queue
[2026-08-27T01:37:47.638+0000] {logging_mixin.py:188} INFO - [2026-08-27T01:37:47.638+0000] {dagbag.py:538} INFO - Filling up the DagBag from /opt/airflow/dags/supermarket_etl_pipeline.py
[2026-08-27T01:37:47.868+0000] {processor.py:840} INFO - DAG(s) 'supermarket_etl_pipeline' retrieved from /opt/airflow/dags/supermarket_etl_pipeline.py
[2026-08-27T01:37:47.887+0000] {logging_mixin.py:188} INFO - [2026-08-27T01:37:47.887+0000] {dag.py:3036} INFO - Sync 1 DAGs
[2026-08-27T01:37:47.897+0000] {logging_mixin.py:188} INFO - [2026-08-27T01:37:47.897+0000] {dag.py:3823} INFO - Setting next_dagrun for supermarket_etl_pipeline to None, run_after=None
[2026-08-27T01:37:47.917+0000] {processor.py:183} INFO - Processing /opt/airflow/dags/supermarket_etl_pipeline.py took 0.287 seconds
[2026-08-27T01:38:18.106+0000] {processor.py:161} INFO - Started process (PID=267) to work on /opt/airflow/dags/supermarket_etl_pipeline.py
[2026-08-27T01:38:18.108+0000] {processor.py:830} INFO - Processing file /opt/airflow/dags/supermarket_etl_pipeline.py for tasks to queue
[2026-08-27T01:38:18.110+0000] {logging_mixin.py:188} INFO - [2026-08-27T01:38:18.110+0000] {dagbag.py:538} INFO - Filling up the DagBag from /opt/airflow/dags/supermarket_etl_pipeline.py
[2026-08-27T01:38:18.322+0000] {processor.py:840} INFO - DAG(s) 'supermarket_etl_pipeline' retrieved from /opt/airflow/dags/supermarket_etl_pipeline.py
[2026-08-27T01:38:18.343+0000] {logging_mixin.py:188} INFO - [2026-08-27T01:38:18.342+0000] {dag.py:3036} INFO - Sync 1 DAGs
[2026-08-27T01:38:18.355+0000] {logging_mixin.py:188} INFO - [2026-08-27T01:38:18.354+0000] {dag.py:3823} INFO - Setting next_dagrun for supermarket_etl_pipeline to None, run_after=None
[2026-08-27T01:38:18.372+0000] {processor.py:183} INFO - Processing /opt/airflow/dags/supermarket_etl_pipeline.py took 0.269 seconds
[2026-08-27T01:38:48.604+0000] {processor.py:161} INFO - Started process (PID=273) to work on /opt/airflow/dags/supermarket_etl_pipeline.py
[2026-08-27T01:38:48.606+0000] {processor.py:830} INFO - Processing file /opt/airflow/dags/supermarket_etl_pipeline.py for tasks to queue
[2026-08-27T01:38:48.607+0000] {logging_mixin.py:188} INFO - [2026-08-27T01:38:48.607+0000] {dagbag.py:538} INFO - Filling up the DagBag from /opt/airflow/dags/supermarket_etl_pipeline.py
[2026-08-27T01:38:48.820+0000] {processor.py:840} INFO - DAG(s) 'supermarket_etl_pipeline' retrieved from /opt/airflow/dags/supermarket_etl_pipeline.py
[2026-08-27T01:38:48.839+0000] {logging_mixin.py:188} INFO - [2026-08-27T01:38:48.839+0000] {dag.py:3036} INFO - Sync 1 DAGs
[2026-08-27T01:38:48.849+0000] {logging_mixin.py:188} INFO - [2026-08-27T01:38:48.848+0000] {dag.py:3823} INFO - Setting next_dagrun for supermarket_etl_pipeline to None, run_after=None
[2026-08-27T01:38:48.869+0000] {processor.py:183} INFO - Processing /opt/airflow/dags/supermarket_etl_pipeline.py took 0.268 seconds
[2026-08-27T01:39:19.005+0000] {processor.py:161} INFO - Started process (PID=279) to work on /opt/airflow/dags/supermarket_etl_pipeline.py
[2026-08-27T01:39:19.006+0000] {processor.py:830} INFO - Processing file /opt/airflow/dags/supermarket_etl_pipeline.py for tasks to queue
[2026-08-27T01:39:19.008+0000] {logging_mixin.py:188} INFO - [2026-08-27T01:39:19.008+0000] {dagbag.py:538} INFO - Filling up the DagBag from /opt/airflow/dags/supermarket_etl_pipeline.py
[2026-08-27T01:39:19.242+0000] {processor.py:840} INFO - DAG(s) 'supermarket_etl_pipeline' retrieved from /opt/airflow/dags/supermarket_etl_pipeline.py
[2026-08-27T01:39:19.265+0000] {logging_mixin.py:188} INFO - [2026-08-27T01:39:19.264+0000] {dag.py:3036} INFO - Sync 1 DAGs
[2026-08-27T01:39:19.274+0000] {logging_mixin.py:188} INFO - [2026-08-27T01:39:19.274+0000] {dag.py:3823} INFO - Setting next_dagrun for supermarket_etl_pipeline to None, run_after=None
[2026-08-27T01:39:19.293+0000] {processor.py:183} INFO - Processing /opt/airflow/dags/supermarket_etl_pipeline.py took 0.290 seconds
[2026-08-27T01:39:49.484+0000] {processor.py:161} INFO - Started process (PID=285) to work on /opt/airflow/dags/supermarket_etl_pipeline.py
[2026-08-27T01:39:49.486+0000] {processor.py:830} INFO - Processing file /opt/airflow/dags/supermarket_etl_pipeline.py for tasks to queue
[2026-08-27T01:39:49.488+0000] {logging_mixin.py:188} INFO - [2026-08-27T01:39:49.487+0000] {dagbag.py:538} INFO - Filling up the DagBag from /opt/airflow/dags/supermarket_etl_pipeline.py
[2026-08-27T01:39:49.717+0000] {processor.py:840} INFO - DAG(s) 'supermarket_etl_pipeline' retrieved from /opt/airflow/dags/supermarket_etl_pipeline.py
[2026-08-27T01:39:49.739+0000] {logging_mixin.py:188} INFO - [2026-08-27T01:39:49.739+0000] {dag.py:3036} INFO - Sync 1 DAGs
[2026-08-27T01:39:49.750+0000] {logging_mixin.py:188} INFO - [2026-08-27T01:39:49.750+0000] {dag.py:3823} INFO - Setting next_dagrun for supermarket_etl_pipeline to None, run_after=None
[2026-08-27T01:39:49.771+0000] {processor.py:183} INFO - Processing /opt/airflow/dags/supermarket_etl_pipeline.py took 0.289 seconds
[2026-08-27T01:40:19.895+0000] {processor.py:161} INFO - Started process (PID=291) to work on /opt/airflow/dags/supermarket_etl_pipeline.py
[2026-08-27T01:40:19.897+0000] {processor.py:830} INFO - Processing file /opt/airflow/dags/supermarket_etl_pipeline.py for tasks to queue
[2026-08-27T01:40:19.900+0000] {logging_mixin.py:188} INFO - [2026-08-27T01:40:19.900+0000] {dagbag.py:538} INFO - Filling up the DagBag from /opt/airflow/dags/supermarket_etl_pipeline.py
[2026-08-27T01:40:20.128+0000] {processor.py:840} INFO - DAG(s) 'supermarket_etl_pipeline' retrieved from /opt/airflow/dags/supermarket_etl_pipeline.py
[2026-08-27T01:40:20.149+0000] {logging_mixin.py:188} INFO - [2026-08-27T01:40:20.149+0000] {dag.py:3036} INFO - Sync 1 DAGs
[2026-08-27T01:40:20.159+0000] {logging_mixin.py:188} INFO - [2026-08-27T01:40:20.159+0000] {dag.py:3823} INFO - Setting next_dagrun for supermarket_etl_pipeline to None, run_after=None
[2026-08-27T01:40:20.176+0000] {processor.py:183} INFO - Processing /opt/airflow/dags/supermarket_etl_pipeline.py took 0.285 seconds
[2026-08-27T01:40:50.292+0000] {processor.py:161} INFO - Started process (PID=297) to work on /opt/airflow/dags/supermarket_etl_pipeline.py
[2026-08-27T01:40:50.293+0000] {processor.py:830} INFO - Processing file /opt/airflow/dags/supermarket_etl_pipeline.py for tasks to queue
[2026-08-27T01:40:50.296+0000] {logging_mixin.py:188} INFO - [2026-08-27T01:40:50.296+0000] {dagbag.py:538} INFO - Filling up the DagBag from /opt/airflow/dags/supermarket_etl_pipeline.py
[2026-08-27T01:40:50.510+0000] {processor.py:840} INFO - DAG(s) 'supermarket_etl_pipeline' retrieved from /opt/airflow/dags/supermarket_etl_pipeline.py
[2026-08-27T01:40:50.533+0000] {logging_mixin.py:188} INFO - [2026-08-27T01:40:50.533+0000] {dag.py:3036} INFO - Sync 1 DAGs
[2026-08-27T01:40:50.542+0000] {logging_mixin.py:188} INFO - [2026-08-27T01:40:50.541+0000] {dag.py:3823} INFO - Setting next_dagrun for supermarket_etl_pipeline to None, run_after=None
[2026-08-27T01:40:50.560+0000] {processor.py:183} INFO - Processing /opt/airflow/dags/supermarket_etl_pipeline.py took 0.270 seconds
[2026-08-27T01:41:20.661+0000] {processor.py:161} INFO - Started process (PID=303) to work on /opt/airflow/dags/supermarket_etl_pipeline.py
[2026-08-27T01:41:20.663+0000] {processor.py:830} INFO - Processing file /opt/airflow/dags/supermarket_etl_pipeline.py for tasks to queue
[2026-08-27T01:41:20.665+0000] {logging_mixin.py:188} INFO - [2026-08-27T01:41:20.664+0000] {dagbag.py:538} INFO - Filling up the DagBag from /opt/airflow/dags/supermarket_etl_pipeline.py
[2026-08-27T01:41:20.877+0000] {processor.py:840} INFO - DAG(s) 'supermarket_etl_pipeline' retrieved from /opt/airflow/dags/supermarket_etl_pipeline.py
[2026-08-27T01:41:20.896+0000] {logging_mixin.py:188} INFO - [2026-08-27T01:41:20.896+0000] {dag.py:3036} INFO - Sync 1 DAGs
[2026-08-27T01:41:20.907+0000] {logging_mixin.py:188} INFO - [2026-08-27T01:41:20.907+0000] {dag.py:3823} INFO - Setting next_dagrun for supermarket_etl_pipeline to None, run_after=None
[2026-08-27T01:41:20.928+0000] {processor.py:183} INFO - Processing /opt/airflow/dags/supermarket_etl_pipeline.py took 0.269 seconds
[2026-08-27T01:41:51.237+0000] {processor.py:161} INFO - Started process (PID=309) to work on /opt/airflow/dags/supermarket_etl_pipeline.py
[2026-08-27T01:41:51.238+0000] {processor.py:830} INFO - Processing file /opt/airflow/dags/supermarket_etl_pipeline.py for tasks to queue
[2026-08-27T01:41:51.240+0000] {logging_mixin.py:188} INFO - [2026-08-27T01:41:51.240+0000] {dagbag.py:538} INFO - Filling up the DagBag from /opt/airflow/dags/supermarket_etl_pipeline.py
[2026-08-27T01:41:51.457+0000] {processor.py:840} INFO - DAG(s) 'supermarket_etl_pipeline' retrieved from /opt/airflow/dags/supermarket_etl_pipeline.py
[2026-08-27T01:41:51.502+0000] {logging_mixin.py:188} INFO - [2026-08-27T01:41:51.501+0000] {dag.py:3036} INFO - Sync 1 DAGs
[2026-08-27T01:41:51.511+0000] {logging_mixin.py:188} INFO - [2026-08-27T01:41:51.511+0000] {dag.py:3823} INFO - Setting next_dagrun for supermarket_etl_pipeline to None, run_after=None
[2026-08-27T01:41:51.532+0000] {processor.py:183} INFO - Processing /opt/airflow/dags/supermarket_etl_pipeline.py took 0.298 seconds
[2026-08-27T01:42:21.810+0000] {processor.py:161} INFO - Started process (PID=315) to work on /opt/airflow/dags/supermarket_etl_pipeline.py
[2026-08-27T01:42:21.811+0000] {processor.py:830} INFO - Processing file /opt/airflow/dags/supermarket_etl_pipeline.py for tasks to queue
[2026-08-27T01:42:21.814+0000] {logging_mixin.py:188} INFO - [2026-08-27T01:42:21.813+0000] {dagbag.py:538} INFO - Filling up the DagBag from /opt/airflow/dags/supermarket_etl_pipeline.py
[2026-08-27T01:42:22.042+0000] {processor.py:840} INFO - DAG(s) 'supermarket_etl_pipeline' retrieved from /opt/airflow/dags/supermarket_etl_pipeline.py
[2026-08-27T01:42:22.064+0000] {logging_mixin.py:188} INFO - [2026-08-27T01:42:22.064+0000] {dag.py:3036} INFO - Sync 1 DAGs
[2026-08-27T01:42:22.075+0000] {logging_mixin.py:188} INFO - [2026-08-27T01:42:22.074+0000] {dag.py:3823} INFO - Setting next_dagrun for supermarket_etl_pipeline to None, run_after=None
[2026-08-27T01:42:22.091+0000] {processor.py:183} INFO - Processing /opt/airflow/dags/supermarket_etl_pipeline.py took 0.284 seconds
[2026-08-27T01:42:52.462+0000] {processor.py:161} INFO - Started process (PID=321) to work on /opt/airflow/dags/supermarket_etl_pipeline.py
[2026-08-27T01:42:52.464+0000] {processor.py:830} INFO - Processing file /opt/airflow/dags/supermarket_etl_pipeline.py for tasks to queue
[2026-08-27T01:42:52.466+0000] {logging_mixin.py:188} INFO - [2026-08-27T01:42:52.466+0000] {dagbag.py:538} INFO - Filling up the DagBag from /opt/airflow/dags/supermarket_etl_pipeline.py
[2026-08-27T01:42:52.716+0000] {processor.py:840} INFO - DAG(s) 'supermarket_etl_pipeline' retrieved from /opt/airflow/dags/supermarket_etl_pipeline.py
[2026-08-27T01:42:52.742+0000] {logging_mixin.py:188} INFO - [2026-08-27T01:42:52.741+0000] {dag.py:3036} INFO - Sync 1 DAGs
[2026-08-27T01:42:52.752+0000] {logging_mixin.py:188} INFO - [2026-08-27T01:42:52.752+0000] {dag.py:3823} INFO - Setting next_dagrun for supermarket_etl_pipeline to None, run_after=None
[2026-08-27T01:42:52.771+0000] {processor.py:183} INFO - Processing /opt/airflow/dags/supermarket_etl_pipeline.py took 0.311 seconds
[2026-08-27T01:43:23.157+0000] {processor.py:161} INFO - Started process (PID=327) to work on /opt/airflow/dags/supermarket_etl_pipeline.py
[2026-08-27T01:43:23.160+0000] {processor.py:830} INFO - Processing file /opt/airflow/dags/supermarket_etl_pipeline.py for tasks to queue
[2026-08-27T01:43:23.162+0000] {logging_mixin.py:188} INFO - [2026-08-27T01:43:23.161+0000] {dagbag.py:538} INFO - Filling up the DagBag from /opt/airflow/dags/supermarket_etl_pipeline.py
[2026-08-27T01:43:23.450+0000] {processor.py:840} INFO - DAG(s) 'supermarket_etl_pipeline' retrieved from /opt/airflow/dags/supermarket_etl_pipeline.py
[2026-08-27T01:43:23.472+0000] {logging_mixin.py:188} INFO - [2026-08-27T01:43:23.472+0000] {dag.py:3036} INFO - Sync 1 DAGs
[2026-08-27T01:43:23.482+0000] {logging_mixin.py:188} INFO - [2026-08-27T01:43:23.482+0000] {dag.py:3823} INFO - Setting next_dagrun for supermarket_etl_pipeline to None, run_after=None
[2026-08-27T01:43:23.504+0000] {processor.py:183} INFO - Processing /opt/airflow/dags/supermarket_etl_pipeline.py took 0.350 seconds
[2026-08-27T01:43:53.850+0000] {processor.py:161} INFO - Started process (PID=333) to work on /opt/airflow/dags/supermarket_etl_pipeline.py
[2026-08-27T01:43:53.853+0000] {processor.py:830} INFO - Processing file /opt/airflow/dags/supermarket_etl_pipeline.py for tasks to queue
[2026-08-27T01:43:53.856+0000] {logging_mixin.py:188} INFO - [2026-08-27T01:43:53.856+0000] {dagbag.py:538} INFO - Filling up the DagBag from /opt/airflow/dags/supermarket_etl_pipeline.py
[2026-08-27T01:43:54.105+0000] {processor.py:840} INFO - DAG(s) 'supermarket_etl_pipeline' retrieved from /opt/airflow/dags/supermarket_etl_pipeline.py
[2026-08-27T01:43:54.128+0000] {logging_mixin.py:188} INFO - [2026-08-27T01:43:54.127+0000] {dag.py:3036} INFO - Sync 1 DAGs
[2026-08-27T01:43:54.137+0000] {logging_mixin.py:188} INFO - [2026-08-27T01:43:54.137+0000] {dag.py:3823} INFO - Setting next_dagrun for supermarket_etl_pipeline to None, run_after=None
[2026-08-27T01:43:54.156+0000] {processor.py:183} INFO - Processing /opt/airflow/dags/supermarket_etl_pipeline.py took 0.311 seconds
[2026-08-27T01:44:24.502+0000] {processor.py:161} INFO - Started process (PID=339) to work on /opt/airflow/dags/supermarket_etl_pipeline.py
[2026-08-27T01:44:24.503+0000] {processor.py:830} INFO - Processing file /opt/airflow/dags/supermarket_etl_pipeline.py for tasks to queue
[2026-08-27T01:44:24.505+0000] {logging_mixin.py:188} INFO - [2026-08-27T01:44:24.504+0000] {dagbag.py:538} INFO - Filling up the DagBag from /opt/airflow/dags/supermarket_etl_pipeline.py
[2026-08-27T01:44:24.701+0000] {processor.py:840} INFO - DAG(s) 'supermarket_etl_pipeline' retrieved from /opt/airflow/dags/supermarket_etl_pipeline.py
[2026-08-27T01:44:24.723+0000] {logging_mixin.py:188} INFO - [2026-08-27T01:44:24.723+0000] {dag.py:3036} INFO - Sync 1 DAGs
[2026-08-27T01:44:24.733+0000] {logging_mixin.py:188} INFO - [2026-08-27T01:44:24.733+0000] {dag.py:3823} INFO - Setting next_dagrun for supermarket_etl_pipeline to None, run_after=None
[2026-08-27T01:44:24.757+0000] {processor.py:183} INFO - Processing /opt/airflow/dags/supermarket_etl_pipeline.py took 0.258 seconds
[2026-08-27T01:44:55.138+0000] {processor.py:161} INFO - Started process (PID=345) to work on /opt/airflow/dags/supermarket_etl_pipeline.py
[2026-08-27T01:44:55.140+0000] {processor.py:830} INFO - Processing file /opt/airflow/dags/supermarket_etl_pipeline.py for tasks to queue
[2026-08-27T01:44:55.142+0000] {logging_mixin.py:188} INFO - [2026-08-27T01:44:55.142+0000] {dagbag.py:538} INFO - Filling up the DagBag from /opt/airflow/dags/supermarket_etl_pipeline.py
[2026-08-27T01:44:55.356+0000] {processor.py:840} INFO - DAG(s) 'supermarket_etl_pipeline' retrieved from /opt/airflow/dags/supermarket_etl_pipeline.py
[2026-08-27T01:44:55.379+0000] {logging_mixin.py:188} INFO - [2026-08-27T01:44:55.378+0000] {dag.py:3036} INFO - Sync 1 DAGs
[2026-08-27T01:44:55.389+0000] {logging_mixin.py:188} INFO - [2026-08-27T01:44:55.389+0000] {dag.py:3823} INFO - Setting next_dagrun for supermarket_etl_pipeline to None, run_after=None
[2026-08-27T01:44:55.407+0000] {processor.py:183} INFO - Processing /opt/airflow/dags/supermarket_etl_pipeline.py took 0.271 seconds
[2026-08-27T01:45:25.503+0000] {processor.py:161} INFO - Started process (PID=351) to work on /opt/airflow/dags/supermarket_etl_pipeline.py
[2026-08-27T01:45:25.504+0000] {processor.py:830} INFO - Processing file /opt/airflow/dags/supermarket_etl_pipeline.py for tasks to queue
[2026-08-27T01:45:25.506+0000] {logging_mixin.py:188} INFO - [2026-08-27T01:45:25.505+0000] {dagbag.py:538} INFO - Filling up the DagBag from /opt/airflow/dags/supermarket_etl_pipeline.py
[2026-08-27T01:45:25.687+0000] {processor.py:840} INFO - DAG(s) 'supermarket_etl_pipeline' retrieved from /opt/airflow/dags/supermarket_etl_pipeline.py
[2026-08-27T01:45:25.708+0000] {logging_mixin.py:188} INFO - [2026-08-27T01:45:25.708+0000] {dag.py:3036} INFO - Sync 1 DAGs
[2026-08-27T01:45:25.720+0000] {logging_mixin.py:188} INFO - [2026-08-27T01:45:25.719+0000] {dag.py:3823} INFO - Setting next_dagrun for supermarket_etl_pipeline to None, run_after=None
[2026-08-27T01:45:25.738+0000] {processor.py:183} INFO - Processing /opt/airflow/dags/supermarket_etl_pipeline.py took 0.236 seconds
[2026-08-27T01:45:56.061+0000] {processor.py:161} INFO - Started process (PID=357) to work on /opt/airflow/dags/supermarket_etl_pipeline.py
[2026-08-27T01:45:56.063+0000] {processor.py:830} INFO - Processing file /opt/airflow/dags/supermarket_etl_pipeline.py for tasks to queue
[2026-08-27T01:45:56.066+0000] {logging_mixin.py:188} INFO - [2026-08-27T01:45:56.065+0000] {dagbag.py:538} INFO - Filling up the DagBag from /opt/airflow/dags/supermarket_etl_pipeline.py
[2026-08-27T01:45:56.317+0000] {processor.py:840} INFO - DAG(s) 'supermarket_etl_pipeline' retrieved from /opt/airflow/dags/supermarket_etl_pipeline.py
[2026-08-27T01:45:56.340+0000] {logging_mixin.py:188} INFO - [2026-08-27T01:45:56.340+0000] {dag.py:3036} INFO - Sync 1 DAGs
[2026-08-27T01:45:56.351+0000] {logging_mixin.py:188} INFO - [2026-08-27T01:45:56.351+0000] {dag.py:3823} INFO - Setting next_dagrun for supermarket_etl_pipeline to None, run_after=None
[2026-08-27T01:45:56.381+0000] {processor.py:183} INFO - Processing /opt/airflow/dags/supermarket_etl_pipeline.py took 0.325 seconds
[2026-08-27T01:46:26.777+0000] {processor.py:161} INFO - Started process (PID=363) to work on /opt/airflow/dags/supermarket_etl_pipeline.py
[2026-08-27T01:46:26.779+0000] {processor.py:830} INFO - Processing file /opt/airflow/dags/supermarket_etl_pipeline.py for tasks to queue
[2026-08-27T01:46:26.781+0000] {logging_mixin.py:188} INFO - [2026-08-27T01:46:26.781+0000] {dagbag.py:538} INFO - Filling up the DagBag from /opt/airflow/dags/supermarket_etl_pipeline.py
[2026-08-27T01:46:27.024+0000] {processor.py:840} INFO - DAG(s) 'supermarket_etl_pipeline' retrieved from /opt/airflow/dags/supermarket_etl_pipeline.py
[2026-08-27T01:46:27.046+0000] {logging_mixin.py:188} INFO - [2026-08-27T01:46:27.046+0000] {dag.py:3036} INFO - Sync 1 DAGs
[2026-08-27T01:46:27.057+0000] {logging_mixin.py:188} INFO - [2026-08-27T01:46:27.057+0000] {dag.py:3823} INFO - Setting next_dagrun for supermarket_etl_pipeline to None, run_after=None
[2026-08-27T01:46:27.077+0000] {processor.py:183} INFO - Processing /opt/airflow/dags/supermarket_etl_pipeline.py took 0.304 seconds
[2026-08-27T01:46:57.473+0000] {processor.py:161} INFO - Started process (PID=369) to work on /opt/airflow/dags/supermarket_etl_pipeline.py
[2026-08-27T01:46:57.475+0000] {processor.py:830} INFO - Processing file /opt/airflow/dags/supermarket_etl_pipeline.py for tasks to queue
[2026-08-27T01:46:57.476+0000] {logging_mixin.py:188} INFO - [2026-08-27T01:46:57.476+0000] {dagbag.py:538} INFO - Filling up the DagBag from /opt/airflow/dags/supermarket_etl_pipeline.py
[2026-08-27T01:46:57.696+0000] {processor.py:840} INFO - DAG(s) 'supermarket_etl_pipeline' retrieved from /opt/airflow/dags/supermarket_etl_pipeline.py
[2026-08-27T01:46:57.722+0000] {logging_mixin.py:188} INFO - [2026-08-27T01:46:57.721+0000] {dag.py:3036} INFO - Sync 1 DAGs
[2026-08-27T01:46:57.732+0000] {logging_mixin.py:188} INFO - [2026-08-27T01:46:57.732+0000] {dag.py:3823} INFO - Setting next_dagrun for supermarket_etl_pipeline to None, run_after=None
[2026-08-27T01:46:57.752+0000] {processor.py:183} INFO - Processing /opt/airflow/dags/supermarket_etl_pipeline.py took 0.282 seconds
[2026-08-27T01:47:28.129+0000] {processor.py:161} INFO - Started process (PID=375) to work on /opt/airflow/dags/supermarket_etl_pipeline.py
[2026-08-27T01:47:28.132+0000] {processor.py:830} INFO - Processing file /opt/airflow/dags/supermarket_etl_pipeline.py for tasks to queue
[2026-08-27T01:47:28.134+0000] {logging_mixin.py:188} INFO - [2026-08-27T01:47:28.133+0000] {dagbag.py:538} INFO - Filling up the DagBag from /opt/airflow/dags/supermarket_etl_pipeline.py
[2026-08-27T01:47:28.360+0000] {processor.py:840} INFO - DAG(s) 'supermarket_etl_pipeline' retrieved from /opt/airflow/dags/supermarket_etl_pipeline.py
[2026-08-27T01:47:28.382+0000] {logging_mixin.py:188} INFO - [2026-08-27T01:47:28.382+0000] {dag.py:3036} INFO - Sync 1 DAGs
[2026-08-27T01:47:28.392+0000] {logging_mixin.py:188} INFO - [2026-08-27T01:47:28.392+0000] {dag.py:3823} INFO - Setting next_dagrun for supermarket_etl_pipeline to None, run_after=None
[2026-08-27T01:47:28.411+0000] {processor.py:183} INFO - Processing /opt/airflow/dags/supermarket_etl_pipeline.py took 0.284 seconds
[2026-08-27T01:47:58.713+0000] {processor.py:161} INFO - Started process (PID=381) to work on /opt/airflow/dags/supermarket_etl_pipeline.py
[2026-08-27T01:47:58.715+0000] {processor.py:830} INFO - Processing file /opt/airflow/dags/supermarket_etl_pipeline.py for tasks to queue
[2026-08-27T01:47:58.717+0000] {logging_mixin.py:188} INFO - [2026-08-27T01:47:58.716+0000] {dagbag.py:538} INFO - Filling up the DagBag from /opt/airflow/dags/supermarket_etl_pipeline.py
[2026-08-27T01:47:58.937+0000] {processor.py:840} INFO - DAG(s) 'supermarket_etl_pipeline' retrieved from /opt/airflow/dags/supermarket_etl_pipeline.py
[2026-08-27T01:47:58.959+0000] {logging_mixin.py:188} INFO - [2026-08-27T01:47:58.958+0000] {dag.py:3036} INFO - Sync 1 DAGs
[2026-08-27T01:47:58.968+0000] {logging_mixin.py:188} INFO - [2026-08-27T01:47:58.968+0000] {dag.py:3823} INFO - Setting next_dagrun for supermarket_etl_pipeline to None, run_after=None
[2026-08-27T01:47:58.986+0000] {processor.py:183} INFO - Processing /opt/airflow/dags/supermarket_etl_pipeline.py took 0.277 seconds
[2026-08-27T01:48:29.280+0000] {processor.py:161} INFO - Started process (PID=387) to work on /opt/airflow/dags/supermarket_etl_pipeline.py
[2026-08-27T01:48:29.281+0000] {processor.py:830} INFO - Processing file /opt/airflow/dags/supermarket_etl_pipeline.py for tasks to queue
[2026-08-27T01:48:29.283+0000] {logging_mixin.py:188} INFO - [2026-08-27T01:48:29.283+0000] {dagbag.py:538} INFO - Filling up the DagBag from /opt/airflow/dags/supermarket_etl_pipeline.py
[2026-08-27T01:48:29.503+0000] {processor.py:840} INFO - DAG(s) 'supermarket_etl_pipeline' retrieved from /opt/airflow/dags/supermarket_etl_pipeline.py
[2026-08-27T01:48:29.525+0000] {logging_mixin.py:188} INFO - [2026-08-27T01:48:29.525+0000] {dag.py:3036} INFO - Sync 1 DAGs
[2026-08-27T01:48:29.535+0000] {logging_mixin.py:188} INFO - [2026-08-27T01:48:29.535+0000] {dag.py:3823} INFO - Setting next_dagrun for supermarket_etl_pipeline to None, run_after=None
[2026-08-27T01:48:29.555+0000] {processor.py:183} INFO - Processing /opt/airflow/dags/supermarket_etl_pipeline.py took 0.278 seconds
[2026-08-27T01:48:59.918+0000] {processor.py:161} INFO - Started process (PID=393) to work on /opt/airflow/dags/supermarket_etl_pipeline.py
[2026-08-27T01:48:59.920+0000] {processor.py:830} INFO - Processing file /opt/airflow/dags/supermarket_etl_pipeline.py for tasks to queue
[2026-08-27T01:48:59.922+0000] {logging_mixin.py:188} INFO - [2026-08-27T01:48:59.921+0000] {dagbag.py:538} INFO - Filling up the DagBag from /opt/airflow/dags/supermarket_etl_pipeline.py
[2026-08-27T01:49:00.133+0000] {processor.py:840} INFO - DAG(s) 'supermarket_etl_pipeline' retrieved from /opt/airflow/dags/supermarket_etl_pipeline.py
[2026-08-27T01:49:00.155+0000] {logging_mixin.py:188} INFO - [2026-08-27T01:49:00.155+0000] {dag.py:3036} INFO - Sync 1 DAGs
[2026-08-27T01:49:00.169+0000] {logging_mixin.py:188} INFO - [2026-08-27T01:49:00.169+0000] {dag.py:3823} INFO - Setting next_dagrun for supermarket_etl_pipeline to None, run_after=None
[2026-08-27T01:49:00.187+0000] {processor.py:183} INFO - Processing /opt/airflow/dags/supermarket_etl_pipeline.py took 0.271 seconds
[2026-08-27T01:49:30.258+0000] {processor.py:161} INFO - Started process (PID=399) to work on /opt/airflow/dags/supermarket_etl_pipeline.py
[2026-08-27T01:49:30.259+0000] {processor.py:830} INFO - Processing file /opt/airflow/dags/supermarket_etl_pipeline.py for tasks to queue
[2026-08-27T01:49:30.261+0000] {logging_mixin.py:188} INFO - [2026-08-27T01:49:30.261+0000] {dagbag.py:538} INFO - Filling up the DagBag from /opt/airflow/dags/supermarket_etl_pipeline.py
[2026-08-27T01:49:30.479+0000] {processor.py:840} INFO - DAG(s) 'supermarket_etl_pipeline' retrieved from /opt/airflow/dags/supermarket_etl_pipeline.py
[2026-08-27T01:49:30.504+0000] {logging_mixin.py:188} INFO - [2026-08-27T01:49:30.504+0000] {dag.py:3036} INFO - Sync 1 DAGs
[2026-08-27T01:49:30.515+0000] {logging_mixin.py:188} INFO - [2026-08-27T01:49:30.514+0000] {dag.py:3823} INFO - Setting next_dagrun for supermarket_etl_pipeline to None, run_after=None
[2026-08-27T01:49:30.535+0000] {processor.py:183} INFO - Processing /opt/airflow/dags/supermarket_etl_pipeline.py took 0.278 seconds
[2026-08-27T01:50:00.795+0000] {processor.py:161} INFO - Started process (PID=405) to work on /opt/airflow/dags/supermarket_etl_pipeline.py
[2026-08-27T01:50:00.797+0000] {processor.py:830} INFO - Processing file /opt/airflow/dags/supermarket_etl_pipeline.py for tasks to queue
[2026-08-27T01:50:00.798+0000] {logging_mixin.py:188} INFO - [2026-08-27T01:50:00.798+0000] {dagbag.py:538} INFO - Filling up the DagBag from /opt/airflow/dags/supermarket_etl_pipeline.py
[2026-08-27T01:50:01.023+0000] {processor.py:840} INFO - DAG(s) 'supermarket_etl_pipeline' retrieved from /opt/airflow/dags/supermarket_etl_pipeline.py
[2026-08-27T01:50:01.046+0000] {logging_mixin.py:188} INFO - [2026-08-27T01:50:01.046+0000] {dag.py:3036} INFO - Sync 1 DAGs
[2026-08-27T01:50:01.055+0000] {logging_mixin.py:188} INFO - [2026-08-27T01:50:01.055+0000] {dag.py:3823} INFO - Setting next_dagrun for supermarket_etl_pipeline to None, run_after=None
[2026-08-27T01:50:01.075+0000] {processor.py:183} INFO - Processing /opt/airflow/dags/supermarket_etl_pipeline.py took 0.283 seconds
[2026-08-27T01:50:31.433+0000] {processor.py:161} INFO - Started process (PID=411) to work on /opt/airflow/dags/supermarket_etl_pipeline.py
[2026-08-27T01:50:31.435+0000] {processor.py:830} INFO - Processing file /opt/airflow/dags/supermarket_etl_pipeline.py for tasks to queue
[2026-08-27T01:50:31.437+0000] {logging_mixin.py:188} INFO - [2026-08-27T01:50:31.437+0000] {dagbag.py:538} INFO - Filling up the DagBag from /opt/airflow/dags/supermarket_etl_pipeline.py
[2026-08-27T01:50:31.649+0000] {processor.py:840} INFO - DAG(s) 'supermarket_etl_pipeline' retrieved from /opt/airflow/dags/supermarket_etl_pipeline.py
[2026-08-27T01:50:31.671+0000] {logging_mixin.py:188} INFO - [2026-08-27T01:50:31.671+0000] {dag.py:3036} INFO - Sync 1 DAGs
[2026-08-27T01:50:31.683+0000] {logging_mixin.py:188} INFO - [2026-08-27T01:50:31.683+0000] {dag.py:3823} INFO - Setting next_dagrun for supermarket_etl_pipeline to None, run_after=None
[2026-08-27T01:50:31.705+0000] {processor.py:183} INFO - Processing /opt/airflow/dags/supermarket_etl_pipeline.py took 0.275 seconds
[2026-08-27T01:51:02.084+0000] {processor.py:161} INFO - Started process (PID=417) to work on /opt/airflow/dags/supermarket_etl_pipeline.py
[2026-08-27T01:51:02.086+0000] {processor.py:830} INFO - Processing file /opt/airflow/dags/supermarket_etl_pipeline.py for tasks to queue
[2026-08-27T01:51:02.088+0000] {logging_mixin.py:188} INFO - [2026-08-27T01:51:02.088+0000] {dagbag.py:538} INFO - Filling up the DagBag from /opt/airflow/dags/supermarket_etl_pipeline.py
[2026-08-27T01:51:02.293+0000] {processor.py:840} INFO - DAG(s) 'supermarket_etl_pipeline' retrieved from /opt/airflow/dags/supermarket_etl_pipeline.py
[2026-08-27T01:51:02.314+0000] {logging_mixin.py:188} INFO - [2026-08-27T01:51:02.313+0000] {dag.py:3036} INFO - Sync 1 DAGs
[2026-08-27T01:51:02.324+0000] {logging_mixin.py:188} INFO - [2026-08-27T01:51:02.324+0000] {dag.py:3823} INFO - Setting next_dagrun for supermarket_etl_pipeline to None, run_after=None
[2026-08-27T01:51:02.344+0000] {processor.py:183} INFO - Processing /opt/airflow/dags/supermarket_etl_pipeline.py took 0.265 seconds
[2026-08-27T01:51:32.418+0000] {processor.py:161} INFO - Started process (PID=423) to work on /opt/airflow/dags/supermarket_etl_pipeline.py
[2026-08-27T01:51:32.420+0000] {processor.py:830} INFO - Processing file /opt/airflow/dags/supermarket_etl_pipeline.py for tasks to queue
[2026-08-27T01:51:32.422+0000] {logging_mixin.py:188} INFO - [2026-08-27T01:51:32.421+0000] {dagbag.py:538} INFO - Filling up the DagBag from /opt/airflow/dags/supermarket_etl_pipeline.py
[2026-08-27T01:51:32.688+0000] {processor.py:840} INFO - DAG(s) 'supermarket_etl_pipeline' retrieved from /opt/airflow/dags/supermarket_etl_pipeline.py
[2026-08-27T01:51:32.710+0000] {logging_mixin.py:188} INFO - [2026-08-27T01:51:32.710+0000] {dag.py:3036} INFO - Sync 1 DAGs
[2026-08-27T01:51:32.720+0000] {logging_mixin.py:188} INFO - [2026-08-27T01:51:32.719+0000] {dag.py:3823} INFO - Setting next_dagrun for supermarket_etl_pipeline to None, run_after=None
[2026-08-27T01:51:32.738+0000] {processor.py:183} INFO - Processing /opt/airflow/dags/supermarket_etl_pipeline.py took 0.322 seconds
[2026-08-27T01:52:03.045+0000] {processor.py:161} INFO - Started process (PID=429) to work on /opt/airflow/dags/supermarket_etl_pipeline.py
[2026-08-27T01:52:03.046+0000] {processor.py:830} INFO - Processing file /opt/airflow/dags/supermarket_etl_pipeline.py for tasks to queue
[2026-08-27T01:52:03.047+0000] {logging_mixin.py:188} INFO - [2026-08-27T01:52:03.047+0000] {dagbag.py:538} INFO - Filling up the DagBag from /opt/airflow/dags/supermarket_etl_pipeline.py
[2026-08-27T01:52:03.277+0000] {processor.py:840} INFO - DAG(s) 'supermarket_etl_pipeline' retrieved from /opt/airflow/dags/supermarket_etl_pipeline.py
[2026-08-27T01:52:03.297+0000] {logging_mixin.py:188} INFO - [2026-08-27T01:52:03.297+0000] {dag.py:3036} INFO - Sync 1 DAGs
[2026-08-27T01:52:03.307+0000] {logging_mixin.py:188} INFO - [2026-08-27T01:52:03.307+0000] {dag.py:3823} INFO - Setting next_dagrun for supermarket_etl_pipeline to None, run_after=None
[2026-08-27T01:52:03.327+0000] {processor.py:183} INFO - Processing /opt/airflow/dags/supermarket_etl_pipeline.py took 0.284 seconds
[2026-08-27T01:52:33.678+0000] {processor.py:161} INFO - Started process (PID=435) to work on /opt/airflow/dags/supermarket_etl_pipeline.py
[2026-08-27T01:52:33.680+0000] {processor.py:830} INFO - Processing file /opt/airflow/dags/supermarket_etl_pipeline.py for tasks to queue
[2026-08-27T01:52:33.681+0000] {logging_mixin.py:188} INFO - [2026-08-27T01:52:33.681+0000] {dagbag.py:538} INFO - Filling up the DagBag from /opt/airflow/dags/supermarket_etl_pipeline.py
[2026-08-27T01:52:33.906+0000] {processor.py:840} INFO - DAG(s) 'supermarket_etl_pipeline' retrieved from /opt/airflow/dags/supermarket_etl_pipeline.py
[2026-08-27T01:52:33.928+0000] {logging_mixin.py:188} INFO - [2026-08-27T01:52:33.928+0000] {dag.py:3036} INFO - Sync 1 DAGs
[2026-08-27T01:52:33.940+0000] {logging_mixin.py:188} INFO - [2026-08-27T01:52:33.940+0000] {dag.py:3823} INFO - Setting next_dagrun for supermarket_etl_pipeline to None, run_after=None
[2026-08-27T01:52:33.964+0000] {processor.py:183} INFO - Processing /opt/airflow/dags/supermarket_etl_pipeline.py took 0.288 seconds
[2026-08-27T01:53:04.246+0000] {processor.py:161} INFO - Started process (PID=441) to work on /opt/airflow/dags/supermarket_etl_pipeline.py
[2026-08-27T01:53:04.247+0000] {processor.py:830} INFO - Processing file /opt/airflow/dags/supermarket_etl_pipeline.py for tasks to queue
[2026-08-27T01:53:04.248+0000] {logging_mixin.py:188} INFO - [2026-08-27T01:53:04.248+0000] {dagbag.py:538} INFO - Filling up the DagBag from /opt/airflow/dags/supermarket_etl_pipeline.py
[2026-08-27T01:53:04.586+0000] {processor.py:840} INFO - DAG(s) 'supermarket_etl_pipeline' retrieved from /opt/airflow/dags/supermarket_etl_pipeline.py
[2026-08-27T01:53:04.610+0000] {logging_mixin.py:188} INFO - [2026-08-27T01:53:04.610+0000] {dag.py:3036} INFO - Sync 1 DAGs
[2026-08-27T01:53:04.620+0000] {logging_mixin.py:188} INFO - [2026-08-27T01:53:04.620+0000] {dag.py:3823} INFO - Setting next_dagrun for supermarket_etl_pipeline to None, run_after=None
[2026-08-27T01:53:04.639+0000] {processor.py:183} INFO - Processing /opt/airflow/dags/supermarket_etl_pipeline.py took 0.396 seconds
[2026-08-27T01:53:35.064+0000] {processor.py:161} INFO - Started process (PID=447) to work on /opt/airflow/dags/supermarket_etl_pipeline.py
[2026-08-27T01:53:35.065+0000] {processor.py:830} INFO - Processing file /opt/airflow/dags/supermarket_etl_pipeline.py for tasks to queue
[2026-08-27T01:53:35.067+0000] {logging_mixin.py:188} INFO - [2026-08-27T01:53:35.067+0000] {dagbag.py:538} INFO - Filling up the DagBag from /opt/airflow/dags/supermarket_etl_pipeline.py
[2026-08-27T01:53:35.284+0000] {processor.py:840} INFO - DAG(s) 'supermarket_etl_pipeline' retrieved from /opt/airflow/dags/supermarket_etl_pipeline.py
[2026-08-27T01:53:35.305+0000] {logging_mixin.py:188} INFO - [2026-08-27T01:53:35.305+0000] {dag.py:3036} INFO - Sync 1 DAGs
[2026-08-27T01:53:35.315+0000] {logging_mixin.py:188} INFO - [2026-08-27T01:53:35.314+0000] {dag.py:3823} INFO - Setting next_dagrun for supermarket_etl_pipeline to None, run_after=None
[2026-08-27T01:53:35.340+0000] {processor.py:183} INFO - Processing /opt/airflow/dags/supermarket_etl_pipeline.py took 0.280 seconds
[2026-08-27T01:54:05.647+0000] {processor.py:161} INFO - Started process (PID=453) to work on /opt/airflow/dags/supermarket_etl_pipeline.py
[2026-08-27T01:54:05.648+0000] {processor.py:830} INFO - Processing file /opt/airflow/dags/supermarket_etl_pipeline.py for tasks to queue
[2026-08-27T01:54:05.649+0000] {logging_mixin.py:188} INFO - [2026-08-27T01:54:05.649+0000] {dagbag.py:538} INFO - Filling up the DagBag from /opt/airflow/dags/supermarket_etl_pipeline.py
[2026-08-27T01:54:05.862+0000] {processor.py:840} INFO - DAG(s) 'supermarket_etl_pipeline' retrieved from /opt/airflow/dags/supermarket_etl_pipeline.py
[2026-08-27T01:54:05.887+0000] {logging_mixin.py:188} INFO - [2026-08-27T01:54:05.887+0000] {dag.py:3036} INFO - Sync 1 DAGs
[2026-08-27T01:54:05.897+0000] {logging_mixin.py:188} INFO - [2026-08-27T01:54:05.897+0000] {dag.py:3823} INFO - Setting next_dagrun for supermarket_etl_pipeline to None, run_after=None
[2026-08-27T01:54:05.916+0000] {processor.py:183} INFO - Processing /opt/airflow/dags/supermarket_etl_pipeline.py took 0.272 seconds
[2026-08-27T01:54:35.969+0000] {processor.py:161} INFO - Started process (PID=459) to work on /opt/airflow/dags/supermarket_etl_pipeline.py
[2026-08-27T01:54:35.970+0000] {processor.py:830} INFO - Processing file /opt/airflow/dags/supermarket_etl_pipeline.py for tasks to queue
[2026-08-27T01:54:35.971+0000] {logging_mixin.py:188} INFO - [2026-08-27T01:54:35.971+0000] {dagbag.py:538} INFO - Filling up the DagBag from /opt/airflow/dags/supermarket_etl_pipeline.py
[2026-08-27T01:54:36.155+0000] {processor.py:840} INFO - DAG(s) 'supermarket_etl_pipeline' retrieved from /opt/airflow/dags/supermarket_etl_pipeline.py
[2026-08-27T01:54:36.177+0000] {logging_mixin.py:188} INFO - [2026-08-27T01:54:36.176+0000] {dag.py:3036} INFO - Sync 1 DAGs
[2026-08-27T01:54:36.187+0000] {logging_mixin.py:188} INFO - [2026-08-27T01:54:36.187+0000] {dag.py:3823} INFO - Setting next_dagrun for supermarket_etl_pipeline to None, run_after=None
[2026-08-27T01:54:36.205+0000] {processor.py:183} INFO - Processing /opt/airflow/dags/supermarket_etl_pipeline.py took 0.238 seconds
[2026-08-27T01:55:06.343+0000] {processor.py:161} INFO - Started process (PID=465) to work on /opt/airflow/dags/supermarket_etl_pipeline.py
[2026-08-27T01:55:06.350+0000] {processor.py:830} INFO - Processing file /opt/airflow/dags/supermarket_etl_pipeline.py for tasks to queue
[2026-08-27T01:55:06.354+0000] {logging_mixin.py:188} INFO - [2026-08-27T01:55:06.354+0000] {dagbag.py:538} INFO - Filling up the DagBag from /opt/airflow/dags/supermarket_etl_pipeline.py
[2026-08-27T01:55:06.561+0000] {processor.py:840} INFO - DAG(s) 'supermarket_etl_pipeline' retrieved from /opt/airflow/dags/supermarket_etl_pipeline.py
[2026-08-27T01:55:06.582+0000] {logging_mixin.py:188} INFO - [2026-08-27T01:55:06.581+0000] {dag.py:3036} INFO - Sync 1 DAGs
[2026-08-27T01:55:06.597+0000] {logging_mixin.py:188} INFO - [2026-08-27T01:55:06.597+0000] {dag.py:3823} INFO - Setting next_dagrun for supermarket_etl_pipeline to None, run_after=None
[2026-08-27T01:55:06.621+0000] {processor.py:183} INFO - Processing /opt/airflow/dags/supermarket_etl_pipeline.py took 0.281 seconds
[2026-08-27T01:55:36.893+0000] {processor.py:161} INFO - Started process (PID=471) to work on /opt/airflow/dags/supermarket_etl_pipeline.py
[2026-08-27T01:55:36.895+0000] {processor.py:830} INFO - Processing file /opt/airflow/dags/supermarket_etl_pipeline.py for tasks to queue
[2026-08-27T01:55:36.897+0000] {logging_mixin.py:188} INFO - [2026-08-27T01:55:36.897+0000] {dagbag.py:538} INFO - Filling up the DagBag from /opt/airflow/dags/supermarket_etl_pipeline.py
[2026-08-27T01:55:37.145+0000] {processor.py:840} INFO - DAG(s) 'supermarket_etl_pipeline' retrieved from /opt/airflow/dags/supermarket_etl_pipeline.py
[2026-08-27T01:55:37.165+0000] {logging_mixin.py:188} INFO - [2026-08-27T01:55:37.164+0000] {dag.py:3036} INFO - Sync 1 DAGs
[2026-08-27T01:55:37.174+0000] {logging_mixin.py:188} INFO - [2026-08-27T01:55:37.174+0000] {dag.py:3823} INFO - Setting next_dagrun for supermarket_etl_pipeline to None, run_after=None
[2026-08-27T01:55:37.194+0000] {processor.py:183} INFO - Processing /opt/airflow/dags/supermarket_etl_pipeline.py took 0.302 seconds
[2026-08-27T01:56:07.488+0000] {processor.py:161} INFO - Started process (PID=477) to work on /opt/airflow/dags/supermarket_etl_pipeline.py
[2026-08-27T01:56:07.489+0000] {processor.py:830} INFO - Processing file /opt/airflow/dags/supermarket_etl_pipeline.py for tasks to queue
[2026-08-27T01:56:07.491+0000] {logging_mixin.py:188} INFO - [2026-08-27T01:56:07.491+0000] {dagbag.py:538} INFO - Filling up the DagBag from /opt/airflow/dags/supermarket_etl_pipeline.py
[2026-08-27T01:56:07.735+0000] {processor.py:840} INFO - DAG(s) 'supermarket_etl_pipeline' retrieved from /opt/airflow/dags/supermarket_etl_pipeline.py
[2026-08-27T01:56:07.759+0000] {logging_mixin.py:188} INFO - [2026-08-27T01:56:07.758+0000] {dag.py:3036} INFO - Sync 1 DAGs
[2026-08-27T01:56:07.769+0000] {logging_mixin.py:188} INFO - [2026-08-27T01:56:07.769+0000] {dag.py:3823} INFO - Setting next_dagrun for supermarket_etl_pipeline to None, run_after=None
[2026-08-27T01:56:07.792+0000] {processor.py:183} INFO - Processing /opt/airflow/dags/supermarket_etl_pipeline.py took 0.307 seconds
[2026-08-27T01:56:38.084+0000] {processor.py:161} INFO - Started process (PID=483) to work on /opt/airflow/dags/supermarket_etl_pipeline.py
[2026-08-27T01:56:38.086+0000] {processor.py:830} INFO - Processing file /opt/airflow/dags/supermarket_etl_pipeline.py for tasks to queue
[2026-08-27T01:56:38.088+0000] {logging_mixin.py:188} INFO - [2026-08-27T01:56:38.088+0000] {dagbag.py:538} INFO - Filling up the DagBag from /opt/airflow/dags/supermarket_etl_pipeline.py
[2026-08-27T01:56:38.331+0000] {processor.py:840} INFO - DAG(s) 'supermarket_etl_pipeline' retrieved from /opt/airflow/dags/supermarket_etl_pipeline.py
[2026-08-27T01:56:38.352+0000] {logging_mixin.py:188} INFO - [2026-08-27T01:56:38.352+0000] {dag.py:3036} INFO - Sync 1 DAGs
[2026-08-27T01:56:38.364+0000] {logging_mixin.py:188} INFO - [2026-08-27T01:56:38.364+0000] {dag.py:3823} INFO - Setting next_dagrun for supermarket_etl_pipeline to None, run_after=None
[2026-08-27T01:56:38.384+0000] {processor.py:183} INFO - Processing /opt/airflow/dags/supermarket_etl_pipeline.py took 0.303 seconds
[2026-08-27T01:57:08.718+0000] {processor.py:161} INFO - Started process (PID=489) to work on /opt/airflow/dags/supermarket_etl_pipeline.py
[2026-08-27T01:57:08.720+0000] {processor.py:830} INFO - Processing file /opt/airflow/dags/supermarket_etl_pipeline.py for tasks to queue
[2026-08-27T01:57:08.722+0000] {logging_mixin.py:188} INFO - [2026-08-27T01:57:08.722+0000] {dagbag.py:538} INFO - Filling up the DagBag from /opt/airflow/dags/supermarket_etl_pipeline.py
[2026-08-27T01:57:08.939+0000] {processor.py:840} INFO - DAG(s) 'supermarket_etl_pipeline' retrieved from /opt/airflow/dags/supermarket_etl_pipeline.py
[2026-08-27T01:57:08.960+0000] {logging_mixin.py:188} INFO - [2026-08-27T01:57:08.960+0000] {dag.py:3036} INFO - Sync 1 DAGs
[2026-08-27T01:57:08.969+0000] {logging_mixin.py:188} INFO - [2026-08-27T01:57:08.969+0000] {dag.py:3823} INFO - Setting next_dagrun for supermarket_etl_pipeline to None, run_after=None
[2026-08-27T01:57:08.991+0000] {processor.py:183} INFO - Processing /opt/airflow/dags/supermarket_etl_pipeline.py took 0.276 seconds
[2026-08-27T01:57:39.303+0000] {processor.py:161} INFO - Started process (PID=495) to work on /opt/airflow/dags/supermarket_etl_pipeline.py
[2026-08-27T01:57:39.305+0000] {processor.py:830} INFO - Processing file /opt/airflow/dags/supermarket_etl_pipeline.py for tasks to queue
[2026-08-27T01:57:39.308+0000] {logging_mixin.py:188} INFO - [2026-08-27T01:57:39.308+0000] {dagbag.py:538} INFO - Filling up the DagBag from /opt/airflow/dags/supermarket_etl_pipeline.py
[2026-08-27T01:57:39.518+0000] {processor.py:840} INFO - DAG(s) 'supermarket_etl_pipeline' retrieved from /opt/airflow/dags/supermarket_etl_pipeline.py
[2026-08-27T01:57:39.541+0000] {logging_mixin.py:188} INFO - [2026-08-27T01:57:39.541+0000] {dag.py:3036} INFO - Sync 1 DAGs
[2026-08-27T01:57:39.550+0000] {logging_mixin.py:188} INFO - [2026-08-27T01:57:39.550+0000] {dag.py:3823} INFO - Setting next_dagrun for supermarket_etl_pipeline to None, run_after=None
[2026-08-27T01:57:39.568+0000] {processor.py:183} INFO - Processing /opt/airflow/dags/supermarket_etl_pipeline.py took 0.268 seconds
[2026-08-27T01:58:09.904+0000] {processor.py:161} INFO - Started process (PID=501) to work on /opt/airflow/dags/supermarket_etl_pipeline.py
[2026-08-27T01:58:09.906+0000] {processor.py:830} INFO - Processing file /opt/airflow/dags/supermarket_etl_pipeline.py for tasks to queue
[2026-08-27T01:58:09.908+0000] {logging_mixin.py:188} INFO - [2026-08-27T01:58:09.908+0000] {dagbag.py:538} INFO - Filling up the DagBag from /opt/airflow/dags/supermarket_etl_pipeline.py
[2026-08-27T01:58:10.139+0000] {processor.py:840} INFO - DAG(s) 'supermarket_etl_pipeline' retrieved from /opt/airflow/dags/supermarket_etl_pipeline.py
[2026-08-27T01:58:10.164+0000] {logging_mixin.py:188} INFO - [2026-08-27T01:58:10.163+0000] {dag.py:3036} INFO - Sync 1 DAGs
[2026-08-27T01:58:10.176+0000] {logging_mixin.py:188} INFO - [2026-08-27T01:58:10.176+0000] {dag.py:3823} INFO - Setting next_dagrun for supermarket_etl_pipeline to None, run_after=None
[2026-08-27T01:58:10.208+0000] {processor.py:183} INFO - Processing /opt/airflow/dags/supermarket_etl_pipeline.py took 0.307 seconds
[2026-08-27T01:58:40.617+0000] {processor.py:161} INFO - Started process (PID=507) to work on /opt/airflow/dags/supermarket_etl_pipeline.py
[2026-08-27T01:58:40.619+0000] {processor.py:830} INFO - Processing file /opt/airflow/dags/supermarket_etl_pipeline.py for tasks to queue
[2026-08-27T01:58:40.621+0000] {logging_mixin.py:188} INFO - [2026-08-27T01:58:40.621+0000] {dagbag.py:538} INFO - Filling up the DagBag from /opt/airflow/dags/supermarket_etl_pipeline.py
[2026-08-27T01:58:40.855+0000] {processor.py:840} INFO - DAG(s) 'supermarket_etl_pipeline' retrieved from /opt/airflow/dags/supermarket_etl_pipeline.py
[2026-08-27T01:58:40.879+0000] {logging_mixin.py:188} INFO - [2026-08-27T01:58:40.878+0000] {dag.py:3036} INFO - Sync 1 DAGs
[2026-08-27T01:58:40.890+0000] {logging_mixin.py:188} INFO - [2026-08-27T01:58:40.890+0000] {dag.py:3823} INFO - Setting next_dagrun for supermarket_etl_pipeline to None, run_after=None
[2026-08-27T01:58:40.909+0000] {processor.py:183} INFO - Processing /opt/airflow/dags/supermarket_etl_pipeline.py took 0.295 seconds
[2026-08-27T01:59:11.348+0000] {processor.py:161} INFO - Started process (PID=513) to work on /opt/airflow/dags/supermarket_etl_pipeline.py
[2026-08-27T01:59:11.352+0000] {processor.py:830} INFO - Processing file /opt/airflow/dags/supermarket_etl_pipeline.py for tasks to queue
[2026-08-27T01:59:11.354+0000] {logging_mixin.py:188} INFO - [2026-08-27T01:59:11.353+0000] {dagbag.py:538} INFO - Filling up the DagBag from /opt/airflow/dags/supermarket_etl_pipeline.py
[2026-08-27T01:59:11.572+0000] {processor.py:840} INFO - DAG(s) 'supermarket_etl_pipeline' retrieved from /opt/airflow/dags/supermarket_etl_pipeline.py
[2026-08-27T01:59:11.600+0000] {logging_mixin.py:188} INFO - [2026-08-27T01:59:11.599+0000] {dag.py:3036} INFO - Sync 1 DAGs
[2026-08-27T01:59:11.611+0000] {logging_mixin.py:188} INFO - [2026-08-27T01:59:11.610+0000] {dag.py:3823} INFO - Setting next_dagrun for supermarket_etl_pipeline to None, run_after=None
[2026-08-27T01:59:11.630+0000] {processor.py:183} INFO - Processing /opt/airflow/dags/supermarket_etl_pipeline.py took 0.285 seconds
[2026-08-27T01:59:41.954+0000] {processor.py:161} INFO - Started process (PID=519) to work on /opt/airflow/dags/supermarket_etl_pipeline.py
[2026-08-27T01:59:41.956+0000] {processor.py:830} INFO - Processing file /opt/airflow/dags/supermarket_etl_pipeline.py for tasks to queue
[2026-08-27T01:59:41.958+0000] {logging_mixin.py:188} INFO - [2026-08-27T01:59:41.957+0000] {dagbag.py:538} INFO - Filling up the DagBag from /opt/airflow/dags/supermarket_etl_pipeline.py
[2026-08-27T01:59:42.212+0000] {processor.py:840} INFO - DAG(s) 'supermarket_etl_pipeline' retrieved from /opt/airflow/dags/supermarket_etl_pipeline.py
[2026-08-27T01:59:42.232+0000] {logging_mixin.py:188} INFO - [2026-08-27T01:59:42.232+0000] {dag.py:3036} INFO - Sync 1 DAGs
[2026-08-27T01:59:42.242+0000] {logging_mixin.py:188} INFO - [2026-08-27T01:59:42.242+0000] {dag.py:3823} INFO - Setting next_dagrun for supermarket_etl_pipeline to None, run_after=None
[2026-08-27T01:59:42.263+0000] {processor.py:183} INFO - Processing /opt/airflow/dags/supermarket_etl_pipeline.py took 0.312 seconds
[2026-08-27T02:00:12.590+0000] {processor.py:161} INFO - Started process (PID=525) to work on /opt/airflow/dags/supermarket_etl_pipeline.py
[2026-08-27T02:00:12.592+0000] {processor.py:830} INFO - Processing file /opt/airflow/dags/supermarket_etl_pipeline.py for tasks to queue
[2026-08-27T02:00:12.594+0000] {logging_mixin.py:188} INFO - [2026-08-27T02:00:12.594+0000] {dagbag.py:538} INFO - Filling up the DagBag from /opt/airflow/dags/supermarket_etl_pipeline.py
[2026-08-27T02:00:12.802+0000] {processor.py:840} INFO - DAG(s) 'supermarket_etl_pipeline' retrieved from /opt/airflow/dags/supermarket_etl_pipeline.py
[2026-08-27T02:00:12.822+0000] {logging_mixin.py:188} INFO - [2026-08-27T02:00:12.822+0000] {dag.py:3036} INFO - Sync 1 DAGs
[2026-08-27T02:00:12.834+0000] {logging_mixin.py:188} INFO - [2026-08-27T02:00:12.834+0000] {dag.py:3823} INFO - Setting next_dagrun for supermarket_etl_pipeline to None, run_after=None
[2026-08-27T02:00:12.854+0000] {processor.py:183} INFO - Processing /opt/airflow/dags/supermarket_etl_pipeline.py took 0.268 seconds
[2026-08-27T02:00:42.920+0000] {processor.py:161} INFO - Started process (PID=531) to work on /opt/airflow/dags/supermarket_etl_pipeline.py
[2026-08-27T02:00:42.921+0000] {processor.py:830} INFO - Processing file /opt/airflow/dags/supermarket_etl_pipeline.py for tasks to queue
[2026-08-27T02:00:42.923+0000] {logging_mixin.py:188} INFO - [2026-08-27T02:00:42.923+0000] {dagbag.py:538} INFO - Filling up the DagBag from /opt/airflow/dags/supermarket_etl_pipeline.py
[2026-08-27T02:00:43.148+0000] {processor.py:840} INFO - DAG(s) 'supermarket_etl_pipeline' retrieved from /opt/airflow/dags/supermarket_etl_pipeline.py
[2026-08-27T02:00:43.173+0000] {logging_mixin.py:188} INFO - [2026-08-27T02:00:43.173+0000] {dag.py:3036} INFO - Sync 1 DAGs
[2026-08-27T02:00:43.186+0000] {logging_mixin.py:188} INFO - [2026-08-27T02:00:43.186+0000] {dag.py:3823} INFO - Setting next_dagrun for supermarket_etl_pipeline to None, run_after=None
[2026-08-27T02:00:43.208+0000] {processor.py:183} INFO - Processing /opt/airflow/dags/supermarket_etl_pipeline.py took 0.291 seconds
[2026-08-27T02:01:13.550+0000] {processor.py:161} INFO - Started process (PID=537) to work on /opt/airflow/dags/supermarket_etl_pipeline.py
[2026-08-27T02:01:13.552+0000] {processor.py:830} INFO - Processing file /opt/airflow/dags/supermarket_etl_pipeline.py for tasks to queue
[2026-08-27T02:01:13.553+0000] {logging_mixin.py:188} INFO - [2026-08-27T02:01:13.553+0000] {dagbag.py:538} INFO - Filling up the DagBag from /opt/airflow/dags/supermarket_etl_pipeline.py
[2026-08-27T02:01:13.746+0000] {processor.py:840} INFO - DAG(s) 'supermarket_etl_pipeline' retrieved from /opt/airflow/dags/supermarket_etl_pipeline.py
[2026-08-27T02:01:13.766+0000] {logging_mixin.py:188} INFO - [2026-08-27T02:01:13.766+0000] {dag.py:3036} INFO - Sync 1 DAGs
[2026-08-27T02:01:13.778+0000] {logging_mixin.py:188} INFO - [2026-08-27T02:01:13.778+0000] {dag.py:3823} INFO - Setting next_dagrun for supermarket_etl_pipeline to None, run_after=None
[2026-08-27T02:01:13.796+0000] {processor.py:183} INFO - Processing /opt/airflow/dags/supermarket_etl_pipeline.py took 0.249 seconds
[2026-08-27T02:01:43.928+0000] {processor.py:161} INFO - Started process (PID=552) to work on /opt/airflow/dags/supermarket_etl_pipeline.py
[2026-08-27T02:01:43.929+0000] {processor.py:830} INFO - Processing file /opt/airflow/dags/supermarket_etl_pipeline.py for tasks to queue
[2026-08-27T02:01:43.931+0000] {logging_mixin.py:188} INFO - [2026-08-27T02:01:43.931+0000] {dagbag.py:538} INFO - Filling up the DagBag from /opt/airflow/dags/supermarket_etl_pipeline.py
[2026-08-27T02:01:44.136+0000] {processor.py:840} INFO - DAG(s) 'supermarket_etl_pipeline' retrieved from /opt/airflow/dags/supermarket_etl_pipeline.py
[2026-08-27T02:01:44.154+0000] {logging_mixin.py:188} INFO - [2026-08-27T02:01:44.154+0000] {dag.py:3036} INFO - Sync 1 DAGs
[2026-08-27T02:01:44.163+0000] {logging_mixin.py:188} INFO - [2026-08-27T02:01:44.163+0000] {dag.py:3823} INFO - Setting next_dagrun for supermarket_etl_pipeline to None, run_after=None
[2026-08-27T02:01:44.180+0000] {processor.py:183} INFO - Processing /opt/airflow/dags/supermarket_etl_pipeline.py took 0.255 seconds
[2026-08-27T02:02:14.274+0000] {processor.py:161} INFO - Started process (PID=561) to work on /opt/airflow/dags/supermarket_etl_pipeline.py
[2026-08-27T02:02:14.276+0000] {processor.py:830} INFO - Processing file /opt/airflow/dags/supermarket_etl_pipeline.py for tasks to queue
[2026-08-27T02:02:14.278+0000] {logging_mixin.py:188} INFO - [2026-08-27T02:02:14.278+0000] {dagbag.py:538} INFO - Filling up the DagBag from /opt/airflow/dags/supermarket_etl_pipeline.py
[2026-08-27T02:02:14.524+0000] {processor.py:840} INFO - DAG(s) 'supermarket_etl_pipeline' retrieved from /opt/airflow/dags/supermarket_etl_pipeline.py
[2026-08-27T02:02:14.548+0000] {logging_mixin.py:188} INFO - [2026-08-27T02:02:14.548+0000] {dag.py:3036} INFO - Sync 1 DAGs
[2026-08-27T02:02:14.560+0000] {logging_mixin.py:188} INFO - [2026-08-27T02:02:14.559+0000] {dag.py:3823} INFO - Setting next_dagrun for supermarket_etl_pipeline to None, run_after=None
[2026-08-27T02:02:14.765+0000] {processor.py:183} INFO - Processing /opt/airflow/dags/supermarket_etl_pipeline.py took 0.493 seconds
[2026-08-27T02:02:45.037+0000] {processor.py:161} INFO - Started process (PID=567) to work on /opt/airflow/dags/supermarket_etl_pipeline.py
[2026-08-27T02:02:45.039+0000] {processor.py:830} INFO - Processing file /opt/airflow/dags/supermarket_etl_pipeline.py for tasks to queue
[2026-08-27T02:02:45.041+0000] {logging_mixin.py:188} INFO - [2026-08-27T02:02:45.040+0000] {dagbag.py:538} INFO - Filling up the DagBag from /opt/airflow/dags/supermarket_etl_pipeline.py
[2026-08-27T02:02:45.314+0000] {processor.py:840} INFO - DAG(s) 'supermarket_etl_pipeline' retrieved from /opt/airflow/dags/supermarket_etl_pipeline.py
[2026-08-27T02:02:45.338+0000] {logging_mixin.py:188} INFO - [2026-08-27T02:02:45.338+0000] {dag.py:3036} INFO - Sync 1 DAGs
[2026-08-27T02:02:45.350+0000] {logging_mixin.py:188} INFO - [2026-08-27T02:02:45.350+0000] {dag.py:3823} INFO - Setting next_dagrun for supermarket_etl_pipeline to None, run_after=None
[2026-08-27T02:02:45.371+0000] {processor.py:183} INFO - Processing /opt/airflow/dags/supermarket_etl_pipeline.py took 0.339 seconds
[2026-08-27T02:03:15.608+0000] {processor.py:161} INFO - Started process (PID=573) to work on /opt/airflow/dags/supermarket_etl_pipeline.py
[2026-08-27T02:03:15.610+0000] {processor.py:830} INFO - Processing file /opt/airflow/dags/supermarket_etl_pipeline.py for tasks to queue
[2026-08-27T02:03:15.611+0000] {logging_mixin.py:188} INFO - [2026-08-27T02:03:15.611+0000] {dagbag.py:538} INFO - Filling up the DagBag from /opt/airflow/dags/supermarket_etl_pipeline.py
[2026-08-27T02:03:15.862+0000] {processor.py:840} INFO - DAG(s) 'supermarket_etl_pipeline' retrieved from /opt/airflow/dags/supermarket_etl_pipeline.py
[2026-08-27T02:03:15.898+0000] {logging_mixin.py:188} INFO - [2026-08-27T02:03:15.897+0000] {dag.py:3036} INFO - Sync 1 DAGs
[2026-08-27T02:03:15.922+0000] {logging_mixin.py:188} INFO - [2026-08-27T02:03:15.922+0000] {dag.py:3823} INFO - Setting next_dagrun for supermarket_etl_pipeline to None, run_after=None
[2026-08-27T02:03:15.958+0000] {processor.py:183} INFO - Processing /opt/airflow/dags/supermarket_etl_pipeline.py took 0.353 seconds
[2026-08-27T02:03:46.228+0000] {processor.py:161} INFO - Started process (PID=579) to work on /opt/airflow/dags/supermarket_etl_pipeline.py
[2026-08-27T02:03:46.229+0000] {processor.py:830} INFO - Processing file /opt/airflow/dags/supermarket_etl_pipeline.py for tasks to queue
[2026-08-27T02:03:46.231+0000] {logging_mixin.py:188} INFO - [2026-08-27T02:03:46.231+0000] {dagbag.py:538} INFO - Filling up the DagBag from /opt/airflow/dags/supermarket_etl_pipeline.py
[2026-08-27T02:03:46.465+0000] {processor.py:840} INFO - DAG(s) 'supermarket_etl_pipeline' retrieved from /opt/airflow/dags/supermarket_etl_pipeline.py
[2026-08-27T02:03:46.495+0000] {logging_mixin.py:188} INFO - [2026-08-27T02:03:46.495+0000] {dag.py:3036} INFO - Sync 1 DAGs
[2026-08-27T02:03:46.506+0000] {logging_mixin.py:188} INFO - [2026-08-27T02:03:46.506+0000] {dag.py:3823} INFO - Setting next_dagrun for supermarket_etl_pipeline to None, run_after=None
[2026-08-27T02:03:46.525+0000] {processor.py:183} INFO - Processing /opt/airflow/dags/supermarket_etl_pipeline.py took 0.300 seconds
[2026-08-27T02:04:16.883+0000] {processor.py:161} INFO - Started process (PID=585) to work on /opt/airflow/dags/supermarket_etl_pipeline.py
[2026-08-27T02:04:16.885+0000] {processor.py:830} INFO - Processing file /opt/airflow/dags/supermarket_etl_pipeline.py for tasks to queue
[2026-08-27T02:04:16.887+0000] {logging_mixin.py:188} INFO - [2026-08-27T02:04:16.887+0000] {dagbag.py:538} INFO - Filling up the DagBag from /opt/airflow/dags/supermarket_etl_pipeline.py
[2026-08-27T02:04:17.087+0000] {processor.py:840} INFO - DAG(s) 'supermarket_etl_pipeline' retrieved from /opt/airflow/dags/supermarket_etl_pipeline.py
[2026-08-27T02:04:17.108+0000] {logging_mixin.py:188} INFO - [2026-08-27T02:04:17.108+0000] {dag.py:3036} INFO - Sync 1 DAGs
[2026-08-27T02:04:17.119+0000] {logging_mixin.py:188} INFO - [2026-08-27T02:04:17.119+0000] {dag.py:3823} INFO - Setting next_dagrun for supermarket_etl_pipeline to None, run_after=None
[2026-08-27T02:04:17.286+0000] {processor.py:183} INFO - Processing /opt/airflow/dags/supermarket_etl_pipeline.py took 0.407 seconds
[2026-08-27T02:04:47.649+0000] {processor.py:161} INFO - Started process (PID=591) to work on /opt/airflow/dags/supermarket_etl_pipeline.py
[2026-08-27T02:04:47.650+0000] {processor.py:830} INFO - Processing file /opt/airflow/dags/supermarket_etl_pipeline.py for tasks to queue
[2026-08-27T02:04:47.652+0000] {logging_mixin.py:188} INFO - [2026-08-27T02:04:47.652+0000] {dagbag.py:538} INFO - Filling up the DagBag from /opt/airflow/dags/supermarket_etl_pipeline.py
[2026-08-27T02:04:47.864+0000] {processor.py:840} INFO - DAG(s) 'supermarket_etl_pipeline' retrieved from /opt/airflow/dags/supermarket_etl_pipeline.py
[2026-08-27T02:04:47.886+0000] {logging_mixin.py:188} INFO - [2026-08-27T02:04:47.886+0000] {dag.py:3036} INFO - Sync 1 DAGs
[2026-08-27T02:04:47.897+0000] {logging_mixin.py:188} INFO - [2026-08-27T02:04:47.897+0000] {dag.py:3823} INFO - Setting next_dagrun for supermarket_etl_pipeline to None, run_after=None
[2026-08-27T02:04:47.917+0000] {processor.py:183} INFO - Processing /opt/airflow/dags/supermarket_etl_pipeline.py took 0.270 seconds
[2026-08-27T02:05:18.217+0000] {processor.py:161} INFO - Started process (PID=597) to work on /opt/airflow/dags/supermarket_etl_pipeline.py
[2026-08-27T02:05:18.220+0000] {processor.py:830} INFO - Processing file /opt/airflow/dags/supermarket_etl_pipeline.py for tasks to queue
[2026-08-27T02:05:18.222+0000] {logging_mixin.py:188} INFO - [2026-08-27T02:05:18.222+0000] {dagbag.py:538} INFO - Filling up the DagBag from /opt/airflow/dags/supermarket_etl_pipeline.py
[2026-08-27T02:05:18.434+0000] {processor.py:840} INFO - DAG(s) 'supermarket_etl_pipeline' retrieved from /opt/airflow/dags/supermarket_etl_pipeline.py
[2026-08-27T02:05:18.456+0000] {logging_mixin.py:188} INFO - [2026-08-27T02:05:18.455+0000] {dag.py:3036} INFO - Sync 1 DAGs
[2026-08-27T02:05:18.466+0000] {logging_mixin.py:188} INFO - [2026-08-27T02:05:18.466+0000] {dag.py:3823} INFO - Setting next_dagrun for supermarket_etl_pipeline to None, run_after=None
[2026-08-27T02:05:18.486+0000] {processor.py:183} INFO - Processing /opt/airflow/dags/supermarket_etl_pipeline.py took 0.276 seconds
[2026-08-27T02:05:48.553+0000] {processor.py:161} INFO - Started process (PID=603) to work on /opt/airflow/dags/supermarket_etl_pipeline.py
[2026-08-27T02:05:48.556+0000] {processor.py:830} INFO - Processing file /opt/airflow/dags/supermarket_etl_pipeline.py for tasks to queue
[2026-08-27T02:05:48.558+0000] {logging_mixin.py:188} INFO - [2026-08-27T02:05:48.558+0000] {dagbag.py:538} INFO - Filling up the DagBag from /opt/airflow/dags/supermarket_etl_pipeline.py
[2026-08-27T02:05:48.815+0000] {processor.py:840} INFO - DAG(s) 'supermarket_etl_pipeline' retrieved from /opt/airflow/dags/supermarket_etl_pipeline.py
[2026-08-27T02:05:48.837+0000] {logging_mixin.py:188} INFO - [2026-08-27T02:05:48.837+0000] {dag.py:3036} INFO - Sync 1 DAGs
[2026-08-27T02:05:48.850+0000] {logging_mixin.py:188} INFO - [2026-08-27T02:05:48.850+0000] {dag.py:3823} INFO - Setting next_dagrun for supermarket_etl_pipeline to None, run_after=None
[2026-08-27T02:05:48.874+0000] {processor.py:183} INFO - Processing /opt/airflow/dags/supermarket_etl_pipeline.py took 0.328 seconds
[2026-08-27T02:06:19.025+0000] {processor.py:161} INFO - Started process (PID=609) to work on /opt/airflow/dags/supermarket_etl_pipeline.py
[2026-08-27T02:06:19.027+0000] {processor.py:830} INFO - Processing file /opt/airflow/dags/supermarket_etl_pipeline.py for tasks to queue
[2026-08-27T02:06:19.029+0000] {logging_mixin.py:188} INFO - [2026-08-27T02:06:19.029+0000] {dagbag.py:538} INFO - Filling up the DagBag from /opt/airflow/dags/supermarket_etl_pipeline.py
[2026-08-27T02:06:19.272+0000] {processor.py:840} INFO - DAG(s) 'supermarket_etl_pipeline' retrieved from /opt/airflow/dags/supermarket_etl_pipeline.py
[2026-08-27T02:06:19.292+0000] {logging_mixin.py:188} INFO - [2026-08-27T02:06:19.292+0000] {dag.py:3036} INFO - Sync 1 DAGs
[2026-08-27T02:06:19.301+0000] {logging_mixin.py:188} INFO - [2026-08-27T02:06:19.301+0000] {dag.py:3823} INFO - Setting next_dagrun for supermarket_etl_pipeline to None, run_after=None
[2026-08-27T02:06:19.425+0000] {processor.py:183} INFO - Processing /opt/airflow/dags/supermarket_etl_pipeline.py took 0.403 seconds
[2026-08-27T02:06:49.499+0000] {processor.py:161} INFO - Started process (PID=615) to work on /opt/airflow/dags/supermarket_etl_pipeline.py
[2026-08-27T02:06:49.501+0000] {processor.py:830} INFO - Processing file /opt/airflow/dags/supermarket_etl_pipeline.py for tasks to queue
[2026-08-27T02:06:49.502+0000] {logging_mixin.py:188} INFO - [2026-08-27T02:06:49.502+0000] {dagbag.py:538} INFO - Filling up the DagBag from /opt/airflow/dags/supermarket_etl_pipeline.py
[2026-08-27T02:06:49.739+0000] {processor.py:840} INFO - DAG(s) 'supermarket_etl_pipeline' retrieved from /opt/airflow/dags/supermarket_etl_pipeline.py
[2026-08-27T02:06:49.763+0000] {logging_mixin.py:188} INFO - [2026-08-27T02:06:49.762+0000] {dag.py:3036} INFO - Sync 1 DAGs
[2026-08-27T02:06:49.775+0000] {logging_mixin.py:188} INFO - [2026-08-27T02:06:49.775+0000] {dag.py:3823} INFO - Setting next_dagrun for supermarket_etl_pipeline to None, run_after=None
[2026-08-27T02:06:49.795+0000] {processor.py:183} INFO - Processing /opt/airflow/dags/supermarket_etl_pipeline.py took 0.299 seconds
[2026-08-27T02:07:20.007+0000] {processor.py:161} INFO - Started process (PID=621) to work on /opt/airflow/dags/supermarket_etl_pipeline.py
[2026-08-27T02:07:20.009+0000] {processor.py:830} INFO - Processing file /opt/airflow/dags/supermarket_etl_pipeline.py for tasks to queue
[2026-08-27T02:07:20.011+0000] {logging_mixin.py:188} INFO - [2026-08-27T02:07:20.011+0000] {dagbag.py:538} INFO - Filling up the DagBag from /opt/airflow/dags/supermarket_etl_pipeline.py
[2026-08-27T02:07:20.223+0000] {processor.py:840} INFO - DAG(s) 'supermarket_etl_pipeline' retrieved from /opt/airflow/dags/supermarket_etl_pipeline.py
[2026-08-27T02:07:20.246+0000] {logging_mixin.py:188} INFO - [2026-08-27T02:07:20.246+0000] {dag.py:3036} INFO - Sync 1 DAGs
[2026-08-27T02:07:20.257+0000] {logging_mixin.py:188} INFO - [2026-08-27T02:07:20.257+0000] {dag.py:3823} INFO - Setting next_dagrun for supermarket_etl_pipeline to None, run_after=None
[2026-08-27T02:07:20.277+0000] {processor.py:183} INFO - Processing /opt/airflow/dags/supermarket_etl_pipeline.py took 0.273 seconds
[2026-08-27T02:07:50.427+0000] {processor.py:161} INFO - Started process (PID=627) to work on /opt/airflow/dags/supermarket_etl_pipeline.py
[2026-08-27T02:07:50.428+0000] {processor.py:830} INFO - Processing file /opt/airflow/dags/supermarket_etl_pipeline.py for tasks to queue
[2026-08-27T02:07:50.430+0000] {logging_mixin.py:188} INFO - [2026-08-27T02:07:50.429+0000] {dagbag.py:538} INFO - Filling up the DagBag from /opt/airflow/dags/supermarket_etl_pipeline.py
[2026-08-27T02:07:50.711+0000] {processor.py:840} INFO - DAG(s) 'supermarket_etl_pipeline' retrieved from /opt/airflow/dags/supermarket_etl_pipeline.py
[2026-08-27T02:07:50.731+0000] {logging_mixin.py:188} INFO - [2026-08-27T02:07:50.731+0000] {dag.py:3036} INFO - Sync 1 DAGs
[2026-08-27T02:07:50.741+0000] {logging_mixin.py:188} INFO - [2026-08-27T02:07:50.740+0000] {dag.py:3823} INFO - Setting next_dagrun for supermarket_etl_pipeline to None, run_after=None
[2026-08-27T02:07:50.759+0000] {processor.py:183} INFO - Processing /opt/airflow/dags/supermarket_etl_pipeline.py took 0.335 seconds
[2026-08-27T02:08:20.926+0000] {processor.py:161} INFO - Started process (PID=633) to work on /opt/airflow/dags/supermarket_etl_pipeline.py
[2026-08-27T02:08:20.928+0000] {processor.py:830} INFO - Processing file /opt/airflow/dags/supermarket_etl_pipeline.py for tasks to queue
[2026-08-27T02:08:20.930+0000] {logging_mixin.py:188} INFO - [2026-08-27T02:08:20.930+0000] {dagbag.py:538} INFO - Filling up the DagBag from /opt/airflow/dags/supermarket_etl_pipeline.py
[2026-08-27T02:08:21.232+0000] {processor.py:840} INFO - DAG(s) 'supermarket_etl_pipeline' retrieved from /opt/airflow/dags/supermarket_etl_pipeline.py
[2026-08-27T02:08:21.253+0000] {logging_mixin.py:188} INFO - [2026-08-27T02:08:21.252+0000] {dag.py:3036} INFO - Sync 1 DAGs
[2026-08-27T02:08:21.261+0000] {logging_mixin.py:188} INFO - [2026-08-27T02:08:21.261+0000] {dag.py:3823} INFO - Setting next_dagrun for supermarket_etl_pipeline to None, run_after=None
[2026-08-27T02:08:21.407+0000] {processor.py:183} INFO - Processing /opt/airflow/dags/supermarket_etl_pipeline.py took 0.484 seconds
[2026-08-27T02:08:51.777+0000] {processor.py:161} INFO - Started process (PID=639) to work on /opt/airflow/dags/supermarket_etl_pipeline.py
[2026-08-27T02:08:51.779+0000] {processor.py:830} INFO - Processing file /opt/airflow/dags/supermarket_etl_pipeline.py for tasks to queue
[2026-08-27T02:08:51.780+0000] {logging_mixin.py:188} INFO - [2026-08-27T02:08:51.780+0000] {dagbag.py:538} INFO - Filling up the DagBag from /opt/airflow/dags/supermarket_etl_pipeline.py
[2026-08-27T02:08:52.003+0000] {processor.py:840} INFO - DAG(s) 'supermarket_etl_pipeline' retrieved from /opt/airflow/dags/supermarket_etl_pipeline.py
[2026-08-27T02:08:52.024+0000] {logging_mixin.py:188} INFO - [2026-08-27T02:08:52.024+0000] {dag.py:3036} INFO - Sync 1 DAGs
[2026-08-27T02:08:52.036+0000] {logging_mixin.py:188} INFO - [2026-08-27T02:08:52.035+0000] {dag.py:3823} INFO - Setting next_dagrun for supermarket_etl_pipeline to None, run_after=None
[2026-08-27T02:08:52.056+0000] {processor.py:183} INFO - Processing /opt/airflow/dags/supermarket_etl_pipeline.py took 0.283 seconds
[2026-08-27T02:09:22.140+0000] {processor.py:161} INFO - Started process (PID=645) to work on /opt/airflow/dags/supermarket_etl_pipeline.py
[2026-08-27T02:09:22.142+0000] {processor.py:830} INFO - Processing file /opt/airflow/dags/supermarket_etl_pipeline.py for tasks to queue
[2026-08-27T02:09:22.144+0000] {logging_mixin.py:188} INFO - [2026-08-27T02:09:22.144+0000] {dagbag.py:538} INFO - Filling up the DagBag from /opt/airflow/dags/supermarket_etl_pipeline.py
[2026-08-27T02:09:22.353+0000] {processor.py:840} INFO - DAG(s) 'supermarket_etl_pipeline' retrieved from /opt/airflow/dags/supermarket_etl_pipeline.py
[2026-08-27T02:09:22.376+0000] {logging_mixin.py:188} INFO - [2026-08-27T02:09:22.375+0000] {dag.py:3036} INFO - Sync 1 DAGs
[2026-08-27T02:09:22.386+0000] {logging_mixin.py:188} INFO - [2026-08-27T02:09:22.386+0000] {dag.py:3823} INFO - Setting next_dagrun for supermarket_etl_pipeline to None, run_after=None
[2026-08-27T02:09:22.405+0000] {processor.py:183} INFO - Processing /opt/airflow/dags/supermarket_etl_pipeline.py took 0.267 seconds
[2026-08-27T02:09:52.676+0000] {processor.py:161} INFO - Started process (PID=651) to work on /opt/airflow/dags/supermarket_etl_pipeline.py
[2026-08-27T02:09:52.678+0000] {processor.py:830} INFO - Processing file /opt/airflow/dags/supermarket_etl_pipeline.py for tasks to queue
[2026-08-27T02:09:52.681+0000] {logging_mixin.py:188} INFO - [2026-08-27T02:09:52.680+0000] {dagbag.py:538} INFO - Filling up the DagBag from /opt/airflow/dags/supermarket_etl_pipeline.py
[2026-08-27T02:09:52.933+0000] {processor.py:840} INFO - DAG(s) 'supermarket_etl_pipeline' retrieved from /opt/airflow/dags/supermarket_etl_pipeline.py
[2026-08-27T02:09:52.957+0000] {logging_mixin.py:188} INFO - [2026-08-27T02:09:52.957+0000] {dag.py:3036} INFO - Sync 1 DAGs
[2026-08-27T02:09:52.969+0000] {logging_mixin.py:188} INFO - [2026-08-27T02:09:52.969+0000] {dag.py:3823} INFO - Setting next_dagrun for supermarket_etl_pipeline to None, run_after=None
[2026-08-27T02:09:52.993+0000] {processor.py:183} INFO - Processing /opt/airflow/dags/supermarket_etl_pipeline.py took 0.321 seconds
[2026-08-27T02:10:23.307+0000] {processor.py:161} INFO - Started process (PID=657) to work on /opt/airflow/dags/supermarket_etl_pipeline.py
[2026-08-27T02:10:23.309+0000] {processor.py:830} INFO - Processing file /opt/airflow/dags/supermarket_etl_pipeline.py for tasks to queue
[2026-08-27T02:10:23.312+0000] {logging_mixin.py:188} INFO - [2026-08-27T02:10:23.311+0000] {dagbag.py:538} INFO - Filling up the DagBag from /opt/airflow/dags/supermarket_etl_pipeline.py
[2026-08-27T02:10:23.555+0000] {processor.py:840} INFO - DAG(s) 'supermarket_etl_pipeline' retrieved from /opt/airflow/dags/supermarket_etl_pipeline.py
[2026-08-27T02:10:23.578+0000] {logging_mixin.py:188} INFO - [2026-08-27T02:10:23.578+0000] {dag.py:3036} INFO - Sync 1 DAGs
[2026-08-27T02:10:23.588+0000] {logging_mixin.py:188} INFO - [2026-08-27T02:10:23.588+0000] {dag.py:3823} INFO - Setting next_dagrun for supermarket_etl_pipeline to None, run_after=None
[2026-08-27T02:10:23.713+0000] {processor.py:183} INFO - Processing /opt/airflow/dags/supermarket_etl_pipeline.py took 0.410 seconds
[2026-08-27T02:10:53.993+0000] {processor.py:161} INFO - Started process (PID=663) to work on /opt/airflow/dags/supermarket_etl_pipeline.py
[2026-08-27T02:10:53.996+0000] {processor.py:830} INFO - Processing file /opt/airflow/dags/supermarket_etl_pipeline.py for tasks to queue
[2026-08-27T02:10:53.998+0000] {logging_mixin.py:188} INFO - [2026-08-27T02:10:53.998+0000] {dagbag.py:538} INFO - Filling up the DagBag from /opt/airflow/dags/supermarket_etl_pipeline.py
[2026-08-27T02:10:54.458+0000] {processor.py:840} INFO - DAG(s) 'supermarket_etl_pipeline' retrieved from /opt/airflow/dags/supermarket_etl_pipeline.py
[2026-08-27T02:10:54.505+0000] {logging_mixin.py:188} INFO - [2026-08-27T02:10:54.505+0000] {dag.py:3036} INFO - Sync 1 DAGs
[2026-08-27T02:10:54.526+0000] {logging_mixin.py:188} INFO - [2026-08-27T02:10:54.526+0000] {dag.py:3823} INFO - Setting next_dagrun for supermarket_etl_pipeline to None, run_after=None
[2026-08-27T02:10:54.556+0000] {processor.py:183} INFO - Processing /opt/airflow/dags/supermarket_etl_pipeline.py took 0.570 seconds
[2026-08-27T02:11:24.867+0000] {processor.py:161} INFO - Started process (PID=669) to work on /opt/airflow/dags/supermarket_etl_pipeline.py
[2026-08-27T02:11:24.869+0000] {processor.py:830} INFO - Processing file /opt/airflow/dags/supermarket_etl_pipeline.py for tasks to queue
[2026-08-27T02:11:24.871+0000] {logging_mixin.py:188} INFO - [2026-08-27T02:11:24.871+0000] {dagbag.py:538} INFO - Filling up the DagBag from /opt/airflow/dags/supermarket_etl_pipeline.py
[2026-08-27T02:11:25.113+0000] {processor.py:840} INFO - DAG(s) 'supermarket_etl_pipeline' retrieved from /opt/airflow/dags/supermarket_etl_pipeline.py
[2026-08-27T02:11:25.136+0000] {logging_mixin.py:188} INFO - [2026-08-27T02:11:25.135+0000] {dag.py:3036} INFO - Sync 1 DAGs
[2026-08-27T02:11:25.148+0000] {logging_mixin.py:188} INFO - [2026-08-27T02:11:25.148+0000] {dag.py:3823} INFO - Setting next_dagrun for supermarket_etl_pipeline to None, run_after=None
[2026-08-27T02:11:25.170+0000] {processor.py:183} INFO - Processing /opt/airflow/dags/supermarket_etl_pipeline.py took 0.305 seconds
[2026-08-27T02:11:55.338+0000] {processor.py:161} INFO - Started process (PID=675) to work on /opt/airflow/dags/supermarket_etl_pipeline.py
[2026-08-27T02:11:55.340+0000] {processor.py:830} INFO - Processing file /opt/airflow/dags/supermarket_etl_pipeline.py for tasks to queue
[2026-08-27T02:11:55.342+0000] {logging_mixin.py:188} INFO - [2026-08-27T02:11:55.341+0000] {dagbag.py:538} INFO - Filling up the DagBag from /opt/airflow/dags/supermarket_etl_pipeline.py
[2026-08-27T02:11:55.592+0000] {processor.py:840} INFO - DAG(s) 'supermarket_etl_pipeline' retrieved from /opt/airflow/dags/supermarket_etl_pipeline.py
[2026-08-27T02:11:55.625+0000] {logging_mixin.py:188} INFO - [2026-08-27T02:11:55.625+0000] {dag.py:3036} INFO - Sync 1 DAGs
[2026-08-27T02:11:55.641+0000] {logging_mixin.py:188} INFO - [2026-08-27T02:11:55.640+0000] {dag.py:3823} INFO - Setting next_dagrun for supermarket_etl_pipeline to None, run_after=None
[2026-08-27T02:11:55.669+0000] {processor.py:183} INFO - Processing /opt/airflow/dags/supermarket_etl_pipeline.py took 0.334 seconds
[2026-08-27T02:12:25.982+0000] {processor.py:161} INFO - Started process (PID=681) to work on /opt/airflow/dags/supermarket_etl_pipeline.py
[2026-08-27T02:12:25.986+0000] {processor.py:830} INFO - Processing file /opt/airflow/dags/supermarket_etl_pipeline.py for tasks to queue
[2026-08-27T02:12:25.989+0000] {logging_mixin.py:188} INFO - [2026-08-27T02:12:25.989+0000] {dagbag.py:538} INFO - Filling up the DagBag from /opt/airflow/dags/supermarket_etl_pipeline.py
[2026-08-27T02:12:26.224+0000] {processor.py:840} INFO - DAG(s) 'supermarket_etl_pipeline' retrieved from /opt/airflow/dags/supermarket_etl_pipeline.py
[2026-08-27T02:12:26.245+0000] {logging_mixin.py:188} INFO - [2026-08-27T02:12:26.245+0000] {dag.py:3036} INFO - Sync 1 DAGs
[2026-08-27T02:12:26.254+0000] {logging_mixin.py:188} INFO - [2026-08-27T02:12:26.254+0000] {dag.py:3823} INFO - Setting next_dagrun for supermarket_etl_pipeline to None, run_after=None
[2026-08-27T02:12:26.387+0000] {processor.py:183} INFO - Processing /opt/airflow/dags/supermarket_etl_pipeline.py took 0.408 seconds
[2026-08-27T02:12:56.731+0000] {processor.py:161} INFO - Started process (PID=687) to work on /opt/airflow/dags/supermarket_etl_pipeline.py
[2026-08-27T02:12:56.734+0000] {processor.py:830} INFO - Processing file /opt/airflow/dags/supermarket_etl_pipeline.py for tasks to queue
[2026-08-27T02:12:56.739+0000] {logging_mixin.py:188} INFO - [2026-08-27T02:12:56.738+0000] {dagbag.py:538} INFO - Filling up the DagBag from /opt/airflow/dags/supermarket_etl_pipeline.py
[2026-08-27T02:12:57.013+0000] {processor.py:840} INFO - DAG(s) 'supermarket_etl_pipeline' retrieved from /opt/airflow/dags/supermarket_etl_pipeline.py
[2026-08-27T02:12:57.034+0000] {logging_mixin.py:188} INFO - [2026-08-27T02:12:57.034+0000] {dag.py:3036} INFO - Sync 1 DAGs
[2026-08-27T02:12:57.046+0000] {logging_mixin.py:188} INFO - [2026-08-27T02:12:57.046+0000] {dag.py:3823} INFO - Setting next_dagrun for supermarket_etl_pipeline to None, run_after=None
[2026-08-27T02:12:57.067+0000] {processor.py:183} INFO - Processing /opt/airflow/dags/supermarket_etl_pipeline.py took 0.339 seconds
[2026-08-27T02:13:27.339+0000] {processor.py:161} INFO - Started process (PID=693) to work on /opt/airflow/dags/supermarket_etl_pipeline.py
[2026-08-27T02:13:27.341+0000] {processor.py:830} INFO - Processing file /opt/airflow/dags/supermarket_etl_pipeline.py for tasks to queue
[2026-08-27T02:13:27.343+0000] {logging_mixin.py:188} INFO - [2026-08-27T02:13:27.343+0000] {dagbag.py:538} INFO - Filling up the DagBag from /opt/airflow/dags/supermarket_etl_pipeline.py
[2026-08-27T02:13:27.557+0000] {processor.py:840} INFO - DAG(s) 'supermarket_etl_pipeline' retrieved from /opt/airflow/dags/supermarket_etl_pipeline.py
[2026-08-27T02:13:27.578+0000] {logging_mixin.py:188} INFO - [2026-08-27T02:13:27.577+0000] {dag.py:3036} INFO - Sync 1 DAGs
[2026-08-27T02:13:27.586+0000] {logging_mixin.py:188} INFO - [2026-08-27T02:13:27.586+0000] {dag.py:3823} INFO - Setting next_dagrun for supermarket_etl_pipeline to None, run_after=None
[2026-08-27T02:13:27.606+0000] {processor.py:183} INFO - Processing /opt/airflow/dags/supermarket_etl_pipeline.py took 0.270 seconds
[2026-08-27T02:13:57.858+0000] {processor.py:161} INFO - Started process (PID=699) to work on /opt/airflow/dags/supermarket_etl_pipeline.py
[2026-08-27T02:13:57.860+0000] {processor.py:830} INFO - Processing file /opt/airflow/dags/supermarket_etl_pipeline.py for tasks to queue
[2026-08-27T02:13:57.862+0000] {logging_mixin.py:188} INFO - [2026-08-27T02:13:57.862+0000] {dagbag.py:538} INFO - Filling up the DagBag from /opt/airflow/dags/supermarket_etl_pipeline.py
[2026-08-27T02:13:58.129+0000] {processor.py:840} INFO - DAG(s) 'supermarket_etl_pipeline' retrieved from /opt/airflow/dags/supermarket_etl_pipeline.py
[2026-08-27T02:13:58.150+0000] {logging_mixin.py:188} INFO - [2026-08-27T02:13:58.150+0000] {dag.py:3036} INFO - Sync 1 DAGs
[2026-08-27T02:13:58.162+0000] {logging_mixin.py:188} INFO - [2026-08-27T02:13:58.162+0000] {dag.py:3823} INFO - Setting next_dagrun for supermarket_etl_pipeline to None, run_after=None
[2026-08-27T02:13:58.187+0000] {processor.py:183} INFO - Processing /opt/airflow/dags/supermarket_etl_pipeline.py took 0.332 seconds
[2026-08-27T02:14:28.574+0000] {processor.py:161} INFO - Started process (PID=705) to work on /opt/airflow/dags/supermarket_etl_pipeline.py
[2026-08-27T02:14:28.576+0000] {processor.py:830} INFO - Processing file /opt/airflow/dags/supermarket_etl_pipeline.py for tasks to queue
[2026-08-27T02:14:28.579+0000] {logging_mixin.py:188} INFO - [2026-08-27T02:14:28.578+0000] {dagbag.py:538} INFO - Filling up the DagBag from /opt/airflow/dags/supermarket_etl_pipeline.py
[2026-08-27T02:14:28.796+0000] {processor.py:840} INFO - DAG(s) 'supermarket_etl_pipeline' retrieved from /opt/airflow/dags/supermarket_etl_pipeline.py
[2026-08-27T02:14:28.816+0000] {logging_mixin.py:188} INFO - [2026-08-27T02:14:28.816+0000] {dag.py:3036} INFO - Sync 1 DAGs
[2026-08-27T02:14:28.826+0000] {logging_mixin.py:188} INFO - [2026-08-27T02:14:28.826+0000] {dag.py:3823} INFO - Setting next_dagrun for supermarket_etl_pipeline to None, run_after=None
[2026-08-27T02:14:28.950+0000] {processor.py:183} INFO - Processing /opt/airflow/dags/supermarket_etl_pipeline.py took 0.378 seconds
[2026-08-27T02:14:59.200+0000] {processor.py:161} INFO - Started process (PID=711) to work on /opt/airflow/dags/supermarket_etl_pipeline.py
[2026-08-27T02:14:59.202+0000] {processor.py:830} INFO - Processing file /opt/airflow/dags/supermarket_etl_pipeline.py for tasks to queue
[2026-08-27T02:14:59.205+0000] {logging_mixin.py:188} INFO - [2026-08-27T02:14:59.205+0000] {dagbag.py:538} INFO - Filling up the DagBag from /opt/airflow/dags/supermarket_etl_pipeline.py
[2026-08-27T02:14:59.404+0000] {processor.py:840} INFO - DAG(s) 'supermarket_etl_pipeline' retrieved from /opt/airflow/dags/supermarket_etl_pipeline.py
[2026-08-27T02:14:59.424+0000] {logging_mixin.py:188} INFO - [2026-08-27T02:14:59.423+0000] {dag.py:3036} INFO - Sync 1 DAGs
[2026-08-27T02:14:59.434+0000] {logging_mixin.py:188} INFO - [2026-08-27T02:14:59.434+0000] {dag.py:3823} INFO - Setting next_dagrun for supermarket_etl_pipeline to None, run_after=None
[2026-08-27T02:14:59.448+0000] {processor.py:183} INFO - Processing /opt/airflow/dags/supermarket_etl_pipeline.py took 0.250 seconds
[2026-08-27T02:15:29.697+0000] {processor.py:161} INFO - Started process (PID=717) to work on /opt/airflow/dags/supermarket_etl_pipeline.py
[2026-08-27T02:15:29.698+0000] {processor.py:830} INFO - Processing file /opt/airflow/dags/supermarket_etl_pipeline.py for tasks to queue
[2026-08-27T02:15:29.700+0000] {logging_mixin.py:188} INFO - [2026-08-27T02:15:29.700+0000] {dagbag.py:538} INFO - Filling up the DagBag from /opt/airflow/dags/supermarket_etl_pipeline.py
[2026-08-27T02:15:29.929+0000] {processor.py:840} INFO - DAG(s) 'supermarket_etl_pipeline' retrieved from /opt/airflow/dags/supermarket_etl_pipeline.py
[2026-08-27T02:15:29.954+0000] {logging_mixin.py:188} INFO - [2026-08-27T02:15:29.954+0000] {dag.py:3036} INFO - Sync 1 DAGs
[2026-08-27T02:15:29.964+0000] {logging_mixin.py:188} INFO - [2026-08-27T02:15:29.963+0000] {dag.py:3823} INFO - Setting next_dagrun for supermarket_etl_pipeline to None, run_after=None
[2026-08-27T02:15:29.981+0000] {processor.py:183} INFO - Processing /opt/airflow/dags/supermarket_etl_pipeline.py took 0.287 seconds
[2026-08-27T02:16:00.245+0000] {processor.py:161} INFO - Started process (PID=723) to work on /opt/airflow/dags/supermarket_etl_pipeline.py
[2026-08-27T02:16:00.247+0000] {processor.py:830} INFO - Processing file /opt/airflow/dags/supermarket_etl_pipeline.py for tasks to queue
[2026-08-27T02:16:00.249+0000] {logging_mixin.py:188} INFO - [2026-08-27T02:16:00.249+0000] {dagbag.py:538} INFO - Filling up the DagBag from /opt/airflow/dags/supermarket_etl_pipeline.py
[2026-08-27T02:16:00.461+0000] {processor.py:840} INFO - DAG(s) 'supermarket_etl_pipeline' retrieved from /opt/airflow/dags/supermarket_etl_pipeline.py
[2026-08-27T02:16:00.481+0000] {logging_mixin.py:188} INFO - [2026-08-27T02:16:00.481+0000] {dag.py:3036} INFO - Sync 1 DAGs
[2026-08-27T02:16:00.491+0000] {logging_mixin.py:188} INFO - [2026-08-27T02:16:00.491+0000] {dag.py:3823} INFO - Setting next_dagrun for supermarket_etl_pipeline to None, run_after=None
[2026-08-27T02:16:00.508+0000] {processor.py:183} INFO - Processing /opt/airflow/dags/supermarket_etl_pipeline.py took 0.265 seconds
[2026-08-27T02:16:30.771+0000] {processor.py:161} INFO - Started process (PID=729) to work on /opt/airflow/dags/supermarket_etl_pipeline.py
[2026-08-27T02:16:30.773+0000] {processor.py:830} INFO - Processing file /opt/airflow/dags/supermarket_etl_pipeline.py for tasks to queue
[2026-08-27T02:16:30.775+0000] {logging_mixin.py:188} INFO - [2026-08-27T02:16:30.775+0000] {dagbag.py:538} INFO - Filling up the DagBag from /opt/airflow/dags/supermarket_etl_pipeline.py
[2026-08-27T02:16:31.002+0000] {processor.py:840} INFO - DAG(s) 'supermarket_etl_pipeline' retrieved from /opt/airflow/dags/supermarket_etl_pipeline.py
[2026-08-27T02:16:31.039+0000] {logging_mixin.py:188} INFO - [2026-08-27T02:16:31.039+0000] {dag.py:3036} INFO - Sync 1 DAGs
[2026-08-27T02:16:31.057+0000] {logging_mixin.py:188} INFO - [2026-08-27T02:16:31.057+0000] {dag.py:3823} INFO - Setting next_dagrun for supermarket_etl_pipeline to None, run_after=None
[2026-08-27T02:16:31.195+0000] {processor.py:183} INFO - Processing /opt/airflow/dags/supermarket_etl_pipeline.py took 0.428 seconds
[2026-08-27T02:17:01.560+0000] {processor.py:161} INFO - Started process (PID=735) to work on /opt/airflow/dags/supermarket_etl_pipeline.py
[2026-08-27T02:17:01.565+0000] {processor.py:830} INFO - Processing file /opt/airflow/dags/supermarket_etl_pipeline.py for tasks to queue
[2026-08-27T02:17:01.568+0000] {logging_mixin.py:188} INFO - [2026-08-27T02:17:01.567+0000] {dagbag.py:538} INFO - Filling up the DagBag from /opt/airflow/dags/supermarket_etl_pipeline.py
[2026-08-27T02:17:01.894+0000] {processor.py:840} INFO - DAG(s) 'supermarket_etl_pipeline' retrieved from /opt/airflow/dags/supermarket_etl_pipeline.py
[2026-08-27T02:17:01.918+0000] {logging_mixin.py:188} INFO - [2026-08-27T02:17:01.918+0000] {dag.py:3036} INFO - Sync 1 DAGs
[2026-08-27T02:17:01.932+0000] {logging_mixin.py:188} INFO - [2026-08-27T02:17:01.931+0000] {dag.py:3823} INFO - Setting next_dagrun for supermarket_etl_pipeline to None, run_after=None
[2026-08-27T02:17:01.950+0000] {processor.py:183} INFO - Processing /opt/airflow/dags/supermarket_etl_pipeline.py took 0.393 seconds
[2026-08-27T02:17:32.239+0000] {processor.py:161} INFO - Started process (PID=741) to work on /opt/airflow/dags/supermarket_etl_pipeline.py
[2026-08-27T02:17:32.241+0000] {processor.py:830} INFO - Processing file /opt/airflow/dags/supermarket_etl_pipeline.py for tasks to queue
[2026-08-27T02:17:32.243+0000] {logging_mixin.py:188} INFO - [2026-08-27T02:17:32.242+0000] {dagbag.py:538} INFO - Filling up the DagBag from /opt/airflow/dags/supermarket_etl_pipeline.py
[2026-08-27T02:17:32.473+0000] {processor.py:840} INFO - DAG(s) 'supermarket_etl_pipeline' retrieved from /opt/airflow/dags/supermarket_etl_pipeline.py
[2026-08-27T02:17:32.496+0000] {logging_mixin.py:188} INFO - [2026-08-27T02:17:32.495+0000] {dag.py:3036} INFO - Sync 1 DAGs
[2026-08-27T02:17:32.506+0000] {logging_mixin.py:188} INFO - [2026-08-27T02:17:32.506+0000] {dag.py:3823} INFO - Setting next_dagrun for supermarket_etl_pipeline to None, run_after=None
[2026-08-27T02:17:32.522+0000] {processor.py:183} INFO - Processing /opt/airflow/dags/supermarket_etl_pipeline.py took 0.287 seconds
[2026-08-27T02:18:02.758+0000] {processor.py:161} INFO - Started process (PID=747) to work on /opt/airflow/dags/supermarket_etl_pipeline.py
[2026-08-27T02:18:02.759+0000] {processor.py:830} INFO - Processing file /opt/airflow/dags/supermarket_etl_pipeline.py for tasks to queue
[2026-08-27T02:18:02.761+0000] {logging_mixin.py:188} INFO - [2026-08-27T02:18:02.761+0000] {dagbag.py:538} INFO - Filling up the DagBag from /opt/airflow/dags/supermarket_etl_pipeline.py
[2026-08-27T02:18:02.965+0000] {processor.py:840} INFO - DAG(s) 'supermarket_etl_pipeline' retrieved from /opt/airflow/dags/supermarket_etl_pipeline.py
[2026-08-27T02:18:02.991+0000] {logging_mixin.py:188} INFO - [2026-08-27T02:18:02.990+0000] {dag.py:3036} INFO - Sync 1 DAGs
[2026-08-27T02:18:03.003+0000] {logging_mixin.py:188} INFO - [2026-08-27T02:18:03.003+0000] {dag.py:3823} INFO - Setting next_dagrun for supermarket_etl_pipeline to None, run_after=None
[2026-08-27T02:18:03.021+0000] {processor.py:183} INFO - Processing /opt/airflow/dags/supermarket_etl_pipeline.py took 0.265 seconds
[2026-08-27T02:18:33.253+0000] {processor.py:161} INFO - Started process (PID=753) to work on /opt/airflow/dags/supermarket_etl_pipeline.py
[2026-08-27T02:18:33.255+0000] {processor.py:830} INFO - Processing file /opt/airflow/dags/supermarket_etl_pipeline.py for tasks to queue
[2026-08-27T02:18:33.257+0000] {logging_mixin.py:188} INFO - [2026-08-27T02:18:33.257+0000] {dagbag.py:538} INFO - Filling up the DagBag from /opt/airflow/dags/supermarket_etl_pipeline.py
[2026-08-27T02:18:33.469+0000] {processor.py:840} INFO - DAG(s) 'supermarket_etl_pipeline' retrieved from /opt/airflow/dags/supermarket_etl_pipeline.py
[2026-08-27T02:18:33.497+0000] {logging_mixin.py:188} INFO - [2026-08-27T02:18:33.497+0000] {dag.py:3036} INFO - Sync 1 DAGs
[2026-08-27T02:18:33.507+0000] {logging_mixin.py:188} INFO - [2026-08-27T02:18:33.507+0000] {dag.py:3823} INFO - Setting next_dagrun for supermarket_etl_pipeline to None, run_after=None
[2026-08-27T02:18:33.643+0000] {processor.py:183} INFO - Processing /opt/airflow/dags/supermarket_etl_pipeline.py took 0.393 seconds
[2026-08-27T02:19:03.899+0000] {processor.py:161} INFO - Started process (PID=759) to work on /opt/airflow/dags/supermarket_etl_pipeline.py
[2026-08-27T02:19:03.901+0000] {processor.py:830} INFO - Processing file /opt/airflow/dags/supermarket_etl_pipeline.py for tasks to queue
[2026-08-27T02:19:03.902+0000] {logging_mixin.py:188} INFO - [2026-08-27T02:19:03.902+0000] {dagbag.py:538} INFO - Filling up the DagBag from /opt/airflow/dags/supermarket_etl_pipeline.py
[2026-08-27T02:19:04.105+0000] {processor.py:840} INFO - DAG(s) 'supermarket_etl_pipeline' retrieved from /opt/airflow/dags/supermarket_etl_pipeline.py
[2026-08-27T02:19:04.125+0000] {logging_mixin.py:188} INFO - [2026-08-27T02:19:04.125+0000] {dag.py:3036} INFO - Sync 1 DAGs
[2026-08-27T02:19:04.136+0000] {logging_mixin.py:188} INFO - [2026-08-27T02:19:04.135+0000] {dag.py:3823} INFO - Setting next_dagrun for supermarket_etl_pipeline to None, run_after=None
[2026-08-27T02:19:04.153+0000] {processor.py:183} INFO - Processing /opt/airflow/dags/supermarket_etl_pipeline.py took 0.257 seconds
[2026-08-27T02:19:34.404+0000] {processor.py:161} INFO - Started process (PID=765) to work on /opt/airflow/dags/supermarket_etl_pipeline.py
[2026-08-27T02:19:34.406+0000] {processor.py:830} INFO - Processing file /opt/airflow/dags/supermarket_etl_pipeline.py for tasks to queue
[2026-08-27T02:19:34.408+0000] {logging_mixin.py:188} INFO - [2026-08-27T02:19:34.407+0000] {dagbag.py:538} INFO - Filling up the DagBag from /opt/airflow/dags/supermarket_etl_pipeline.py
[2026-08-27T02:19:34.638+0000] {processor.py:840} INFO - DAG(s) 'supermarket_etl_pipeline' retrieved from /opt/airflow/dags/supermarket_etl_pipeline.py
[2026-08-27T02:19:34.659+0000] {logging_mixin.py:188} INFO - [2026-08-27T02:19:34.659+0000] {dag.py:3036} INFO - Sync 1 DAGs
[2026-08-27T02:19:34.669+0000] {logging_mixin.py:188} INFO - [2026-08-27T02:19:34.669+0000] {dag.py:3823} INFO - Setting next_dagrun for supermarket_etl_pipeline to None, run_after=None
[2026-08-27T02:19:34.688+0000] {processor.py:183} INFO - Processing /opt/airflow/dags/supermarket_etl_pipeline.py took 0.286 seconds
[2026-08-27T02:20:05.019+0000] {processor.py:161} INFO - Started process (PID=771) to work on /opt/airflow/dags/supermarket_etl_pipeline.py
[2026-08-27T02:20:05.021+0000] {processor.py:830} INFO - Processing file /opt/airflow/dags/supermarket_etl_pipeline.py for tasks to queue
[2026-08-27T02:20:05.024+0000] {logging_mixin.py:188} INFO - [2026-08-27T02:20:05.023+0000] {dagbag.py:538} INFO - Filling up the DagBag from /opt/airflow/dags/supermarket_etl_pipeline.py
[2026-08-27T02:20:05.254+0000] {processor.py:840} INFO - DAG(s) 'supermarket_etl_pipeline' retrieved from /opt/airflow/dags/supermarket_etl_pipeline.py
[2026-08-27T02:20:05.275+0000] {logging_mixin.py:188} INFO - [2026-08-27T02:20:05.274+0000] {dag.py:3036} INFO - Sync 1 DAGs
[2026-08-27T02:20:05.284+0000] {logging_mixin.py:188} INFO - [2026-08-27T02:20:05.284+0000] {dag.py:3823} INFO - Setting next_dagrun for supermarket_etl_pipeline to None, run_after=None
[2026-08-27T02:20:05.302+0000] {processor.py:183} INFO - Processing /opt/airflow/dags/supermarket_etl_pipeline.py took 0.285 seconds
[2026-08-27T02:20:35.646+0000] {processor.py:161} INFO - Started process (PID=777) to work on /opt/airflow/dags/supermarket_etl_pipeline.py
[2026-08-27T02:20:35.648+0000] {processor.py:830} INFO - Processing file /opt/airflow/dags/supermarket_etl_pipeline.py for tasks to queue
[2026-08-27T02:20:35.649+0000] {logging_mixin.py:188} INFO - [2026-08-27T02:20:35.649+0000] {dagbag.py:538} INFO - Filling up the DagBag from /opt/airflow/dags/supermarket_etl_pipeline.py
[2026-08-27T02:20:35.871+0000] {processor.py:840} INFO - DAG(s) 'supermarket_etl_pipeline' retrieved from /opt/airflow/dags/supermarket_etl_pipeline.py
[2026-08-27T02:20:35.894+0000] {logging_mixin.py:188} INFO - [2026-08-27T02:20:35.893+0000] {dag.py:3036} INFO - Sync 1 DAGs
[2026-08-27T02:20:35.904+0000] {logging_mixin.py:188} INFO - [2026-08-27T02:20:35.904+0000] {dag.py:3823} INFO - Setting next_dagrun for supermarket_etl_pipeline to None, run_after=None
[2026-08-27T02:20:36.042+0000] {processor.py:183} INFO - Processing /opt/airflow/dags/supermarket_etl_pipeline.py took 0.398 seconds
[2026-08-27T02:21:06.486+0000] {processor.py:161} INFO - Started process (PID=783) to work on /opt/airflow/dags/supermarket_etl_pipeline.py
[2026-08-27T02:21:06.488+0000] {processor.py:830} INFO - Processing file /opt/airflow/dags/supermarket_etl_pipeline.py for tasks to queue
[2026-08-27T02:21:06.490+0000] {logging_mixin.py:188} INFO - [2026-08-27T02:21:06.490+0000] {dagbag.py:538} INFO - Filling up the DagBag from /opt/airflow/dags/supermarket_etl_pipeline.py
[2026-08-27T02:21:06.703+0000] {processor.py:840} INFO - DAG(s) 'supermarket_etl_pipeline' retrieved from /opt/airflow/dags/supermarket_etl_pipeline.py
[2026-08-27T02:21:06.726+0000] {logging_mixin.py:188} INFO - [2026-08-27T02:21:06.726+0000] {dag.py:3036} INFO - Sync 1 DAGs
[2026-08-27T02:21:06.741+0000] {logging_mixin.py:188} INFO - [2026-08-27T02:21:06.741+0000] {dag.py:3823} INFO - Setting next_dagrun for supermarket_etl_pipeline to None, run_after=None
[2026-08-27T02:21:06.766+0000] {processor.py:183} INFO - Processing /opt/airflow/dags/supermarket_etl_pipeline.py took 0.283 seconds
[2026-08-27T02:21:37.128+0000] {processor.py:161} INFO - Started process (PID=789) to work on /opt/airflow/dags/supermarket_etl_pipeline.py
[2026-08-27T02:21:37.130+0000] {processor.py:830} INFO - Processing file /opt/airflow/dags/supermarket_etl_pipeline.py for tasks to queue
[2026-08-27T02:21:37.131+0000] {logging_mixin.py:188} INFO - [2026-08-27T02:21:37.131+0000] {dagbag.py:538} INFO - Filling up the DagBag from /opt/airflow/dags/supermarket_etl_pipeline.py
[2026-08-27T02:21:37.367+0000] {processor.py:840} INFO - DAG(s) 'supermarket_etl_pipeline' retrieved from /opt/airflow/dags/supermarket_etl_pipeline.py
[2026-08-27T02:21:37.391+0000] {logging_mixin.py:188} INFO - [2026-08-27T02:21:37.391+0000] {dag.py:3036} INFO - Sync 1 DAGs
[2026-08-27T02:21:37.400+0000] {logging_mixin.py:188} INFO - [2026-08-27T02:21:37.400+0000] {dag.py:3823} INFO - Setting next_dagrun for supermarket_etl_pipeline to None, run_after=None
[2026-08-27T02:21:37.418+0000] {processor.py:183} INFO - Processing /opt/airflow/dags/supermarket_etl_pipeline.py took 0.293 seconds
[2026-08-27T02:22:07.867+0000] {processor.py:161} INFO - Started process (PID=795) to work on /opt/airflow/dags/supermarket_etl_pipeline.py
[2026-08-27T02:22:07.869+0000] {processor.py:830} INFO - Processing file /opt/airflow/dags/supermarket_etl_pipeline.py for tasks to queue
[2026-08-27T02:22:07.871+0000] {logging_mixin.py:188} INFO - [2026-08-27T02:22:07.871+0000] {dagbag.py:538} INFO - Filling up the DagBag from /opt/airflow/dags/supermarket_etl_pipeline.py
[2026-08-27T02:22:08.086+0000] {processor.py:840} INFO - DAG(s) 'supermarket_etl_pipeline' retrieved from /opt/airflow/dags/supermarket_etl_pipeline.py
[2026-08-27T02:22:08.107+0000] {logging_mixin.py:188} INFO - [2026-08-27T02:22:08.107+0000] {dag.py:3036} INFO - Sync 1 DAGs
[2026-08-27T02:22:08.117+0000] {logging_mixin.py:188} INFO - [2026-08-27T02:22:08.116+0000] {dag.py:3823} INFO - Setting next_dagrun for supermarket_etl_pipeline to None, run_after=None
[2026-08-27T02:22:08.136+0000] {processor.py:183} INFO - Processing /opt/airflow/dags/supermarket_etl_pipeline.py took 0.274 seconds
[2026-08-27T02:22:38.497+0000] {processor.py:161} INFO - Started process (PID=801) to work on /opt/airflow/dags/supermarket_etl_pipeline.py
[2026-08-27T02:22:38.498+0000] {processor.py:830} INFO - Processing file /opt/airflow/dags/supermarket_etl_pipeline.py for tasks to queue
[2026-08-27T02:22:38.500+0000] {logging_mixin.py:188} INFO - [2026-08-27T02:22:38.500+0000] {dagbag.py:538} INFO - Filling up the DagBag from /opt/airflow/dags/supermarket_etl_pipeline.py
[2026-08-27T02:22:38.723+0000] {processor.py:840} INFO - DAG(s) 'supermarket_etl_pipeline' retrieved from /opt/airflow/dags/supermarket_etl_pipeline.py
[2026-08-27T02:22:38.744+0000] {logging_mixin.py:188} INFO - [2026-08-27T02:22:38.743+0000] {dag.py:3036} INFO - Sync 1 DAGs
[2026-08-27T02:22:38.754+0000] {logging_mixin.py:188} INFO - [2026-08-27T02:22:38.754+0000] {dag.py:3823} INFO - Setting next_dagrun for supermarket_etl_pipeline to None, run_after=None
[2026-08-27T02:22:38.884+0000] {processor.py:183} INFO - Processing /opt/airflow/dags/supermarket_etl_pipeline.py took 0.390 seconds
[2026-08-27T02:23:09.349+0000] {processor.py:161} INFO - Started process (PID=807) to work on /opt/airflow/dags/supermarket_etl_pipeline.py
[2026-08-27T02:23:09.350+0000] {processor.py:830} INFO - Processing file /opt/airflow/dags/supermarket_etl_pipeline.py for tasks to queue
[2026-08-27T02:23:09.355+0000] {logging_mixin.py:188} INFO - [2026-08-27T02:23:09.354+0000] {dagbag.py:538} INFO - Filling up the DagBag from /opt/airflow/dags/supermarket_etl_pipeline.py
[2026-08-27T02:23:09.683+0000] {processor.py:840} INFO - DAG(s) 'supermarket_etl_pipeline' retrieved from /opt/airflow/dags/supermarket_etl_pipeline.py
[2026-08-27T02:23:09.703+0000] {logging_mixin.py:188} INFO - [2026-08-27T02:23:09.703+0000] {dag.py:3036} INFO - Sync 1 DAGs
[2026-08-27T02:23:09.822+0000] {logging_mixin.py:188} INFO - [2026-08-27T02:23:09.822+0000] {dag.py:3823} INFO - Setting next_dagrun for supermarket_etl_pipeline to None, run_after=None
[2026-08-27T02:23:09.841+0000] {processor.py:183} INFO - Processing /opt/airflow/dags/supermarket_etl_pipeline.py took 0.495 seconds
[2026-08-27T02:23:40.123+0000] {processor.py:161} INFO - Started process (PID=813) to work on /opt/airflow/dags/supermarket_etl_pipeline.py
[2026-08-27T02:23:40.127+0000] {processor.py:830} INFO - Processing file /opt/airflow/dags/supermarket_etl_pipeline.py for tasks to queue
[2026-08-27T02:23:40.129+0000] {logging_mixin.py:188} INFO - [2026-08-27T02:23:40.129+0000] {dagbag.py:538} INFO - Filling up the DagBag from /opt/airflow/dags/supermarket_etl_pipeline.py
[2026-08-27T02:23:40.347+0000] {processor.py:840} INFO - DAG(s) 'supermarket_etl_pipeline' retrieved from /opt/airflow/dags/supermarket_etl_pipeline.py
[2026-08-27T02:23:40.370+0000] {logging_mixin.py:188} INFO - [2026-08-27T02:23:40.369+0000] {dag.py:3036} INFO - Sync 1 DAGs
[2026-08-27T02:23:40.379+0000] {logging_mixin.py:188} INFO - [2026-08-27T02:23:40.378+0000] {dag.py:3823} INFO - Setting next_dagrun for supermarket_etl_pipeline to None, run_after=None
[2026-08-27T02:23:40.397+0000] {processor.py:183} INFO - Processing /opt/airflow/dags/supermarket_etl_pipeline.py took 0.276 seconds
[2026-08-27T02:24:10.555+0000] {processor.py:161} INFO - Started process (PID=819) to work on /opt/airflow/dags/supermarket_etl_pipeline.py
[2026-08-27T02:24:10.558+0000] {processor.py:830} INFO - Processing file /opt/airflow/dags/supermarket_etl_pipeline.py for tasks to queue
[2026-08-27T02:24:10.560+0000] {logging_mixin.py:188} INFO - [2026-08-27T02:24:10.560+0000] {dagbag.py:538} INFO - Filling up the DagBag from /opt/airflow/dags/supermarket_etl_pipeline.py
[2026-08-27T02:24:10.779+0000] {processor.py:840} INFO - DAG(s) 'supermarket_etl_pipeline' retrieved from /opt/airflow/dags/supermarket_etl_pipeline.py
[2026-08-27T02:24:10.799+0000] {logging_mixin.py:188} INFO - [2026-08-27T02:24:10.799+0000] {dag.py:3036} INFO - Sync 1 DAGs
[2026-08-27T02:24:10.809+0000] {logging_mixin.py:188} INFO - [2026-08-27T02:24:10.809+0000] {dag.py:3823} INFO - Setting next_dagrun for supermarket_etl_pipeline to None, run_after=None
[2026-08-27T02:24:10.831+0000] {processor.py:183} INFO - Processing /opt/airflow/dags/supermarket_etl_pipeline.py took 0.278 seconds
[2026-08-27T02:24:41.126+0000] {processor.py:161} INFO - Started process (PID=825) to work on /opt/airflow/dags/supermarket_etl_pipeline.py
[2026-08-27T02:24:41.128+0000] {processor.py:830} INFO - Processing file /opt/airflow/dags/supermarket_etl_pipeline.py for tasks to queue
[2026-08-27T02:24:41.130+0000] {logging_mixin.py:188} INFO - [2026-08-27T02:24:41.130+0000] {dagbag.py:538} INFO - Filling up the DagBag from /opt/airflow/dags/supermarket_etl_pipeline.py
[2026-08-27T02:24:41.421+0000] {processor.py:840} INFO - DAG(s) 'supermarket_etl_pipeline' retrieved from /opt/airflow/dags/supermarket_etl_pipeline.py
[2026-08-27T02:24:41.448+0000] {logging_mixin.py:188} INFO - [2026-08-27T02:24:41.447+0000] {dag.py:3036} INFO - Sync 1 DAGs
[2026-08-27T02:24:41.459+0000] {logging_mixin.py:188} INFO - [2026-08-27T02:24:41.459+0000] {dag.py:3823} INFO - Setting next_dagrun for supermarket_etl_pipeline to None, run_after=None
[2026-08-27T02:24:41.609+0000] {processor.py:183} INFO - Processing /opt/airflow/dags/supermarket_etl_pipeline.py took 0.486 seconds
[2026-08-27T02:25:12.021+0000] {processor.py:161} INFO - Started process (PID=831) to work on /opt/airflow/dags/supermarket_etl_pipeline.py
[2026-08-27T02:25:12.023+0000] {processor.py:830} INFO - Processing file /opt/airflow/dags/supermarket_etl_pipeline.py for tasks to queue
[2026-08-27T02:25:12.026+0000] {logging_mixin.py:188} INFO - [2026-08-27T02:25:12.025+0000] {dagbag.py:538} INFO - Filling up the DagBag from /opt/airflow/dags/supermarket_etl_pipeline.py
[2026-08-27T02:25:12.299+0000] {processor.py:840} INFO - DAG(s) 'supermarket_etl_pipeline' retrieved from /opt/airflow/dags/supermarket_etl_pipeline.py
[2026-08-27T02:25:12.334+0000] {logging_mixin.py:188} INFO - [2026-08-27T02:25:12.334+0000] {dag.py:3036} INFO - Sync 1 DAGs
[2026-08-27T02:25:12.473+0000] {logging_mixin.py:188} INFO - [2026-08-27T02:25:12.473+0000] {dag.py:3823} INFO - Setting next_dagrun for supermarket_etl_pipeline to None, run_after=None
[2026-08-27T02:25:12.494+0000] {processor.py:183} INFO - Processing /opt/airflow/dags/supermarket_etl_pipeline.py took 0.476 seconds
[2026-08-27T02:25:42.889+0000] {processor.py:161} INFO - Started process (PID=837) to work on /opt/airflow/dags/supermarket_etl_pipeline.py
[2026-08-27T02:25:42.890+0000] {processor.py:830} INFO - Processing file /opt/airflow/dags/supermarket_etl_pipeline.py for tasks to queue
[2026-08-27T02:25:42.892+0000] {logging_mixin.py:188} INFO - [2026-08-27T02:25:42.892+0000] {dagbag.py:538} INFO - Filling up the DagBag from /opt/airflow/dags/supermarket_etl_pipeline.py
[2026-08-27T02:25:43.103+0000] {processor.py:840} INFO - DAG(s) 'supermarket_etl_pipeline' retrieved from /opt/airflow/dags/supermarket_etl_pipeline.py
[2026-08-27T02:25:43.125+0000] {logging_mixin.py:188} INFO - [2026-08-27T02:25:43.124+0000] {dag.py:3036} INFO - Sync 1 DAGs
[2026-08-27T02:25:43.134+0000] {logging_mixin.py:188} INFO - [2026-08-27T02:25:43.133+0000] {dag.py:3823} INFO - Setting next_dagrun for supermarket_etl_pipeline to None, run_after=None
[2026-08-27T02:25:43.151+0000] {processor.py:183} INFO - Processing /opt/airflow/dags/supermarket_etl_pipeline.py took 0.265 seconds
[2026-08-27T02:26:13.253+0000] {processor.py:161} INFO - Started process (PID=843) to work on /opt/airflow/dags/supermarket_etl_pipeline.py
[2026-08-27T02:26:13.254+0000] {processor.py:830} INFO - Processing file /opt/airflow/dags/supermarket_etl_pipeline.py for tasks to queue
[2026-08-27T02:26:13.256+0000] {logging_mixin.py:188} INFO - [2026-08-27T02:26:13.256+0000] {dagbag.py:538} INFO - Filling up the DagBag from /opt/airflow/dags/supermarket_etl_pipeline.py
[2026-08-27T02:26:13.476+0000] {processor.py:840} INFO - DAG(s) 'supermarket_etl_pipeline' retrieved from /opt/airflow/dags/supermarket_etl_pipeline.py
[2026-08-27T02:26:13.500+0000] {logging_mixin.py:188} INFO - [2026-08-27T02:26:13.499+0000] {dag.py:3036} INFO - Sync 1 DAGs
[2026-08-27T02:26:13.510+0000] {logging_mixin.py:188} INFO - [2026-08-27T02:26:13.509+0000] {dag.py:3823} INFO - Setting next_dagrun for supermarket_etl_pipeline to None, run_after=None
[2026-08-27T02:26:13.528+0000] {processor.py:183} INFO - Processing /opt/airflow/dags/supermarket_etl_pipeline.py took 0.278 seconds
[2026-08-27T02:26:43.819+0000] {processor.py:161} INFO - Started process (PID=849) to work on /opt/airflow/dags/supermarket_etl_pipeline.py
[2026-08-27T02:26:43.820+0000] {processor.py:830} INFO - Processing file /opt/airflow/dags/supermarket_etl_pipeline.py for tasks to queue
[2026-08-27T02:26:43.822+0000] {logging_mixin.py:188} INFO - [2026-08-27T02:26:43.821+0000] {dagbag.py:538} INFO - Filling up the DagBag from /opt/airflow/dags/supermarket_etl_pipeline.py
[2026-08-27T02:26:44.043+0000] {processor.py:840} INFO - DAG(s) 'supermarket_etl_pipeline' retrieved from /opt/airflow/dags/supermarket_etl_pipeline.py
[2026-08-27T02:26:44.067+0000] {logging_mixin.py:188} INFO - [2026-08-27T02:26:44.066+0000] {dag.py:3036} INFO - Sync 1 DAGs
[2026-08-27T02:26:44.077+0000] {logging_mixin.py:188} INFO - [2026-08-27T02:26:44.076+0000] {dag.py:3823} INFO - Setting next_dagrun for supermarket_etl_pipeline to None, run_after=None
[2026-08-27T02:26:44.223+0000] {processor.py:183} INFO - Processing /opt/airflow/dags/supermarket_etl_pipeline.py took 0.407 seconds
[2026-08-27T02:27:14.510+0000] {processor.py:161} INFO - Started process (PID=855) to work on /opt/airflow/dags/supermarket_etl_pipeline.py
[2026-08-27T02:27:14.511+0000] {processor.py:830} INFO - Processing file /opt/airflow/dags/supermarket_etl_pipeline.py for tasks to queue
[2026-08-27T02:27:14.513+0000] {logging_mixin.py:188} INFO - [2026-08-27T02:27:14.513+0000] {dagbag.py:538} INFO - Filling up the DagBag from /opt/airflow/dags/supermarket_etl_pipeline.py
[2026-08-27T02:27:14.754+0000] {processor.py:840} INFO - DAG(s) 'supermarket_etl_pipeline' retrieved from /opt/airflow/dags/supermarket_etl_pipeline.py
[2026-08-27T02:27:14.783+0000] {logging_mixin.py:188} INFO - [2026-08-27T02:27:14.783+0000] {dag.py:3036} INFO - Sync 1 DAGs
[2026-08-27T02:27:14.920+0000] {logging_mixin.py:188} INFO - [2026-08-27T02:27:14.919+0000] {dag.py:3823} INFO - Setting next_dagrun for supermarket_etl_pipeline to None, run_after=None
[2026-08-27T02:27:14.941+0000] {processor.py:183} INFO - Processing /opt/airflow/dags/supermarket_etl_pipeline.py took 0.434 seconds
[2026-08-27T02:27:45.309+0000] {processor.py:161} INFO - Started process (PID=861) to work on /opt/airflow/dags/supermarket_etl_pipeline.py
[2026-08-27T02:27:45.310+0000] {processor.py:830} INFO - Processing file /opt/airflow/dags/supermarket_etl_pipeline.py for tasks to queue
[2026-08-27T02:27:45.312+0000] {logging_mixin.py:188} INFO - [2026-08-27T02:27:45.311+0000] {dagbag.py:538} INFO - Filling up the DagBag from /opt/airflow/dags/supermarket_etl_pipeline.py
[2026-08-27T02:27:45.528+0000] {processor.py:840} INFO - DAG(s) 'supermarket_etl_pipeline' retrieved from /opt/airflow/dags/supermarket_etl_pipeline.py
[2026-08-27T02:27:45.553+0000] {logging_mixin.py:188} INFO - [2026-08-27T02:27:45.553+0000] {dag.py:3036} INFO - Sync 1 DAGs
[2026-08-27T02:27:45.563+0000] {logging_mixin.py:188} INFO - [2026-08-27T02:27:45.563+0000] {dag.py:3823} INFO - Setting next_dagrun for supermarket_etl_pipeline to None, run_after=None
[2026-08-27T02:27:45.583+0000] {processor.py:183} INFO - Processing /opt/airflow/dags/supermarket_etl_pipeline.py took 0.279 seconds
[2026-08-27T02:28:15.954+0000] {processor.py:161} INFO - Started process (PID=867) to work on /opt/airflow/dags/supermarket_etl_pipeline.py
[2026-08-27T02:28:15.955+0000] {processor.py:830} INFO - Processing file /opt/airflow/dags/supermarket_etl_pipeline.py for tasks to queue
[2026-08-27T02:28:15.957+0000] {logging_mixin.py:188} INFO - [2026-08-27T02:28:15.957+0000] {dagbag.py:538} INFO - Filling up the DagBag from /opt/airflow/dags/supermarket_etl_pipeline.py
[2026-08-27T02:28:16.227+0000] {processor.py:840} INFO - DAG(s) 'supermarket_etl_pipeline' retrieved from /opt/airflow/dags/supermarket_etl_pipeline.py
[2026-08-27T02:28:16.251+0000] {logging_mixin.py:188} INFO - [2026-08-27T02:28:16.251+0000] {dag.py:3036} INFO - Sync 1 DAGs
[2026-08-27T02:28:16.262+0000] {logging_mixin.py:188} INFO - [2026-08-27T02:28:16.262+0000] {dag.py:3823} INFO - Setting next_dagrun for supermarket_etl_pipeline to None, run_after=None
[2026-08-27T02:28:16.283+0000] {processor.py:183} INFO - Processing /opt/airflow/dags/supermarket_etl_pipeline.py took 0.333 seconds
[2026-08-27T02:28:46.579+0000] {processor.py:161} INFO - Started process (PID=873) to work on /opt/airflow/dags/supermarket_etl_pipeline.py
[2026-08-27T02:28:46.581+0000] {processor.py:830} INFO - Processing file /opt/airflow/dags/supermarket_etl_pipeline.py for tasks to queue
[2026-08-27T02:28:46.583+0000] {logging_mixin.py:188} INFO - [2026-08-27T02:28:46.583+0000] {dagbag.py:538} INFO - Filling up the DagBag from /opt/airflow/dags/supermarket_etl_pipeline.py
[2026-08-27T02:28:46.802+0000] {processor.py:840} INFO - DAG(s) 'supermarket_etl_pipeline' retrieved from /opt/airflow/dags/supermarket_etl_pipeline.py
[2026-08-27T02:28:46.822+0000] {logging_mixin.py:188} INFO - [2026-08-27T02:28:46.822+0000] {dag.py:3036} INFO - Sync 1 DAGs
[2026-08-27T02:28:46.831+0000] {logging_mixin.py:188} INFO - [2026-08-27T02:28:46.831+0000] {dag.py:3823} INFO - Setting next_dagrun for supermarket_etl_pipeline to None, run_after=None
[2026-08-27T02:28:46.958+0000] {processor.py:183} INFO - Processing /opt/airflow/dags/supermarket_etl_pipeline.py took 0.382 seconds
[2026-08-27T02:29:17.366+0000] {processor.py:161} INFO - Started process (PID=879) to work on /opt/airflow/dags/supermarket_etl_pipeline.py
[2026-08-27T02:29:17.368+0000] {processor.py:830} INFO - Processing file /opt/airflow/dags/supermarket_etl_pipeline.py for tasks to queue
[2026-08-27T02:29:17.370+0000] {logging_mixin.py:188} INFO - [2026-08-27T02:29:17.369+0000] {dagbag.py:538} INFO - Filling up the DagBag from /opt/airflow/dags/supermarket_etl_pipeline.py
[2026-08-27T02:29:17.591+0000] {processor.py:840} INFO - DAG(s) 'supermarket_etl_pipeline' retrieved from /opt/airflow/dags/supermarket_etl_pipeline.py
[2026-08-27T02:29:17.611+0000] {logging_mixin.py:188} INFO - [2026-08-27T02:29:17.611+0000] {dag.py:3036} INFO - Sync 1 DAGs
[2026-08-27T02:29:17.719+0000] {logging_mixin.py:188} INFO - [2026-08-27T02:29:17.719+0000] {dag.py:3823} INFO - Setting next_dagrun for supermarket_etl_pipeline to None, run_after=None
[2026-08-27T02:29:17.741+0000] {processor.py:183} INFO - Processing /opt/airflow/dags/supermarket_etl_pipeline.py took 0.379 seconds
[2026-08-27T02:29:48.115+0000] {processor.py:161} INFO - Started process (PID=885) to work on /opt/airflow/dags/supermarket_etl_pipeline.py
[2026-08-27T02:29:48.117+0000] {processor.py:830} INFO - Processing file /opt/airflow/dags/supermarket_etl_pipeline.py for tasks to queue
[2026-08-27T02:29:48.120+0000] {logging_mixin.py:188} INFO - [2026-08-27T02:29:48.119+0000] {dagbag.py:538} INFO - Filling up the DagBag from /opt/airflow/dags/supermarket_etl_pipeline.py
[2026-08-27T02:29:48.324+0000] {processor.py:840} INFO - DAG(s) 'supermarket_etl_pipeline' retrieved from /opt/airflow/dags/supermarket_etl_pipeline.py
[2026-08-27T02:29:48.346+0000] {logging_mixin.py:188} INFO - [2026-08-27T02:29:48.346+0000] {dag.py:3036} INFO - Sync 1 DAGs
[2026-08-27T02:29:48.356+0000] {logging_mixin.py:188} INFO - [2026-08-27T02:29:48.355+0000] {dag.py:3823} INFO - Setting next_dagrun for supermarket_etl_pipeline to None, run_after=None
[2026-08-27T02:29:48.374+0000] {processor.py:183} INFO - Processing /opt/airflow/dags/supermarket_etl_pipeline.py took 0.261 seconds
[2026-08-27T02:30:18.451+0000] {processor.py:161} INFO - Started process (PID=891) to work on /opt/airflow/dags/supermarket_etl_pipeline.py
[2026-08-27T02:30:18.453+0000] {processor.py:830} INFO - Processing file /opt/airflow/dags/supermarket_etl_pipeline.py for tasks to queue
[2026-08-27T02:30:18.454+0000] {logging_mixin.py:188} INFO - [2026-08-27T02:30:18.454+0000] {dagbag.py:538} INFO - Filling up the DagBag from /opt/airflow/dags/supermarket_etl_pipeline.py
[2026-08-27T02:30:18.672+0000] {processor.py:840} INFO - DAG(s) 'supermarket_etl_pipeline' retrieved from /opt/airflow/dags/supermarket_etl_pipeline.py
[2026-08-27T02:30:18.696+0000] {logging_mixin.py:188} INFO - [2026-08-27T02:30:18.696+0000] {dag.py:3036} INFO - Sync 1 DAGs
[2026-08-27T02:30:18.706+0000] {logging_mixin.py:188} INFO - [2026-08-27T02:30:18.706+0000] {dag.py:3823} INFO - Setting next_dagrun for supermarket_etl_pipeline to None, run_after=None
[2026-08-27T02:30:18.726+0000] {processor.py:183} INFO - Processing /opt/airflow/dags/supermarket_etl_pipeline.py took 0.277 seconds
[2026-08-27T02:30:49.063+0000] {processor.py:161} INFO - Started process (PID=897) to work on /opt/airflow/dags/supermarket_etl_pipeline.py
[2026-08-27T02:30:49.065+0000] {processor.py:830} INFO - Processing file /opt/airflow/dags/supermarket_etl_pipeline.py for tasks to queue
[2026-08-27T02:30:49.066+0000] {logging_mixin.py:188} INFO - [2026-08-27T02:30:49.066+0000] {dagbag.py:538} INFO - Filling up the DagBag from /opt/airflow/dags/supermarket_etl_pipeline.py
[2026-08-27T02:30:49.328+0000] {processor.py:840} INFO - DAG(s) 'supermarket_etl_pipeline' retrieved from /opt/airflow/dags/supermarket_etl_pipeline.py
[2026-08-27T02:30:49.358+0000] {logging_mixin.py:188} INFO - [2026-08-27T02:30:49.358+0000] {dag.py:3036} INFO - Sync 1 DAGs
[2026-08-27T02:30:49.372+0000] {logging_mixin.py:188} INFO - [2026-08-27T02:30:49.372+0000] {dag.py:3823} INFO - Setting next_dagrun for supermarket_etl_pipeline to None, run_after=None
[2026-08-27T02:30:49.560+0000] {processor.py:183} INFO - Processing /opt/airflow/dags/supermarket_etl_pipeline.py took 0.500 seconds
[2026-08-27T02:31:19.896+0000] {processor.py:161} INFO - Started process (PID=903) to work on /opt/airflow/dags/supermarket_etl_pipeline.py
[2026-08-27T02:31:19.897+0000] {processor.py:830} INFO - Processing file /opt/airflow/dags/supermarket_etl_pipeline.py for tasks to queue
[2026-08-27T02:31:19.899+0000] {logging_mixin.py:188} INFO - [2026-08-27T02:31:19.899+0000] {dagbag.py:538} INFO - Filling up the DagBag from /opt/airflow/dags/supermarket_etl_pipeline.py
[2026-08-27T02:31:20.122+0000] {processor.py:840} INFO - DAG(s) 'supermarket_etl_pipeline' retrieved from /opt/airflow/dags/supermarket_etl_pipeline.py
[2026-08-27T02:31:20.143+0000] {logging_mixin.py:188} INFO - [2026-08-27T02:31:20.143+0000] {dag.py:3036} INFO - Sync 1 DAGs
[2026-08-27T02:31:20.257+0000] {logging_mixin.py:188} INFO - [2026-08-27T02:31:20.257+0000] {dag.py:3823} INFO - Setting next_dagrun for supermarket_etl_pipeline to None, run_after=None
[2026-08-27T02:31:20.275+0000] {processor.py:183} INFO - Processing /opt/airflow/dags/supermarket_etl_pipeline.py took 0.382 seconds
[2026-08-27T02:31:50.676+0000] {processor.py:161} INFO - Started process (PID=909) to work on /opt/airflow/dags/supermarket_etl_pipeline.py
[2026-08-27T02:31:50.678+0000] {processor.py:830} INFO - Processing file /opt/airflow/dags/supermarket_etl_pipeline.py for tasks to queue
[2026-08-27T02:31:50.679+0000] {logging_mixin.py:188} INFO - [2026-08-27T02:31:50.679+0000] {dagbag.py:538} INFO - Filling up the DagBag from /opt/airflow/dags/supermarket_etl_pipeline.py
[2026-08-27T02:31:50.880+0000] {processor.py:840} INFO - DAG(s) 'supermarket_etl_pipeline' retrieved from /opt/airflow/dags/supermarket_etl_pipeline.py
[2026-08-27T02:31:50.903+0000] {logging_mixin.py:188} INFO - [2026-08-27T02:31:50.903+0000] {dag.py:3036} INFO - Sync 1 DAGs
[2026-08-27T02:31:50.912+0000] {logging_mixin.py:188} INFO - [2026-08-27T02:31:50.912+0000] {dag.py:3823} INFO - Setting next_dagrun for supermarket_etl_pipeline to None, run_after=None
[2026-08-27T02:31:50.928+0000] {processor.py:183} INFO - Processing /opt/airflow/dags/supermarket_etl_pipeline.py took 0.255 seconds
[2026-08-27T02:32:20.999+0000] {processor.py:161} INFO - Started process (PID=915) to work on /opt/airflow/dags/supermarket_etl_pipeline.py
[2026-08-27T02:32:21.002+0000] {processor.py:830} INFO - Processing file /opt/airflow/dags/supermarket_etl_pipeline.py for tasks to queue
[2026-08-27T02:32:21.004+0000] {logging_mixin.py:188} INFO - [2026-08-27T02:32:21.004+0000] {dagbag.py:538} INFO - Filling up the DagBag from /opt/airflow/dags/supermarket_etl_pipeline.py
[2026-08-27T02:32:21.279+0000] {processor.py:840} INFO - DAG(s) 'supermarket_etl_pipeline' retrieved from /opt/airflow/dags/supermarket_etl_pipeline.py
[2026-08-27T02:32:21.308+0000] {logging_mixin.py:188} INFO - [2026-08-27T02:32:21.308+0000] {dag.py:3036} INFO - Sync 1 DAGs
[2026-08-27T02:32:21.320+0000] {logging_mixin.py:188} INFO - [2026-08-27T02:32:21.320+0000] {dag.py:3823} INFO - Setting next_dagrun for supermarket_etl_pipeline to None, run_after=None
[2026-08-27T02:32:21.343+0000] {processor.py:183} INFO - Processing /opt/airflow/dags/supermarket_etl_pipeline.py took 0.348 seconds
[2026-08-27T02:32:51.634+0000] {processor.py:161} INFO - Started process (PID=921) to work on /opt/airflow/dags/supermarket_etl_pipeline.py
[2026-08-27T02:32:51.636+0000] {processor.py:830} INFO - Processing file /opt/airflow/dags/supermarket_etl_pipeline.py for tasks to queue
[2026-08-27T02:32:51.637+0000] {logging_mixin.py:188} INFO - [2026-08-27T02:32:51.637+0000] {dagbag.py:538} INFO - Filling up the DagBag from /opt/airflow/dags/supermarket_etl_pipeline.py
[2026-08-27T02:32:51.866+0000] {processor.py:840} INFO - DAG(s) 'supermarket_etl_pipeline' retrieved from /opt/airflow/dags/supermarket_etl_pipeline.py
[2026-08-27T02:32:51.891+0000] {logging_mixin.py:188} INFO - [2026-08-27T02:32:51.890+0000] {dag.py:3036} INFO - Sync 1 DAGs
[2026-08-27T02:32:51.900+0000] {logging_mixin.py:188} INFO - [2026-08-27T02:32:51.900+0000] {dag.py:3823} INFO - Setting next_dagrun for supermarket_etl_pipeline to None, run_after=None
[2026-08-27T02:32:52.017+0000] {processor.py:183} INFO - Processing /opt/airflow/dags/supermarket_etl_pipeline.py took 0.385 seconds
[2026-08-27T02:33:22.383+0000] {processor.py:161} INFO - Started process (PID=927) to work on /opt/airflow/dags/supermarket_etl_pipeline.py
[2026-08-27T02:33:22.386+0000] {processor.py:830} INFO - Processing file /opt/airflow/dags/supermarket_etl_pipeline.py for tasks to queue
[2026-08-27T02:33:22.388+0000] {logging_mixin.py:188} INFO - [2026-08-27T02:33:22.387+0000] {dagbag.py:538} INFO - Filling up the DagBag from /opt/airflow/dags/supermarket_etl_pipeline.py
[2026-08-27T02:33:22.608+0000] {processor.py:840} INFO - DAG(s) 'supermarket_etl_pipeline' retrieved from /opt/airflow/dags/supermarket_etl_pipeline.py
[2026-08-27T02:33:22.628+0000] {logging_mixin.py:188} INFO - [2026-08-27T02:33:22.628+0000] {dag.py:3036} INFO - Sync 1 DAGs
[2026-08-27T02:33:22.739+0000] {logging_mixin.py:188} INFO - [2026-08-27T02:33:22.739+0000] {dag.py:3823} INFO - Setting next_dagrun for supermarket_etl_pipeline to None, run_after=None
[2026-08-27T02:33:22.758+0000] {processor.py:183} INFO - Processing /opt/airflow/dags/supermarket_etl_pipeline.py took 0.377 seconds
[2026-08-27T02:33:53.125+0000] {processor.py:161} INFO - Started process (PID=933) to work on /opt/airflow/dags/supermarket_etl_pipeline.py
[2026-08-27T02:33:53.126+0000] {processor.py:830} INFO - Processing file /opt/airflow/dags/supermarket_etl_pipeline.py for tasks to queue
[2026-08-27T02:33:53.127+0000] {logging_mixin.py:188} INFO - [2026-08-27T02:33:53.127+0000] {dagbag.py:538} INFO - Filling up the DagBag from /opt/airflow/dags/supermarket_etl_pipeline.py
[2026-08-27T02:33:53.411+0000] {processor.py:840} INFO - DAG(s) 'supermarket_etl_pipeline' retrieved from /opt/airflow/dags/supermarket_etl_pipeline.py
[2026-08-27T02:33:53.434+0000] {logging_mixin.py:188} INFO - [2026-08-27T02:33:53.434+0000] {dag.py:3036} INFO - Sync 1 DAGs
[2026-08-27T02:33:53.444+0000] {logging_mixin.py:188} INFO - [2026-08-27T02:33:53.444+0000] {dag.py:3823} INFO - Setting next_dagrun for supermarket_etl_pipeline to None, run_after=None
[2026-08-27T02:33:53.466+0000] {processor.py:183} INFO - Processing /opt/airflow/dags/supermarket_etl_pipeline.py took 0.345 seconds
[2026-08-27T02:34:23.800+0000] {processor.py:161} INFO - Started process (PID=939) to work on /opt/airflow/dags/supermarket_etl_pipeline.py
[2026-08-27T02:34:23.802+0000] {processor.py:830} INFO - Processing file /opt/airflow/dags/supermarket_etl_pipeline.py for tasks to queue
[2026-08-27T02:34:23.804+0000] {logging_mixin.py:188} INFO - [2026-08-27T02:34:23.804+0000] {dagbag.py:538} INFO - Filling up the DagBag from /opt/airflow/dags/supermarket_etl_pipeline.py
[2026-08-27T02:34:24.018+0000] {processor.py:840} INFO - DAG(s) 'supermarket_etl_pipeline' retrieved from /opt/airflow/dags/supermarket_etl_pipeline.py
[2026-08-27T02:34:24.039+0000] {logging_mixin.py:188} INFO - [2026-08-27T02:34:24.038+0000] {dag.py:3036} INFO - Sync 1 DAGs
[2026-08-27T02:34:24.048+0000] {logging_mixin.py:188} INFO - [2026-08-27T02:34:24.048+0000] {dag.py:3823} INFO - Setting next_dagrun for supermarket_etl_pipeline to None, run_after=None
[2026-08-27T02:34:24.067+0000] {processor.py:183} INFO - Processing /opt/airflow/dags/supermarket_etl_pipeline.py took 0.269 seconds
[2026-08-27T02:34:54.179+0000] {processor.py:161} INFO - Started process (PID=945) to work on /opt/airflow/dags/supermarket_etl_pipeline.py
[2026-08-27T02:34:54.181+0000] {processor.py:830} INFO - Processing file /opt/airflow/dags/supermarket_etl_pipeline.py for tasks to queue
[2026-08-27T02:34:54.183+0000] {logging_mixin.py:188} INFO - [2026-08-27T02:34:54.182+0000] {dagbag.py:538} INFO - Filling up the DagBag from /opt/airflow/dags/supermarket_etl_pipeline.py
[2026-08-27T02:34:54.463+0000] {processor.py:840} INFO - DAG(s) 'supermarket_etl_pipeline' retrieved from /opt/airflow/dags/supermarket_etl_pipeline.py
[2026-08-27T02:34:54.483+0000] {logging_mixin.py:188} INFO - [2026-08-27T02:34:54.483+0000] {dag.py:3036} INFO - Sync 1 DAGs
[2026-08-27T02:34:54.492+0000] {logging_mixin.py:188} INFO - [2026-08-27T02:34:54.492+0000] {dag.py:3823} INFO - Setting next_dagrun for supermarket_etl_pipeline to None, run_after=None
[2026-08-27T02:34:54.514+0000] {processor.py:183} INFO - Processing /opt/airflow/dags/supermarket_etl_pipeline.py took 0.338 seconds
[2026-08-27T02:35:24.713+0000] {processor.py:161} INFO - Started process (PID=951) to work on /opt/airflow/dags/supermarket_etl_pipeline.py
[2026-08-27T02:35:24.715+0000] {processor.py:830} INFO - Processing file /opt/airflow/dags/supermarket_etl_pipeline.py for tasks to queue
[2026-08-27T02:35:24.716+0000] {logging_mixin.py:188} INFO - [2026-08-27T02:35:24.716+0000] {dagbag.py:538} INFO - Filling up the DagBag from /opt/airflow/dags/supermarket_etl_pipeline.py
[2026-08-27T02:35:24.919+0000] {processor.py:840} INFO - DAG(s) 'supermarket_etl_pipeline' retrieved from /opt/airflow/dags/supermarket_etl_pipeline.py
[2026-08-27T02:35:24.939+0000] {logging_mixin.py:188} INFO - [2026-08-27T02:35:24.939+0000] {dag.py:3036} INFO - Sync 1 DAGs
[2026-08-27T02:35:25.049+0000] {logging_mixin.py:188} INFO - [2026-08-27T02:35:25.049+0000] {dag.py:3823} INFO - Setting next_dagrun for supermarket_etl_pipeline to None, run_after=None
[2026-08-27T02:35:25.070+0000] {processor.py:183} INFO - Processing /opt/airflow/dags/supermarket_etl_pipeline.py took 0.359 seconds
[2026-08-27T02:35:55.177+0000] {processor.py:161} INFO - Started process (PID=957) to work on /opt/airflow/dags/supermarket_etl_pipeline.py
[2026-08-27T02:35:55.178+0000] {processor.py:830} INFO - Processing file /opt/airflow/dags/supermarket_etl_pipeline.py for tasks to queue
[2026-08-27T02:35:55.180+0000] {logging_mixin.py:188} INFO - [2026-08-27T02:35:55.180+0000] {dagbag.py:538} INFO - Filling up the DagBag from /opt/airflow/dags/supermarket_etl_pipeline.py
[2026-08-27T02:35:55.379+0000] {processor.py:840} INFO - DAG(s) 'supermarket_etl_pipeline' retrieved from /opt/airflow/dags/supermarket_etl_pipeline.py
[2026-08-27T02:35:55.400+0000] {logging_mixin.py:188} INFO - [2026-08-27T02:35:55.400+0000] {dag.py:3036} INFO - Sync 1 DAGs
[2026-08-27T02:35:55.411+0000] {logging_mixin.py:188} INFO - [2026-08-27T02:35:55.410+0000] {dag.py:3823} INFO - Setting next_dagrun for supermarket_etl_pipeline to None, run_after=None
[2026-08-27T02:35:55.429+0000] {processor.py:183} INFO - Processing /opt/airflow/dags/supermarket_etl_pipeline.py took 0.256 seconds
[2026-08-27T02:36:25.760+0000] {processor.py:161} INFO - Started process (PID=963) to work on /opt/airflow/dags/supermarket_etl_pipeline.py
[2026-08-27T02:36:25.762+0000] {processor.py:830} INFO - Processing file /opt/airflow/dags/supermarket_etl_pipeline.py for tasks to queue
[2026-08-27T02:36:25.764+0000] {logging_mixin.py:188} INFO - [2026-08-27T02:36:25.763+0000] {dagbag.py:538} INFO - Filling up the DagBag from /opt/airflow/dags/supermarket_etl_pipeline.py
[2026-08-27T02:36:26.034+0000] {processor.py:840} INFO - DAG(s) 'supermarket_etl_pipeline' retrieved from /opt/airflow/dags/supermarket_etl_pipeline.py
[2026-08-27T02:36:26.089+0000] {logging_mixin.py:188} INFO - [2026-08-27T02:36:26.089+0000] {dag.py:3036} INFO - Sync 1 DAGs
[2026-08-27T02:36:26.100+0000] {logging_mixin.py:188} INFO - [2026-08-27T02:36:26.100+0000] {dag.py:3823} INFO - Setting next_dagrun for supermarket_etl_pipeline to None, run_after=None
[2026-08-27T02:36:26.129+0000] {processor.py:183} INFO - Processing /opt/airflow/dags/supermarket_etl_pipeline.py took 0.372 seconds
[2026-08-27T02:36:56.468+0000] {processor.py:161} INFO - Started process (PID=969) to work on /opt/airflow/dags/supermarket_etl_pipeline.py
[2026-08-27T02:36:56.470+0000] {processor.py:830} INFO - Processing file /opt/airflow/dags/supermarket_etl_pipeline.py for tasks to queue
[2026-08-27T02:36:56.472+0000] {logging_mixin.py:188} INFO - [2026-08-27T02:36:56.471+0000] {dagbag.py:538} INFO - Filling up the DagBag from /opt/airflow/dags/supermarket_etl_pipeline.py
[2026-08-27T02:36:56.692+0000] {processor.py:840} INFO - DAG(s) 'supermarket_etl_pipeline' retrieved from /opt/airflow/dags/supermarket_etl_pipeline.py
[2026-08-27T02:36:56.720+0000] {logging_mixin.py:188} INFO - [2026-08-27T02:36:56.720+0000] {dag.py:3036} INFO - Sync 1 DAGs
[2026-08-27T02:36:56.732+0000] {logging_mixin.py:188} INFO - [2026-08-27T02:36:56.732+0000] {dag.py:3823} INFO - Setting next_dagrun for supermarket_etl_pipeline to None, run_after=None
[2026-08-27T02:36:56.754+0000] {processor.py:183} INFO - Processing /opt/airflow/dags/supermarket_etl_pipeline.py took 0.289 seconds
[2026-08-27T02:37:26.975+0000] {processor.py:161} INFO - Started process (PID=975) to work on /opt/airflow/dags/supermarket_etl_pipeline.py
[2026-08-27T02:37:26.977+0000] {processor.py:830} INFO - Processing file /opt/airflow/dags/supermarket_etl_pipeline.py for tasks to queue
[2026-08-27T02:37:26.980+0000] {logging_mixin.py:188} INFO - [2026-08-27T02:37:26.979+0000] {dagbag.py:538} INFO - Filling up the DagBag from /opt/airflow/dags/supermarket_etl_pipeline.py
[2026-08-27T02:37:27.244+0000] {processor.py:840} INFO - DAG(s) 'supermarket_etl_pipeline' retrieved from /opt/airflow/dags/supermarket_etl_pipeline.py
[2026-08-27T02:37:27.272+0000] {logging_mixin.py:188} INFO - [2026-08-27T02:37:27.272+0000] {dag.py:3036} INFO - Sync 1 DAGs
[2026-08-27T02:37:27.407+0000] {logging_mixin.py:188} INFO - [2026-08-27T02:37:27.407+0000] {dag.py:3823} INFO - Setting next_dagrun for supermarket_etl_pipeline to None, run_after=None
[2026-08-27T02:37:27.427+0000] {processor.py:183} INFO - Processing /opt/airflow/dags/supermarket_etl_pipeline.py took 0.455 seconds
[2026-08-27T02:37:57.694+0000] {processor.py:161} INFO - Started process (PID=981) to work on /opt/airflow/dags/supermarket_etl_pipeline.py
[2026-08-27T02:37:57.696+0000] {processor.py:830} INFO - Processing file /opt/airflow/dags/supermarket_etl_pipeline.py for tasks to queue
[2026-08-27T02:37:57.698+0000] {logging_mixin.py:188} INFO - [2026-08-27T02:37:57.698+0000] {dagbag.py:538} INFO - Filling up the DagBag from /opt/airflow/dags/supermarket_etl_pipeline.py
[2026-08-27T02:37:57.918+0000] {processor.py:840} INFO - DAG(s) 'supermarket_etl_pipeline' retrieved from /opt/airflow/dags/supermarket_etl_pipeline.py
[2026-08-27T02:37:58.040+0000] {logging_mixin.py:188} INFO - [2026-08-27T02:37:58.039+0000] {dag.py:3036} INFO - Sync 1 DAGs
[2026-08-27T02:37:58.048+0000] {logging_mixin.py:188} INFO - [2026-08-27T02:37:58.048+0000] {dag.py:3823} INFO - Setting next_dagrun for supermarket_etl_pipeline to None, run_after=None
[2026-08-27T02:37:58.064+0000] {processor.py:183} INFO - Processing /opt/airflow/dags/supermarket_etl_pipeline.py took 0.372 seconds
[2026-08-27T02:38:28.375+0000] {processor.py:161} INFO - Started process (PID=987) to work on /opt/airflow/dags/supermarket_etl_pipeline.py
[2026-08-27T02:38:28.377+0000] {processor.py:830} INFO - Processing file /opt/airflow/dags/supermarket_etl_pipeline.py for tasks to queue
[2026-08-27T02:38:28.378+0000] {logging_mixin.py:188} INFO - [2026-08-27T02:38:28.378+0000] {dagbag.py:538} INFO - Filling up the DagBag from /opt/airflow/dags/supermarket_etl_pipeline.py
[2026-08-27T02:38:28.587+0000] {processor.py:840} INFO - DAG(s) 'supermarket_etl_pipeline' retrieved from /opt/airflow/dags/supermarket_etl_pipeline.py
[2026-08-27T02:38:28.609+0000] {logging_mixin.py:188} INFO - [2026-08-27T02:38:28.608+0000] {dag.py:3036} INFO - Sync 1 DAGs
[2026-08-27T02:38:28.619+0000] {logging_mixin.py:188} INFO - [2026-08-27T02:38:28.619+0000] {dag.py:3823} INFO - Setting next_dagrun for supermarket_etl_pipeline to None, run_after=None
[2026-08-27T02:38:28.636+0000] {processor.py:183} INFO - Processing /opt/airflow/dags/supermarket_etl_pipeline.py took 0.263 seconds
[2026-08-27T02:38:58.933+0000] {processor.py:161} INFO - Started process (PID=993) to work on /opt/airflow/dags/supermarket_etl_pipeline.py
[2026-08-27T02:38:58.935+0000] {processor.py:830} INFO - Processing file /opt/airflow/dags/supermarket_etl_pipeline.py for tasks to queue
[2026-08-27T02:38:58.937+0000] {logging_mixin.py:188} INFO - [2026-08-27T02:38:58.937+0000] {dagbag.py:538} INFO - Filling up the DagBag from /opt/airflow/dags/supermarket_etl_pipeline.py
[2026-08-27T02:38:59.162+0000] {processor.py:840} INFO - DAG(s) 'supermarket_etl_pipeline' retrieved from /opt/airflow/dags/supermarket_etl_pipeline.py
[2026-08-27T02:38:59.188+0000] {logging_mixin.py:188} INFO - [2026-08-27T02:38:59.188+0000] {dag.py:3036} INFO - Sync 1 DAGs
[2026-08-27T02:38:59.199+0000] {logging_mixin.py:188} INFO - [2026-08-27T02:38:59.198+0000] {dag.py:3823} INFO - Setting next_dagrun for supermarket_etl_pipeline to None, run_after=None
[2026-08-27T02:38:59.226+0000] {processor.py:183} INFO - Processing /opt/airflow/dags/supermarket_etl_pipeline.py took 0.297 seconds
[2026-08-27T02:39:29.535+0000] {processor.py:161} INFO - Started process (PID=999) to work on /opt/airflow/dags/supermarket_etl_pipeline.py
[2026-08-27T02:39:29.537+0000] {processor.py:830} INFO - Processing file /opt/airflow/dags/supermarket_etl_pipeline.py for tasks to queue
[2026-08-27T02:39:29.538+0000] {logging_mixin.py:188} INFO - [2026-08-27T02:39:29.538+0000] {dagbag.py:538} INFO - Filling up the DagBag from /opt/airflow/dags/supermarket_etl_pipeline.py
[2026-08-27T02:39:29.784+0000] {processor.py:840} INFO - DAG(s) 'supermarket_etl_pipeline' retrieved from /opt/airflow/dags/supermarket_etl_pipeline.py
[2026-08-27T02:39:29.809+0000] {logging_mixin.py:188} INFO - [2026-08-27T02:39:29.808+0000] {dag.py:3036} INFO - Sync 1 DAGs
[2026-08-27T02:39:29.928+0000] {logging_mixin.py:188} INFO - [2026-08-27T02:39:29.928+0000] {dag.py:3823} INFO - Setting next_dagrun for supermarket_etl_pipeline to None, run_after=None
[2026-08-27T02:39:29.948+0000] {processor.py:183} INFO - Processing /opt/airflow/dags/supermarket_etl_pipeline.py took 0.417 seconds
[2026-08-27T02:40:00.248+0000] {processor.py:161} INFO - Started process (PID=1005) to work on /opt/airflow/dags/supermarket_etl_pipeline.py
[2026-08-27T02:40:00.250+0000] {processor.py:830} INFO - Processing file /opt/airflow/dags/supermarket_etl_pipeline.py for tasks to queue
[2026-08-27T02:40:00.251+0000] {logging_mixin.py:188} INFO - [2026-08-27T02:40:00.251+0000] {dagbag.py:538} INFO - Filling up the DagBag from /opt/airflow/dags/supermarket_etl_pipeline.py
[2026-08-27T02:40:00.480+0000] {processor.py:840} INFO - DAG(s) 'supermarket_etl_pipeline' retrieved from /opt/airflow/dags/supermarket_etl_pipeline.py
[2026-08-27T02:40:00.606+0000] {logging_mixin.py:188} INFO - [2026-08-27T02:40:00.606+0000] {dag.py:3036} INFO - Sync 1 DAGs
[2026-08-27T02:40:00.615+0000] {logging_mixin.py:188} INFO - [2026-08-27T02:40:00.615+0000] {dag.py:3823} INFO - Setting next_dagrun for supermarket_etl_pipeline to None, run_after=None
[2026-08-27T02:40:00.636+0000] {processor.py:183} INFO - Processing /opt/airflow/dags/supermarket_etl_pipeline.py took 0.391 seconds
[2026-08-27T02:40:30.944+0000] {processor.py:161} INFO - Started process (PID=1011) to work on /opt/airflow/dags/supermarket_etl_pipeline.py
[2026-08-27T02:40:30.946+0000] {processor.py:830} INFO - Processing file /opt/airflow/dags/supermarket_etl_pipeline.py for tasks to queue
[2026-08-27T02:40:30.950+0000] {logging_mixin.py:188} INFO - [2026-08-27T02:40:30.949+0000] {dagbag.py:538} INFO - Filling up the DagBag from /opt/airflow/dags/supermarket_etl_pipeline.py
[2026-08-27T02:40:31.165+0000] {processor.py:840} INFO - DAG(s) 'supermarket_etl_pipeline' retrieved from /opt/airflow/dags/supermarket_etl_pipeline.py
[2026-08-27T02:40:31.188+0000] {logging_mixin.py:188} INFO - [2026-08-27T02:40:31.187+0000] {dag.py:3036} INFO - Sync 1 DAGs
[2026-08-27T02:40:31.198+0000] {logging_mixin.py:188} INFO - [2026-08-27T02:40:31.198+0000] {dag.py:3823} INFO - Setting next_dagrun for supermarket_etl_pipeline to None, run_after=None
[2026-08-27T02:40:31.218+0000] {processor.py:183} INFO - Processing /opt/airflow/dags/supermarket_etl_pipeline.py took 0.277 seconds
[2026-08-27T02:41:01.524+0000] {processor.py:161} INFO - Started process (PID=1017) to work on /opt/airflow/dags/supermarket_etl_pipeline.py
[2026-08-27T02:41:01.526+0000] {processor.py:830} INFO - Processing file /opt/airflow/dags/supermarket_etl_pipeline.py for tasks to queue
[2026-08-27T02:41:01.527+0000] {logging_mixin.py:188} INFO - [2026-08-27T02:41:01.527+0000] {dagbag.py:538} INFO - Filling up the DagBag from /opt/airflow/dags/supermarket_etl_pipeline.py
[2026-08-27T02:41:01.750+0000] {processor.py:840} INFO - DAG(s) 'supermarket_etl_pipeline' retrieved from /opt/airflow/dags/supermarket_etl_pipeline.py
[2026-08-27T02:41:01.772+0000] {logging_mixin.py:188} INFO - [2026-08-27T02:41:01.772+0000] {dag.py:3036} INFO - Sync 1 DAGs
[2026-08-27T02:41:01.782+0000] {logging_mixin.py:188} INFO - [2026-08-27T02:41:01.782+0000] {dag.py:3823} INFO - Setting next_dagrun for supermarket_etl_pipeline to None, run_after=None
[2026-08-27T02:41:01.804+0000] {processor.py:183} INFO - Processing /opt/airflow/dags/supermarket_etl_pipeline.py took 0.283 seconds
[2026-08-27T02:41:32.133+0000] {processor.py:161} INFO - Started process (PID=1023) to work on /opt/airflow/dags/supermarket_etl_pipeline.py
[2026-08-27T02:41:32.135+0000] {processor.py:830} INFO - Processing file /opt/airflow/dags/supermarket_etl_pipeline.py for tasks to queue
[2026-08-27T02:41:32.137+0000] {logging_mixin.py:188} INFO - [2026-08-27T02:41:32.137+0000] {dagbag.py:538} INFO - Filling up the DagBag from /opt/airflow/dags/supermarket_etl_pipeline.py
[2026-08-27T02:41:32.360+0000] {processor.py:840} INFO - DAG(s) 'supermarket_etl_pipeline' retrieved from /opt/airflow/dags/supermarket_etl_pipeline.py
[2026-08-27T02:41:32.382+0000] {logging_mixin.py:188} INFO - [2026-08-27T02:41:32.382+0000] {dag.py:3036} INFO - Sync 1 DAGs
[2026-08-27T02:41:32.508+0000] {logging_mixin.py:188} INFO - [2026-08-27T02:41:32.507+0000] {dag.py:3823} INFO - Setting next_dagrun for supermarket_etl_pipeline to None, run_after=None
[2026-08-27T02:41:32.530+0000] {processor.py:183} INFO - Processing /opt/airflow/dags/supermarket_etl_pipeline.py took 0.401 seconds
[2026-08-27T02:42:02.939+0000] {processor.py:161} INFO - Started process (PID=1029) to work on /opt/airflow/dags/supermarket_etl_pipeline.py
[2026-08-27T02:42:02.941+0000] {processor.py:830} INFO - Processing file /opt/airflow/dags/supermarket_etl_pipeline.py for tasks to queue
[2026-08-27T02:42:02.943+0000] {logging_mixin.py:188} INFO - [2026-08-27T02:42:02.943+0000] {dagbag.py:538} INFO - Filling up the DagBag from /opt/airflow/dags/supermarket_etl_pipeline.py
[2026-08-27T02:42:03.162+0000] {processor.py:840} INFO - DAG(s) 'supermarket_etl_pipeline' retrieved from /opt/airflow/dags/supermarket_etl_pipeline.py
[2026-08-27T02:42:03.184+0000] {logging_mixin.py:188} INFO - [2026-08-27T02:42:03.184+0000] {dag.py:3036} INFO - Sync 1 DAGs
[2026-08-27T02:42:03.294+0000] {logging_mixin.py:188} INFO - [2026-08-27T02:42:03.294+0000] {dag.py:3823} INFO - Setting next_dagrun for supermarket_etl_pipeline to None, run_after=None
[2026-08-27T02:42:03.313+0000] {processor.py:183} INFO - Processing /opt/airflow/dags/supermarket_etl_pipeline.py took 0.378 seconds
[2026-08-27T02:42:33.643+0000] {processor.py:161} INFO - Started process (PID=1035) to work on /opt/airflow/dags/supermarket_etl_pipeline.py
[2026-08-27T02:42:33.645+0000] {processor.py:830} INFO - Processing file /opt/airflow/dags/supermarket_etl_pipeline.py for tasks to queue
[2026-08-27T02:42:33.646+0000] {logging_mixin.py:188} INFO - [2026-08-27T02:42:33.646+0000] {dagbag.py:538} INFO - Filling up the DagBag from /opt/airflow/dags/supermarket_etl_pipeline.py
[2026-08-27T02:42:33.959+0000] {processor.py:840} INFO - DAG(s) 'supermarket_etl_pipeline' retrieved from /opt/airflow/dags/supermarket_etl_pipeline.py
[2026-08-27T02:42:33.977+0000] {logging_mixin.py:188} INFO - [2026-08-27T02:42:33.977+0000] {dag.py:3036} INFO - Sync 1 DAGs
[2026-08-27T02:42:33.985+0000] {logging_mixin.py:188} INFO - [2026-08-27T02:42:33.984+0000] {dag.py:3823} INFO - Setting next_dagrun for supermarket_etl_pipeline to None, run_after=None
[2026-08-27T02:42:34.002+0000] {processor.py:183} INFO - Processing /opt/airflow/dags/supermarket_etl_pipeline.py took 0.362 seconds
[2026-08-27T02:43:04.373+0000] {processor.py:161} INFO - Started process (PID=1041) to work on /opt/airflow/dags/supermarket_etl_pipeline.py
[2026-08-27T02:43:04.375+0000] {processor.py:830} INFO - Processing file /opt/airflow/dags/supermarket_etl_pipeline.py for tasks to queue
[2026-08-27T02:43:04.377+0000] {logging_mixin.py:188} INFO - [2026-08-27T02:43:04.376+0000] {dagbag.py:538} INFO - Filling up the DagBag from /opt/airflow/dags/supermarket_etl_pipeline.py
[2026-08-27T02:43:04.605+0000] {processor.py:840} INFO - DAG(s) 'supermarket_etl_pipeline' retrieved from /opt/airflow/dags/supermarket_etl_pipeline.py
[2026-08-27T02:43:04.630+0000] {logging_mixin.py:188} INFO - [2026-08-27T02:43:04.630+0000] {dag.py:3036} INFO - Sync 1 DAGs
[2026-08-27T02:43:04.644+0000] {logging_mixin.py:188} INFO - [2026-08-27T02:43:04.644+0000] {dag.py:3823} INFO - Setting next_dagrun for supermarket_etl_pipeline to None, run_after=None
[2026-08-27T02:43:04.673+0000] {processor.py:183} INFO - Processing /opt/airflow/dags/supermarket_etl_pipeline.py took 0.303 seconds
[2026-08-27T02:43:35.064+0000] {processor.py:161} INFO - Started process (PID=1047) to work on /opt/airflow/dags/supermarket_etl_pipeline.py
[2026-08-27T02:43:35.066+0000] {processor.py:830} INFO - Processing file /opt/airflow/dags/supermarket_etl_pipeline.py for tasks to queue
[2026-08-27T02:43:35.068+0000] {logging_mixin.py:188} INFO - [2026-08-27T02:43:35.067+0000] {dagbag.py:538} INFO - Filling up the DagBag from /opt/airflow/dags/supermarket_etl_pipeline.py
[2026-08-27T02:43:35.272+0000] {processor.py:840} INFO - DAG(s) 'supermarket_etl_pipeline' retrieved from /opt/airflow/dags/supermarket_etl_pipeline.py
[2026-08-27T02:43:35.291+0000] {logging_mixin.py:188} INFO - [2026-08-27T02:43:35.291+0000] {dag.py:3036} INFO - Sync 1 DAGs
[2026-08-27T02:43:35.398+0000] {logging_mixin.py:188} INFO - [2026-08-27T02:43:35.398+0000] {dag.py:3823} INFO - Setting next_dagrun for supermarket_etl_pipeline to None, run_after=None
[2026-08-27T02:43:35.419+0000] {processor.py:183} INFO - Processing /opt/airflow/dags/supermarket_etl_pipeline.py took 0.357 seconds
[2026-08-27T02:44:05.837+0000] {processor.py:161} INFO - Started process (PID=1053) to work on /opt/airflow/dags/supermarket_etl_pipeline.py
[2026-08-27T02:44:05.839+0000] {processor.py:830} INFO - Processing file /opt/airflow/dags/supermarket_etl_pipeline.py for tasks to queue
[2026-08-27T02:44:05.841+0000] {logging_mixin.py:188} INFO - [2026-08-27T02:44:05.841+0000] {dagbag.py:538} INFO - Filling up the DagBag from /opt/airflow/dags/supermarket_etl_pipeline.py
[2026-08-27T02:44:06.063+0000] {processor.py:840} INFO - DAG(s) 'supermarket_etl_pipeline' retrieved from /opt/airflow/dags/supermarket_etl_pipeline.py
[2026-08-27T02:44:06.178+0000] {logging_mixin.py:188} INFO - [2026-08-27T02:44:06.178+0000] {dag.py:3036} INFO - Sync 1 DAGs
[2026-08-27T02:44:06.186+0000] {logging_mixin.py:188} INFO - [2026-08-27T02:44:06.186+0000] {dag.py:3823} INFO - Setting next_dagrun for supermarket_etl_pipeline to None, run_after=None
[2026-08-27T02:44:06.202+0000] {processor.py:183} INFO - Processing /opt/airflow/dags/supermarket_etl_pipeline.py took 0.368 seconds
[2026-08-27T02:44:36.589+0000] {processor.py:161} INFO - Started process (PID=1059) to work on /opt/airflow/dags/supermarket_etl_pipeline.py
[2026-08-27T02:44:36.591+0000] {processor.py:830} INFO - Processing file /opt/airflow/dags/supermarket_etl_pipeline.py for tasks to queue
[2026-08-27T02:44:36.592+0000] {logging_mixin.py:188} INFO - [2026-08-27T02:44:36.592+0000] {dagbag.py:538} INFO - Filling up the DagBag from /opt/airflow/dags/supermarket_etl_pipeline.py
[2026-08-27T02:44:36.906+0000] {processor.py:840} INFO - DAG(s) 'supermarket_etl_pipeline' retrieved from /opt/airflow/dags/supermarket_etl_pipeline.py
[2026-08-27T02:44:36.928+0000] {logging_mixin.py:188} INFO - [2026-08-27T02:44:36.928+0000] {dag.py:3036} INFO - Sync 1 DAGs
[2026-08-27T02:44:36.935+0000] {logging_mixin.py:188} INFO - [2026-08-27T02:44:36.935+0000] {dag.py:3823} INFO - Setting next_dagrun for supermarket_etl_pipeline to None, run_after=None
[2026-08-27T02:44:36.951+0000] {processor.py:183} INFO - Processing /opt/airflow/dags/supermarket_etl_pipeline.py took 0.367 seconds
[2026-08-27T02:45:07.297+0000] {processor.py:161} INFO - Started process (PID=1065) to work on /opt/airflow/dags/supermarket_etl_pipeline.py
[2026-08-27T02:45:07.299+0000] {processor.py:830} INFO - Processing file /opt/airflow/dags/supermarket_etl_pipeline.py for tasks to queue
[2026-08-27T02:45:07.303+0000] {logging_mixin.py:188} INFO - [2026-08-27T02:45:07.303+0000] {dagbag.py:538} INFO - Filling up the DagBag from /opt/airflow/dags/supermarket_etl_pipeline.py
[2026-08-27T02:45:07.616+0000] {processor.py:840} INFO - DAG(s) 'supermarket_etl_pipeline' retrieved from /opt/airflow/dags/supermarket_etl_pipeline.py
[2026-08-27T02:45:07.633+0000] {logging_mixin.py:188} INFO - [2026-08-27T02:45:07.633+0000] {dag.py:3036} INFO - Sync 1 DAGs
[2026-08-27T02:45:07.641+0000] {logging_mixin.py:188} INFO - [2026-08-27T02:45:07.640+0000] {dag.py:3823} INFO - Setting next_dagrun for supermarket_etl_pipeline to None, run_after=None
[2026-08-27T02:45:07.656+0000] {processor.py:183} INFO - Processing /opt/airflow/dags/supermarket_etl_pipeline.py took 0.362 seconds
[2026-08-27T02:45:38.009+0000] {processor.py:161} INFO - Started process (PID=1071) to work on /opt/airflow/dags/supermarket_etl_pipeline.py
[2026-08-27T02:45:38.011+0000] {processor.py:830} INFO - Processing file /opt/airflow/dags/supermarket_etl_pipeline.py for tasks to queue
[2026-08-27T02:45:38.014+0000] {logging_mixin.py:188} INFO - [2026-08-27T02:45:38.013+0000] {dagbag.py:538} INFO - Filling up the DagBag from /opt/airflow/dags/supermarket_etl_pipeline.py
[2026-08-27T02:45:38.333+0000] {processor.py:840} INFO - DAG(s) 'supermarket_etl_pipeline' retrieved from /opt/airflow/dags/supermarket_etl_pipeline.py
[2026-08-27T02:45:38.349+0000] {logging_mixin.py:188} INFO - [2026-08-27T02:45:38.349+0000] {dag.py:3036} INFO - Sync 1 DAGs
[2026-08-27T02:45:38.358+0000] {logging_mixin.py:188} INFO - [2026-08-27T02:45:38.357+0000] {dag.py:3823} INFO - Setting next_dagrun for supermarket_etl_pipeline to None, run_after=None
[2026-08-27T02:45:38.374+0000] {processor.py:183} INFO - Processing /opt/airflow/dags/supermarket_etl_pipeline.py took 0.370 seconds
[2026-08-27T02:46:08.765+0000] {processor.py:161} INFO - Started process (PID=1077) to work on /opt/airflow/dags/supermarket_etl_pipeline.py
[2026-08-27T02:46:08.767+0000] {processor.py:830} INFO - Processing file /opt/airflow/dags/supermarket_etl_pipeline.py for tasks to queue
[2026-08-27T02:46:08.769+0000] {logging_mixin.py:188} INFO - [2026-08-27T02:46:08.769+0000] {dagbag.py:538} INFO - Filling up the DagBag from /opt/airflow/dags/supermarket_etl_pipeline.py
[2026-08-27T02:46:08.987+0000] {processor.py:840} INFO - DAG(s) 'supermarket_etl_pipeline' retrieved from /opt/airflow/dags/supermarket_etl_pipeline.py
[2026-08-27T02:46:09.099+0000] {logging_mixin.py:188} INFO - [2026-08-27T02:46:09.099+0000] {dag.py:3036} INFO - Sync 1 DAGs
[2026-08-27T02:46:09.108+0000] {logging_mixin.py:188} INFO - [2026-08-27T02:46:09.107+0000] {dag.py:3823} INFO - Setting next_dagrun for supermarket_etl_pipeline to None, run_after=None
[2026-08-27T02:46:09.132+0000] {processor.py:183} INFO - Processing /opt/airflow/dags/supermarket_etl_pipeline.py took 0.371 seconds
[2026-08-27T02:46:39.545+0000] {processor.py:161} INFO - Started process (PID=1083) to work on /opt/airflow/dags/supermarket_etl_pipeline.py
[2026-08-27T02:46:39.547+0000] {processor.py:830} INFO - Processing file /opt/airflow/dags/supermarket_etl_pipeline.py for tasks to queue
[2026-08-27T02:46:39.548+0000] {logging_mixin.py:188} INFO - [2026-08-27T02:46:39.548+0000] {dagbag.py:538} INFO - Filling up the DagBag from /opt/airflow/dags/supermarket_etl_pipeline.py
[2026-08-27T02:46:39.867+0000] {processor.py:840} INFO - DAG(s) 'supermarket_etl_pipeline' retrieved from /opt/airflow/dags/supermarket_etl_pipeline.py
[2026-08-27T02:46:39.885+0000] {logging_mixin.py:188} INFO - [2026-08-27T02:46:39.885+0000] {dag.py:3036} INFO - Sync 1 DAGs
[2026-08-27T02:46:39.897+0000] {logging_mixin.py:188} INFO - [2026-08-27T02:46:39.897+0000] {dag.py:3823} INFO - Setting next_dagrun for supermarket_etl_pipeline to None, run_after=None
[2026-08-27T02:46:39.929+0000] {processor.py:183} INFO - Processing /opt/airflow/dags/supermarket_etl_pipeline.py took 0.386 seconds
[2026-08-27T02:47:10.382+0000] {processor.py:161} INFO - Started process (PID=1089) to work on /opt/airflow/dags/supermarket_etl_pipeline.py
[2026-08-27T02:47:10.385+0000] {processor.py:830} INFO - Processing file /opt/airflow/dags/supermarket_etl_pipeline.py for tasks to queue
[2026-08-27T02:47:10.388+0000] {logging_mixin.py:188} INFO - [2026-08-27T02:47:10.388+0000] {dagbag.py:538} INFO - Filling up the DagBag from /opt/airflow/dags/supermarket_etl_pipeline.py
[2026-08-27T02:47:10.813+0000] {processor.py:840} INFO - DAG(s) 'supermarket_etl_pipeline' retrieved from /opt/airflow/dags/supermarket_etl_pipeline.py
[2026-08-27T02:47:10.844+0000] {logging_mixin.py:188} INFO - [2026-08-27T02:47:10.844+0000] {dag.py:3036} INFO - Sync 1 DAGs
[2026-08-27T02:47:10.854+0000] {logging_mixin.py:188} INFO - [2026-08-27T02:47:10.854+0000] {dag.py:3823} INFO - Setting next_dagrun for supermarket_etl_pipeline to None, run_after=None
[2026-08-27T02:47:10.877+0000] {processor.py:183} INFO - Processing /opt/airflow/dags/supermarket_etl_pipeline.py took 0.498 seconds
[2026-08-27T02:47:41.230+0000] {processor.py:161} INFO - Started process (PID=1095) to work on /opt/airflow/dags/supermarket_etl_pipeline.py
[2026-08-27T02:47:41.231+0000] {processor.py:830} INFO - Processing file /opt/airflow/dags/supermarket_etl_pipeline.py for tasks to queue
[2026-08-27T02:47:41.232+0000] {logging_mixin.py:188} INFO - [2026-08-27T02:47:41.232+0000] {dagbag.py:538} INFO - Filling up the DagBag from /opt/airflow/dags/supermarket_etl_pipeline.py
[2026-08-27T02:47:41.498+0000] {processor.py:840} INFO - DAG(s) 'supermarket_etl_pipeline' retrieved from /opt/airflow/dags/supermarket_etl_pipeline.py
[2026-08-27T02:47:41.515+0000] {logging_mixin.py:188} INFO - [2026-08-27T02:47:41.514+0000] {dag.py:3036} INFO - Sync 1 DAGs
[2026-08-27T02:47:41.523+0000] {logging_mixin.py:188} INFO - [2026-08-27T02:47:41.523+0000] {dag.py:3823} INFO - Setting next_dagrun for supermarket_etl_pipeline to None, run_after=None
[2026-08-27T02:47:41.544+0000] {processor.py:183} INFO - Processing /opt/airflow/dags/supermarket_etl_pipeline.py took 0.317 seconds
[2026-08-27T02:48:11.679+0000] {processor.py:161} INFO - Started process (PID=1101) to work on /opt/airflow/dags/supermarket_etl_pipeline.py
[2026-08-27T02:48:11.680+0000] {processor.py:830} INFO - Processing file /opt/airflow/dags/supermarket_etl_pipeline.py for tasks to queue
[2026-08-27T02:48:11.681+0000] {logging_mixin.py:188} INFO - [2026-08-27T02:48:11.681+0000] {dagbag.py:538} INFO - Filling up the DagBag from /opt/airflow/dags/supermarket_etl_pipeline.py
[2026-08-27T02:48:11.995+0000] {processor.py:840} INFO - DAG(s) 'supermarket_etl_pipeline' retrieved from /opt/airflow/dags/supermarket_etl_pipeline.py
[2026-08-27T02:48:12.013+0000] {logging_mixin.py:188} INFO - [2026-08-27T02:48:12.012+0000] {dag.py:3036} INFO - Sync 1 DAGs
[2026-08-27T02:48:12.020+0000] {logging_mixin.py:188} INFO - [2026-08-27T02:48:12.020+0000] {dag.py:3823} INFO - Setting next_dagrun for supermarket_etl_pipeline to None, run_after=None
[2026-08-27T02:48:12.040+0000] {processor.py:183} INFO - Processing /opt/airflow/dags/supermarket_etl_pipeline.py took 0.364 seconds
[2026-08-27T02:48:42.152+0000] {processor.py:161} INFO - Started process (PID=1107) to work on /opt/airflow/dags/supermarket_etl_pipeline.py
[2026-08-27T02:48:42.153+0000] {processor.py:830} INFO - Processing file /opt/airflow/dags/supermarket_etl_pipeline.py for tasks to queue
[2026-08-27T02:48:42.155+0000] {logging_mixin.py:188} INFO - [2026-08-27T02:48:42.155+0000] {dagbag.py:538} INFO - Filling up the DagBag from /opt/airflow/dags/supermarket_etl_pipeline.py
[2026-08-27T02:48:42.481+0000] {processor.py:840} INFO - DAG(s) 'supermarket_etl_pipeline' retrieved from /opt/airflow/dags/supermarket_etl_pipeline.py
[2026-08-27T02:48:42.502+0000] {logging_mixin.py:188} INFO - [2026-08-27T02:48:42.502+0000] {dag.py:3036} INFO - Sync 1 DAGs
[2026-08-27T02:48:42.510+0000] {logging_mixin.py:188} INFO - [2026-08-27T02:48:42.510+0000] {dag.py:3823} INFO - Setting next_dagrun for supermarket_etl_pipeline to None, run_after=None
[2026-08-27T02:48:42.528+0000] {processor.py:183} INFO - Processing /opt/airflow/dags/supermarket_etl_pipeline.py took 0.379 seconds
[2026-08-27T02:49:12.756+0000] {processor.py:161} INFO - Started process (PID=1113) to work on /opt/airflow/dags/supermarket_etl_pipeline.py
[2026-08-27T02:49:12.762+0000] {processor.py:830} INFO - Processing file /opt/airflow/dags/supermarket_etl_pipeline.py for tasks to queue
[2026-08-27T02:49:12.769+0000] {logging_mixin.py:188} INFO - [2026-08-27T02:49:12.768+0000] {dagbag.py:538} INFO - Filling up the DagBag from /opt/airflow/dags/supermarket_etl_pipeline.py
[2026-08-27T02:49:13.496+0000] {processor.py:840} INFO - DAG(s) 'supermarket_etl_pipeline' retrieved from /opt/airflow/dags/supermarket_etl_pipeline.py
[2026-08-27T02:49:13.535+0000] {logging_mixin.py:188} INFO - [2026-08-27T02:49:13.535+0000] {dag.py:3036} INFO - Sync 1 DAGs
[2026-08-27T02:49:13.549+0000] {logging_mixin.py:188} INFO - [2026-08-27T02:49:13.548+0000] {dag.py:3823} INFO - Setting next_dagrun for supermarket_etl_pipeline to None, run_after=None
[2026-08-27T02:49:13.584+0000] {processor.py:183} INFO - Processing /opt/airflow/dags/supermarket_etl_pipeline.py took 0.833 seconds
[2026-08-27T02:49:43.921+0000] {processor.py:161} INFO - Started process (PID=1119) to work on /opt/airflow/dags/supermarket_etl_pipeline.py
[2026-08-27T02:49:43.923+0000] {processor.py:830} INFO - Processing file /opt/airflow/dags/supermarket_etl_pipeline.py for tasks to queue
[2026-08-27T02:49:43.925+0000] {logging_mixin.py:188} INFO - [2026-08-27T02:49:43.925+0000] {dagbag.py:538} INFO - Filling up the DagBag from /opt/airflow/dags/supermarket_etl_pipeline.py
[2026-08-27T02:49:44.238+0000] {processor.py:840} INFO - DAG(s) 'supermarket_etl_pipeline' retrieved from /opt/airflow/dags/supermarket_etl_pipeline.py
[2026-08-27T02:49:44.256+0000] {logging_mixin.py:188} INFO - [2026-08-27T02:49:44.255+0000] {dag.py:3036} INFO - Sync 1 DAGs
[2026-08-27T02:49:44.265+0000] {logging_mixin.py:188} INFO - [2026-08-27T02:49:44.265+0000] {dag.py:3823} INFO - Setting next_dagrun for supermarket_etl_pipeline to None, run_after=None
[2026-08-27T02:49:44.282+0000] {processor.py:183} INFO - Processing /opt/airflow/dags/supermarket_etl_pipeline.py took 0.364 seconds
[2026-08-27T02:50:14.543+0000] {processor.py:161} INFO - Started process (PID=1125) to work on /opt/airflow/dags/supermarket_etl_pipeline.py
[2026-08-27T02:50:14.544+0000] {processor.py:830} INFO - Processing file /opt/airflow/dags/supermarket_etl_pipeline.py for tasks to queue
[2026-08-27T02:50:14.546+0000] {logging_mixin.py:188} INFO - [2026-08-27T02:50:14.546+0000] {dagbag.py:538} INFO - Filling up the DagBag from /opt/airflow/dags/supermarket_etl_pipeline.py
[2026-08-27T02:50:14.935+0000] {processor.py:840} INFO - DAG(s) 'supermarket_etl_pipeline' retrieved from /opt/airflow/dags/supermarket_etl_pipeline.py
[2026-08-27T02:50:14.968+0000] {logging_mixin.py:188} INFO - [2026-08-27T02:50:14.967+0000] {dag.py:3036} INFO - Sync 1 DAGs
[2026-08-27T02:50:14.979+0000] {logging_mixin.py:188} INFO - [2026-08-27T02:50:14.979+0000] {dag.py:3823} INFO - Setting next_dagrun for supermarket_etl_pipeline to None, run_after=None
[2026-08-27T02:50:15.002+0000] {processor.py:183} INFO - Processing /opt/airflow/dags/supermarket_etl_pipeline.py took 0.462 seconds
[2026-08-27T02:50:45.270+0000] {processor.py:161} INFO - Started process (PID=1131) to work on /opt/airflow/dags/supermarket_etl_pipeline.py
[2026-08-27T02:50:45.271+0000] {processor.py:830} INFO - Processing file /opt/airflow/dags/supermarket_etl_pipeline.py for tasks to queue
[2026-08-27T02:50:45.273+0000] {logging_mixin.py:188} INFO - [2026-08-27T02:50:45.273+0000] {dagbag.py:538} INFO - Filling up the DagBag from /opt/airflow/dags/supermarket_etl_pipeline.py
[2026-08-27T02:50:45.599+0000] {processor.py:840} INFO - DAG(s) 'supermarket_etl_pipeline' retrieved from /opt/airflow/dags/supermarket_etl_pipeline.py
[2026-08-27T02:50:45.618+0000] {logging_mixin.py:188} INFO - [2026-08-27T02:50:45.617+0000] {dag.py:3036} INFO - Sync 1 DAGs
[2026-08-27T02:50:45.626+0000] {logging_mixin.py:188} INFO - [2026-08-27T02:50:45.626+0000] {dag.py:3823} INFO - Setting next_dagrun for supermarket_etl_pipeline to None, run_after=None
[2026-08-27T02:50:45.644+0000] {processor.py:183} INFO - Processing /opt/airflow/dags/supermarket_etl_pipeline.py took 0.377 seconds
[2026-08-27T02:51:15.920+0000] {processor.py:161} INFO - Started process (PID=1137) to work on /opt/airflow/dags/supermarket_etl_pipeline.py
[2026-08-27T02:51:15.922+0000] {processor.py:830} INFO - Processing file /opt/airflow/dags/supermarket_etl_pipeline.py for tasks to queue
[2026-08-27T02:51:15.923+0000] {logging_mixin.py:188} INFO - [2026-08-27T02:51:15.923+0000] {dagbag.py:538} INFO - Filling up the DagBag from /opt/airflow/dags/supermarket_etl_pipeline.py
[2026-08-27T02:51:16.285+0000] {processor.py:840} INFO - DAG(s) 'supermarket_etl_pipeline' retrieved from /opt/airflow/dags/supermarket_etl_pipeline.py
[2026-08-27T02:51:16.305+0000] {logging_mixin.py:188} INFO - [2026-08-27T02:51:16.304+0000] {dag.py:3036} INFO - Sync 1 DAGs
[2026-08-27T02:51:16.315+0000] {logging_mixin.py:188} INFO - [2026-08-27T02:51:16.315+0000] {dag.py:3823} INFO - Setting next_dagrun for supermarket_etl_pipeline to None, run_after=None
[2026-08-27T02:51:16.332+0000] {processor.py:183} INFO - Processing /opt/airflow/dags/supermarket_etl_pipeline.py took 0.416 seconds
[2026-08-27T02:51:46.601+0000] {processor.py:161} INFO - Started process (PID=1143) to work on /opt/airflow/dags/supermarket_etl_pipeline.py
[2026-08-27T02:51:46.603+0000] {processor.py:830} INFO - Processing file /opt/airflow/dags/supermarket_etl_pipeline.py for tasks to queue
[2026-08-27T02:51:46.604+0000] {logging_mixin.py:188} INFO - [2026-08-27T02:51:46.604+0000] {dagbag.py:538} INFO - Filling up the DagBag from /opt/airflow/dags/supermarket_etl_pipeline.py
[2026-08-27T02:51:46.946+0000] {processor.py:840} INFO - DAG(s) 'supermarket_etl_pipeline' retrieved from /opt/airflow/dags/supermarket_etl_pipeline.py
[2026-08-27T02:51:46.966+0000] {logging_mixin.py:188} INFO - [2026-08-27T02:51:46.966+0000] {dag.py:3036} INFO - Sync 1 DAGs
[2026-08-27T02:51:46.976+0000] {logging_mixin.py:188} INFO - [2026-08-27T02:51:46.976+0000] {dag.py:3823} INFO - Setting next_dagrun for supermarket_etl_pipeline to None, run_after=None
[2026-08-27T02:51:46.996+0000] {processor.py:183} INFO - Processing /opt/airflow/dags/supermarket_etl_pipeline.py took 0.397 seconds
[2026-08-27T02:52:17.284+0000] {processor.py:161} INFO - Started process (PID=1149) to work on /opt/airflow/dags/supermarket_etl_pipeline.py
[2026-08-27T02:52:17.286+0000] {processor.py:830} INFO - Processing file /opt/airflow/dags/supermarket_etl_pipeline.py for tasks to queue
[2026-08-27T02:52:17.288+0000] {logging_mixin.py:188} INFO - [2026-08-27T02:52:17.288+0000] {dagbag.py:538} INFO - Filling up the DagBag from /opt/airflow/dags/supermarket_etl_pipeline.py
[2026-08-27T02:52:17.623+0000] {processor.py:840} INFO - DAG(s) 'supermarket_etl_pipeline' retrieved from /opt/airflow/dags/supermarket_etl_pipeline.py
[2026-08-27T02:52:17.642+0000] {logging_mixin.py:188} INFO - [2026-08-27T02:52:17.642+0000] {dag.py:3036} INFO - Sync 1 DAGs
[2026-08-27T02:52:17.650+0000] {logging_mixin.py:188} INFO - [2026-08-27T02:52:17.650+0000] {dag.py:3823} INFO - Setting next_dagrun for supermarket_etl_pipeline to None, run_after=None
[2026-08-27T02:52:17.670+0000] {processor.py:183} INFO - Processing /opt/airflow/dags/supermarket_etl_pipeline.py took 0.388 seconds
[2026-08-27T02:52:47.916+0000] {processor.py:161} INFO - Started process (PID=1155) to work on /opt/airflow/dags/supermarket_etl_pipeline.py
[2026-08-27T02:52:47.918+0000] {processor.py:830} INFO - Processing file /opt/airflow/dags/supermarket_etl_pipeline.py for tasks to queue
[2026-08-27T02:52:47.920+0000] {logging_mixin.py:188} INFO - [2026-08-27T02:52:47.920+0000] {dagbag.py:538} INFO - Filling up the DagBag from /opt/airflow/dags/supermarket_etl_pipeline.py
[2026-08-27T02:52:48.235+0000] {processor.py:840} INFO - DAG(s) 'supermarket_etl_pipeline' retrieved from /opt/airflow/dags/supermarket_etl_pipeline.py
[2026-08-27T02:52:48.256+0000] {logging_mixin.py:188} INFO - [2026-08-27T02:52:48.255+0000] {dag.py:3036} INFO - Sync 1 DAGs
[2026-08-27T02:52:48.263+0000] {logging_mixin.py:188} INFO - [2026-08-27T02:52:48.263+0000] {dag.py:3823} INFO - Setting next_dagrun for supermarket_etl_pipeline to None, run_after=None
[2026-08-27T02:52:48.279+0000] {processor.py:183} INFO - Processing /opt/airflow/dags/supermarket_etl_pipeline.py took 0.365 seconds
[2026-08-27T02:53:18.593+0000] {processor.py:161} INFO - Started process (PID=1161) to work on /opt/airflow/dags/supermarket_etl_pipeline.py
[2026-08-27T02:53:18.594+0000] {processor.py:830} INFO - Processing file /opt/airflow/dags/supermarket_etl_pipeline.py for tasks to queue
[2026-08-27T02:53:18.597+0000] {logging_mixin.py:188} INFO - [2026-08-27T02:53:18.596+0000] {dagbag.py:538} INFO - Filling up the DagBag from /opt/airflow/dags/supermarket_etl_pipeline.py
[2026-08-27T02:53:18.875+0000] {processor.py:840} INFO - DAG(s) 'supermarket_etl_pipeline' retrieved from /opt/airflow/dags/supermarket_etl_pipeline.py
[2026-08-27T02:53:18.892+0000] {logging_mixin.py:188} INFO - [2026-08-27T02:53:18.892+0000] {dag.py:3036} INFO - Sync 1 DAGs
[2026-08-27T02:53:18.899+0000] {logging_mixin.py:188} INFO - [2026-08-27T02:53:18.899+0000] {dag.py:3823} INFO - Setting next_dagrun for supermarket_etl_pipeline to None, run_after=None
[2026-08-27T02:53:18.914+0000] {processor.py:183} INFO - Processing /opt/airflow/dags/supermarket_etl_pipeline.py took 0.326 seconds
[2026-08-27T02:53:49.216+0000] {processor.py:161} INFO - Started process (PID=1167) to work on /opt/airflow/dags/supermarket_etl_pipeline.py
[2026-08-27T02:53:49.217+0000] {processor.py:830} INFO - Processing file /opt/airflow/dags/supermarket_etl_pipeline.py for tasks to queue
[2026-08-27T02:53:49.219+0000] {logging_mixin.py:188} INFO - [2026-08-27T02:53:49.219+0000] {dagbag.py:538} INFO - Filling up the DagBag from /opt/airflow/dags/supermarket_etl_pipeline.py
[2026-08-27T02:53:49.548+0000] {processor.py:840} INFO - DAG(s) 'supermarket_etl_pipeline' retrieved from /opt/airflow/dags/supermarket_etl_pipeline.py
[2026-08-27T02:53:49.566+0000] {logging_mixin.py:188} INFO - [2026-08-27T02:53:49.566+0000] {dag.py:3036} INFO - Sync 1 DAGs
[2026-08-27T02:53:49.575+0000] {logging_mixin.py:188} INFO - [2026-08-27T02:53:49.575+0000] {dag.py:3823} INFO - Setting next_dagrun for supermarket_etl_pipeline to None, run_after=None
[2026-08-27T02:53:49.592+0000] {processor.py:183} INFO - Processing /opt/airflow/dags/supermarket_etl_pipeline.py took 0.379 seconds
[2026-08-27T02:54:19.918+0000] {processor.py:161} INFO - Started process (PID=1173) to work on /opt/airflow/dags/supermarket_etl_pipeline.py
[2026-08-27T02:54:19.919+0000] {processor.py:830} INFO - Processing file /opt/airflow/dags/supermarket_etl_pipeline.py for tasks to queue
[2026-08-27T02:54:19.920+0000] {logging_mixin.py:188} INFO - [2026-08-27T02:54:19.920+0000] {dagbag.py:538} INFO - Filling up the DagBag from /opt/airflow/dags/supermarket_etl_pipeline.py
[2026-08-27T02:54:20.227+0000] {processor.py:840} INFO - DAG(s) 'supermarket_etl_pipeline' retrieved from /opt/airflow/dags/supermarket_etl_pipeline.py
[2026-08-27T02:54:20.260+0000] {logging_mixin.py:188} INFO - [2026-08-27T02:54:20.259+0000] {dag.py:3036} INFO - Sync 1 DAGs
[2026-08-27T02:54:20.268+0000] {logging_mixin.py:188} INFO - [2026-08-27T02:54:20.267+0000] {dag.py:3823} INFO - Setting next_dagrun for supermarket_etl_pipeline to None, run_after=None
[2026-08-27T02:54:20.286+0000] {processor.py:183} INFO - Processing /opt/airflow/dags/supermarket_etl_pipeline.py took 0.371 seconds
[2026-08-27T02:54:50.627+0000] {processor.py:161} INFO - Started process (PID=1179) to work on /opt/airflow/dags/supermarket_etl_pipeline.py
[2026-08-27T02:54:50.629+0000] {processor.py:830} INFO - Processing file /opt/airflow/dags/supermarket_etl_pipeline.py for tasks to queue
[2026-08-27T02:54:50.632+0000] {logging_mixin.py:188} INFO - [2026-08-27T02:54:50.631+0000] {dagbag.py:538} INFO - Filling up the DagBag from /opt/airflow/dags/supermarket_etl_pipeline.py
[2026-08-27T02:54:50.953+0000] {processor.py:840} INFO - DAG(s) 'supermarket_etl_pipeline' retrieved from /opt/airflow/dags/supermarket_etl_pipeline.py
[2026-08-27T02:54:50.970+0000] {logging_mixin.py:188} INFO - [2026-08-27T02:54:50.970+0000] {dag.py:3036} INFO - Sync 1 DAGs
[2026-08-27T02:54:50.978+0000] {logging_mixin.py:188} INFO - [2026-08-27T02:54:50.978+0000] {dag.py:3823} INFO - Setting next_dagrun for supermarket_etl_pipeline to None, run_after=None
[2026-08-27T02:54:50.996+0000] {processor.py:183} INFO - Processing /opt/airflow/dags/supermarket_etl_pipeline.py took 0.371 seconds
[2026-08-27T02:55:21.287+0000] {processor.py:161} INFO - Started process (PID=1185) to work on /opt/airflow/dags/supermarket_etl_pipeline.py
[2026-08-27T02:55:21.289+0000] {processor.py:830} INFO - Processing file /opt/airflow/dags/supermarket_etl_pipeline.py for tasks to queue
[2026-08-27T02:55:21.291+0000] {logging_mixin.py:188} INFO - [2026-08-27T02:55:21.291+0000] {dagbag.py:538} INFO - Filling up the DagBag from /opt/airflow/dags/supermarket_etl_pipeline.py
[2026-08-27T02:55:21.598+0000] {processor.py:840} INFO - DAG(s) 'supermarket_etl_pipeline' retrieved from /opt/airflow/dags/supermarket_etl_pipeline.py
[2026-08-27T02:55:21.617+0000] {logging_mixin.py:188} INFO - [2026-08-27T02:55:21.617+0000] {dag.py:3036} INFO - Sync 1 DAGs
[2026-08-27T02:55:21.627+0000] {logging_mixin.py:188} INFO - [2026-08-27T02:55:21.627+0000] {dag.py:3823} INFO - Setting next_dagrun for supermarket_etl_pipeline to None, run_after=None
[2026-08-27T02:55:21.648+0000] {processor.py:183} INFO - Processing /opt/airflow/dags/supermarket_etl_pipeline.py took 0.363 seconds
[2026-08-27T02:55:51.904+0000] {processor.py:161} INFO - Started process (PID=1191) to work on /opt/airflow/dags/supermarket_etl_pipeline.py
[2026-08-27T02:55:51.906+0000] {processor.py:830} INFO - Processing file /opt/airflow/dags/supermarket_etl_pipeline.py for tasks to queue
[2026-08-27T02:55:51.907+0000] {logging_mixin.py:188} INFO - [2026-08-27T02:55:51.907+0000] {dagbag.py:538} INFO - Filling up the DagBag from /opt/airflow/dags/supermarket_etl_pipeline.py
[2026-08-27T02:55:52.244+0000] {processor.py:840} INFO - DAG(s) 'supermarket_etl_pipeline' retrieved from /opt/airflow/dags/supermarket_etl_pipeline.py
[2026-08-27T02:55:52.261+0000] {logging_mixin.py:188} INFO - [2026-08-27T02:55:52.261+0000] {dag.py:3036} INFO - Sync 1 DAGs
[2026-08-27T02:55:52.270+0000] {logging_mixin.py:188} INFO - [2026-08-27T02:55:52.269+0000] {dag.py:3823} INFO - Setting next_dagrun for supermarket_etl_pipeline to None, run_after=None
[2026-08-27T02:55:52.285+0000] {processor.py:183} INFO - Processing /opt/airflow/dags/supermarket_etl_pipeline.py took 0.384 seconds
[2026-08-27T02:56:22.567+0000] {processor.py:161} INFO - Started process (PID=1197) to work on /opt/airflow/dags/supermarket_etl_pipeline.py
[2026-08-27T02:56:22.569+0000] {processor.py:830} INFO - Processing file /opt/airflow/dags/supermarket_etl_pipeline.py for tasks to queue
[2026-08-27T02:56:22.571+0000] {logging_mixin.py:188} INFO - [2026-08-27T02:56:22.570+0000] {dagbag.py:538} INFO - Filling up the DagBag from /opt/airflow/dags/supermarket_etl_pipeline.py
[2026-08-27T02:56:22.876+0000] {processor.py:840} INFO - DAG(s) 'supermarket_etl_pipeline' retrieved from /opt/airflow/dags/supermarket_etl_pipeline.py
[2026-08-27T02:56:22.894+0000] {logging_mixin.py:188} INFO - [2026-08-27T02:56:22.894+0000] {dag.py:3036} INFO - Sync 1 DAGs
[2026-08-27T02:56:22.902+0000] {logging_mixin.py:188} INFO - [2026-08-27T02:56:22.902+0000] {dag.py:3823} INFO - Setting next_dagrun for supermarket_etl_pipeline to None, run_after=None
[2026-08-27T02:56:22.922+0000] {processor.py:183} INFO - Processing /opt/airflow/dags/supermarket_etl_pipeline.py took 0.358 seconds
[2026-08-27T02:56:53.185+0000] {processor.py:161} INFO - Started process (PID=1203) to work on /opt/airflow/dags/supermarket_etl_pipeline.py
[2026-08-27T02:56:53.187+0000] {processor.py:830} INFO - Processing file /opt/airflow/dags/supermarket_etl_pipeline.py for tasks to queue
[2026-08-27T02:56:53.189+0000] {logging_mixin.py:188} INFO - [2026-08-27T02:56:53.189+0000] {dagbag.py:538} INFO - Filling up the DagBag from /opt/airflow/dags/supermarket_etl_pipeline.py
[2026-08-27T02:56:53.516+0000] {processor.py:840} INFO - DAG(s) 'supermarket_etl_pipeline' retrieved from /opt/airflow/dags/supermarket_etl_pipeline.py
[2026-08-27T02:56:53.535+0000] {logging_mixin.py:188} INFO - [2026-08-27T02:56:53.534+0000] {dag.py:3036} INFO - Sync 1 DAGs
[2026-08-27T02:56:53.544+0000] {logging_mixin.py:188} INFO - [2026-08-27T02:56:53.543+0000] {dag.py:3823} INFO - Setting next_dagrun for supermarket_etl_pipeline to None, run_after=None
[2026-08-27T02:56:53.561+0000] {processor.py:183} INFO - Processing /opt/airflow/dags/supermarket_etl_pipeline.py took 0.379 seconds
[2026-08-27T02:57:23.883+0000] {processor.py:161} INFO - Started process (PID=1209) to work on /opt/airflow/dags/supermarket_etl_pipeline.py
[2026-08-27T02:57:23.885+0000] {processor.py:830} INFO - Processing file /opt/airflow/dags/supermarket_etl_pipeline.py for tasks to queue
[2026-08-27T02:57:23.887+0000] {logging_mixin.py:188} INFO - [2026-08-27T02:57:23.886+0000] {dagbag.py:538} INFO - Filling up the DagBag from /opt/airflow/dags/supermarket_etl_pipeline.py
[2026-08-27T02:57:24.225+0000] {processor.py:840} INFO - DAG(s) 'supermarket_etl_pipeline' retrieved from /opt/airflow/dags/supermarket_etl_pipeline.py
[2026-08-27T02:57:24.244+0000] {logging_mixin.py:188} INFO - [2026-08-27T02:57:24.244+0000] {dag.py:3036} INFO - Sync 1 DAGs
[2026-08-27T02:57:24.255+0000] {logging_mixin.py:188} INFO - [2026-08-27T02:57:24.255+0000] {dag.py:3823} INFO - Setting next_dagrun for supermarket_etl_pipeline to None, run_after=None
[2026-08-27T02:57:24.276+0000] {processor.py:183} INFO - Processing /opt/airflow/dags/supermarket_etl_pipeline.py took 0.396 seconds
[2026-08-27T02:57:54.522+0000] {processor.py:161} INFO - Started process (PID=1215) to work on /opt/airflow/dags/supermarket_etl_pipeline.py
[2026-08-27T02:57:54.524+0000] {processor.py:830} INFO - Processing file /opt/airflow/dags/supermarket_etl_pipeline.py for tasks to queue
[2026-08-27T02:57:54.526+0000] {logging_mixin.py:188} INFO - [2026-08-27T02:57:54.525+0000] {dagbag.py:538} INFO - Filling up the DagBag from /opt/airflow/dags/supermarket_etl_pipeline.py
[2026-08-27T02:57:54.834+0000] {processor.py:840} INFO - DAG(s) 'supermarket_etl_pipeline' retrieved from /opt/airflow/dags/supermarket_etl_pipeline.py
[2026-08-27T02:57:54.852+0000] {logging_mixin.py:188} INFO - [2026-08-27T02:57:54.852+0000] {dag.py:3036} INFO - Sync 1 DAGs
[2026-08-27T02:57:54.861+0000] {logging_mixin.py:188} INFO - [2026-08-27T02:57:54.861+0000] {dag.py:3823} INFO - Setting next_dagrun for supermarket_etl_pipeline to None, run_after=None
[2026-08-27T02:57:54.882+0000] {processor.py:183} INFO - Processing /opt/airflow/dags/supermarket_etl_pipeline.py took 0.362 seconds
[2026-08-27T02:58:25.181+0000] {processor.py:161} INFO - Started process (PID=1221) to work on /opt/airflow/dags/supermarket_etl_pipeline.py
[2026-08-27T02:58:25.183+0000] {processor.py:830} INFO - Processing file /opt/airflow/dags/supermarket_etl_pipeline.py for tasks to queue
[2026-08-27T02:58:25.185+0000] {logging_mixin.py:188} INFO - [2026-08-27T02:58:25.185+0000] {dagbag.py:538} INFO - Filling up the DagBag from /opt/airflow/dags/supermarket_etl_pipeline.py
[2026-08-27T02:58:25.528+0000] {processor.py:840} INFO - DAG(s) 'supermarket_etl_pipeline' retrieved from /opt/airflow/dags/supermarket_etl_pipeline.py
[2026-08-27T02:58:25.550+0000] {logging_mixin.py:188} INFO - [2026-08-27T02:58:25.549+0000] {dag.py:3036} INFO - Sync 1 DAGs
[2026-08-27T02:58:25.558+0000] {logging_mixin.py:188} INFO - [2026-08-27T02:58:25.557+0000] {dag.py:3823} INFO - Setting next_dagrun for supermarket_etl_pipeline to None, run_after=None
[2026-08-27T02:58:25.574+0000] {processor.py:183} INFO - Processing /opt/airflow/dags/supermarket_etl_pipeline.py took 0.395 seconds
[2026-08-27T02:58:55.873+0000] {processor.py:161} INFO - Started process (PID=1227) to work on /opt/airflow/dags/supermarket_etl_pipeline.py
[2026-08-27T02:58:55.875+0000] {processor.py:830} INFO - Processing file /opt/airflow/dags/supermarket_etl_pipeline.py for tasks to queue
[2026-08-27T02:58:55.877+0000] {logging_mixin.py:188} INFO - [2026-08-27T02:58:55.877+0000] {dagbag.py:538} INFO - Filling up the DagBag from /opt/airflow/dags/supermarket_etl_pipeline.py
[2026-08-27T02:58:56.209+0000] {processor.py:840} INFO - DAG(s) 'supermarket_etl_pipeline' retrieved from /opt/airflow/dags/supermarket_etl_pipeline.py
[2026-08-27T02:58:56.228+0000] {logging_mixin.py:188} INFO - [2026-08-27T02:58:56.227+0000] {dag.py:3036} INFO - Sync 1 DAGs
[2026-08-27T02:58:56.236+0000] {logging_mixin.py:188} INFO - [2026-08-27T02:58:56.236+0000] {dag.py:3823} INFO - Setting next_dagrun for supermarket_etl_pipeline to None, run_after=None
[2026-08-27T02:58:56.257+0000] {processor.py:183} INFO - Processing /opt/airflow/dags/supermarket_etl_pipeline.py took 0.387 seconds
[2026-08-27T02:59:26.581+0000] {processor.py:161} INFO - Started process (PID=1233) to work on /opt/airflow/dags/supermarket_etl_pipeline.py
[2026-08-27T02:59:26.583+0000] {processor.py:830} INFO - Processing file /opt/airflow/dags/supermarket_etl_pipeline.py for tasks to queue
[2026-08-27T02:59:26.585+0000] {logging_mixin.py:188} INFO - [2026-08-27T02:59:26.585+0000] {dagbag.py:538} INFO - Filling up the DagBag from /opt/airflow/dags/supermarket_etl_pipeline.py
[2026-08-27T02:59:26.919+0000] {processor.py:840} INFO - DAG(s) 'supermarket_etl_pipeline' retrieved from /opt/airflow/dags/supermarket_etl_pipeline.py
[2026-08-27T02:59:26.941+0000] {logging_mixin.py:188} INFO - [2026-08-27T02:59:26.940+0000] {dag.py:3036} INFO - Sync 1 DAGs
[2026-08-27T02:59:26.949+0000] {logging_mixin.py:188} INFO - [2026-08-27T02:59:26.949+0000] {dag.py:3823} INFO - Setting next_dagrun for supermarket_etl_pipeline to None, run_after=None
[2026-08-27T02:59:26.969+0000] {processor.py:183} INFO - Processing /opt/airflow/dags/supermarket_etl_pipeline.py took 0.391 seconds
[2026-08-27T02:59:57.306+0000] {processor.py:161} INFO - Started process (PID=1239) to work on /opt/airflow/dags/supermarket_etl_pipeline.py
[2026-08-27T02:59:57.308+0000] {processor.py:830} INFO - Processing file /opt/airflow/dags/supermarket_etl_pipeline.py for tasks to queue
[2026-08-27T02:59:57.310+0000] {logging_mixin.py:188} INFO - [2026-08-27T02:59:57.310+0000] {dagbag.py:538} INFO - Filling up the DagBag from /opt/airflow/dags/supermarket_etl_pipeline.py
[2026-08-27T02:59:57.642+0000] {processor.py:840} INFO - DAG(s) 'supermarket_etl_pipeline' retrieved from /opt/airflow/dags/supermarket_etl_pipeline.py
[2026-08-27T02:59:57.664+0000] {logging_mixin.py:188} INFO - [2026-08-27T02:59:57.663+0000] {dag.py:3036} INFO - Sync 1 DAGs
[2026-08-27T02:59:57.673+0000] {logging_mixin.py:188} INFO - [2026-08-27T02:59:57.673+0000] {dag.py:3823} INFO - Setting next_dagrun for supermarket_etl_pipeline to None, run_after=None
[2026-08-27T02:59:57.693+0000] {processor.py:183} INFO - Processing /opt/airflow/dags/supermarket_etl_pipeline.py took 0.389 seconds
[2026-08-27T03:00:28.031+0000] {processor.py:161} INFO - Started process (PID=1245) to work on /opt/airflow/dags/supermarket_etl_pipeline.py
[2026-08-27T03:00:28.033+0000] {processor.py:830} INFO - Processing file /opt/airflow/dags/supermarket_etl_pipeline.py for tasks to queue
[2026-08-27T03:00:28.038+0000] {logging_mixin.py:188} INFO - [2026-08-27T03:00:28.037+0000] {dagbag.py:538} INFO - Filling up the DagBag from /opt/airflow/dags/supermarket_etl_pipeline.py
[2026-08-27T03:00:28.384+0000] {processor.py:840} INFO - DAG(s) 'supermarket_etl_pipeline' retrieved from /opt/airflow/dags/supermarket_etl_pipeline.py
[2026-08-27T03:00:28.407+0000] {logging_mixin.py:188} INFO - [2026-08-27T03:00:28.407+0000] {dag.py:3036} INFO - Sync 1 DAGs
[2026-08-27T03:00:28.417+0000] {logging_mixin.py:188} INFO - [2026-08-27T03:00:28.417+0000] {dag.py:3823} INFO - Setting next_dagrun for supermarket_etl_pipeline to None, run_after=None
[2026-08-27T03:00:28.435+0000] {processor.py:183} INFO - Processing /opt/airflow/dags/supermarket_etl_pipeline.py took 0.406 seconds
[2026-08-27T03:00:58.749+0000] {processor.py:161} INFO - Started process (PID=1251) to work on /opt/airflow/dags/supermarket_etl_pipeline.py
[2026-08-27T03:00:58.751+0000] {processor.py:830} INFO - Processing file /opt/airflow/dags/supermarket_etl_pipeline.py for tasks to queue
[2026-08-27T03:00:58.753+0000] {logging_mixin.py:188} INFO - [2026-08-27T03:00:58.753+0000] {dagbag.py:538} INFO - Filling up the DagBag from /opt/airflow/dags/supermarket_etl_pipeline.py
[2026-08-27T03:00:59.087+0000] {processor.py:840} INFO - DAG(s) 'supermarket_etl_pipeline' retrieved from /opt/airflow/dags/supermarket_etl_pipeline.py
[2026-08-27T03:00:59.107+0000] {logging_mixin.py:188} INFO - [2026-08-27T03:00:59.107+0000] {dag.py:3036} INFO - Sync 1 DAGs
[2026-08-27T03:00:59.116+0000] {logging_mixin.py:188} INFO - [2026-08-27T03:00:59.116+0000] {dag.py:3823} INFO - Setting next_dagrun for supermarket_etl_pipeline to None, run_after=None
[2026-08-27T03:00:59.138+0000] {processor.py:183} INFO - Processing /opt/airflow/dags/supermarket_etl_pipeline.py took 0.393 seconds
[2026-08-27T03:01:29.503+0000] {processor.py:161} INFO - Started process (PID=1257) to work on /opt/airflow/dags/supermarket_etl_pipeline.py
[2026-08-27T03:01:29.505+0000] {processor.py:830} INFO - Processing file /opt/airflow/dags/supermarket_etl_pipeline.py for tasks to queue
[2026-08-27T03:01:29.507+0000] {logging_mixin.py:188} INFO - [2026-08-27T03:01:29.506+0000] {dagbag.py:538} INFO - Filling up the DagBag from /opt/airflow/dags/supermarket_etl_pipeline.py
[2026-08-27T03:01:29.850+0000] {processor.py:840} INFO - DAG(s) 'supermarket_etl_pipeline' retrieved from /opt/airflow/dags/supermarket_etl_pipeline.py
[2026-08-27T03:01:29.868+0000] {logging_mixin.py:188} INFO - [2026-08-27T03:01:29.868+0000] {dag.py:3036} INFO - Sync 1 DAGs
[2026-08-27T03:01:29.877+0000] {logging_mixin.py:188} INFO - [2026-08-27T03:01:29.877+0000] {dag.py:3823} INFO - Setting next_dagrun for supermarket_etl_pipeline to None, run_after=None
[2026-08-27T03:01:29.896+0000] {processor.py:183} INFO - Processing /opt/airflow/dags/supermarket_etl_pipeline.py took 0.396 seconds
[2026-08-27T03:02:00.297+0000] {processor.py:161} INFO - Started process (PID=1263) to work on /opt/airflow/dags/supermarket_etl_pipeline.py
[2026-08-27T03:02:00.299+0000] {processor.py:830} INFO - Processing file /opt/airflow/dags/supermarket_etl_pipeline.py for tasks to queue
[2026-08-27T03:02:00.301+0000] {logging_mixin.py:188} INFO - [2026-08-27T03:02:00.301+0000] {dagbag.py:538} INFO - Filling up the DagBag from /opt/airflow/dags/supermarket_etl_pipeline.py
[2026-08-27T03:02:00.631+0000] {processor.py:840} INFO - DAG(s) 'supermarket_etl_pipeline' retrieved from /opt/airflow/dags/supermarket_etl_pipeline.py
[2026-08-27T03:02:00.648+0000] {logging_mixin.py:188} INFO - [2026-08-27T03:02:00.648+0000] {dag.py:3036} INFO - Sync 1 DAGs
[2026-08-27T03:02:00.657+0000] {logging_mixin.py:188} INFO - [2026-08-27T03:02:00.657+0000] {dag.py:3823} INFO - Setting next_dagrun for supermarket_etl_pipeline to None, run_after=None
[2026-08-27T03:02:00.675+0000] {processor.py:183} INFO - Processing /opt/airflow/dags/supermarket_etl_pipeline.py took 0.381 seconds
[2026-08-27T03:02:31.032+0000] {processor.py:161} INFO - Started process (PID=1269) to work on /opt/airflow/dags/supermarket_etl_pipeline.py
[2026-08-27T03:02:31.034+0000] {processor.py:830} INFO - Processing file /opt/airflow/dags/supermarket_etl_pipeline.py for tasks to queue
[2026-08-27T03:02:31.036+0000] {logging_mixin.py:188} INFO - [2026-08-27T03:02:31.036+0000] {dagbag.py:538} INFO - Filling up the DagBag from /opt/airflow/dags/supermarket_etl_pipeline.py
[2026-08-27T03:02:31.354+0000] {processor.py:840} INFO - DAG(s) 'supermarket_etl_pipeline' retrieved from /opt/airflow/dags/supermarket_etl_pipeline.py
[2026-08-27T03:02:31.373+0000] {logging_mixin.py:188} INFO - [2026-08-27T03:02:31.373+0000] {dag.py:3036} INFO - Sync 1 DAGs
[2026-08-27T03:02:31.382+0000] {logging_mixin.py:188} INFO - [2026-08-27T03:02:31.381+0000] {dag.py:3823} INFO - Setting next_dagrun for supermarket_etl_pipeline to None, run_after=None
[2026-08-27T03:02:31.402+0000] {processor.py:183} INFO - Processing /opt/airflow/dags/supermarket_etl_pipeline.py took 0.374 seconds
[2026-08-27T03:03:01.717+0000] {processor.py:161} INFO - Started process (PID=1275) to work on /opt/airflow/dags/supermarket_etl_pipeline.py
[2026-08-27T03:03:01.719+0000] {processor.py:830} INFO - Processing file /opt/airflow/dags/supermarket_etl_pipeline.py for tasks to queue
[2026-08-27T03:03:01.720+0000] {logging_mixin.py:188} INFO - [2026-08-27T03:03:01.720+0000] {dagbag.py:538} INFO - Filling up the DagBag from /opt/airflow/dags/supermarket_etl_pipeline.py
[2026-08-27T03:03:02.023+0000] {processor.py:840} INFO - DAG(s) 'supermarket_etl_pipeline' retrieved from /opt/airflow/dags/supermarket_etl_pipeline.py
[2026-08-27T03:03:02.042+0000] {logging_mixin.py:188} INFO - [2026-08-27T03:03:02.041+0000] {dag.py:3036} INFO - Sync 1 DAGs
[2026-08-27T03:03:02.051+0000] {logging_mixin.py:188} INFO - [2026-08-27T03:03:02.051+0000] {dag.py:3823} INFO - Setting next_dagrun for supermarket_etl_pipeline to None, run_after=None
[2026-08-27T03:03:02.067+0000] {processor.py:183} INFO - Processing /opt/airflow/dags/supermarket_etl_pipeline.py took 0.352 seconds
[2026-08-27T03:03:32.349+0000] {processor.py:161} INFO - Started process (PID=1281) to work on /opt/airflow/dags/supermarket_etl_pipeline.py
[2026-08-27T03:03:32.351+0000] {processor.py:830} INFO - Processing file /opt/airflow/dags/supermarket_etl_pipeline.py for tasks to queue
[2026-08-27T03:03:32.353+0000] {logging_mixin.py:188} INFO - [2026-08-27T03:03:32.352+0000] {dagbag.py:538} INFO - Filling up the DagBag from /opt/airflow/dags/supermarket_etl_pipeline.py
[2026-08-27T03:03:32.685+0000] {processor.py:840} INFO - DAG(s) 'supermarket_etl_pipeline' retrieved from /opt/airflow/dags/supermarket_etl_pipeline.py
[2026-08-27T03:03:32.703+0000] {logging_mixin.py:188} INFO - [2026-08-27T03:03:32.703+0000] {dag.py:3036} INFO - Sync 1 DAGs
[2026-08-27T03:03:32.711+0000] {logging_mixin.py:188} INFO - [2026-08-27T03:03:32.711+0000] {dag.py:3823} INFO - Setting next_dagrun for supermarket_etl_pipeline to None, run_after=None
[2026-08-27T03:03:32.733+0000] {processor.py:183} INFO - Processing /opt/airflow/dags/supermarket_etl_pipeline.py took 0.387 seconds
[2026-08-27T03:04:03.073+0000] {processor.py:161} INFO - Started process (PID=1287) to work on /opt/airflow/dags/supermarket_etl_pipeline.py
[2026-08-27T03:04:03.074+0000] {processor.py:830} INFO - Processing file /opt/airflow/dags/supermarket_etl_pipeline.py for tasks to queue
[2026-08-27T03:04:03.076+0000] {logging_mixin.py:188} INFO - [2026-08-27T03:04:03.076+0000] {dagbag.py:538} INFO - Filling up the DagBag from /opt/airflow/dags/supermarket_etl_pipeline.py
[2026-08-27T03:04:03.425+0000] {processor.py:840} INFO - DAG(s) 'supermarket_etl_pipeline' retrieved from /opt/airflow/dags/supermarket_etl_pipeline.py
[2026-08-27T03:04:03.445+0000] {logging_mixin.py:188} INFO - [2026-08-27T03:04:03.445+0000] {dag.py:3036} INFO - Sync 1 DAGs
[2026-08-27T03:04:03.455+0000] {logging_mixin.py:188} INFO - [2026-08-27T03:04:03.455+0000] {dag.py:3823} INFO - Setting next_dagrun for supermarket_etl_pipeline to None, run_after=None
[2026-08-27T03:04:03.474+0000] {processor.py:183} INFO - Processing /opt/airflow/dags/supermarket_etl_pipeline.py took 0.404 seconds
[2026-08-27T03:04:33.808+0000] {processor.py:161} INFO - Started process (PID=1293) to work on /opt/airflow/dags/supermarket_etl_pipeline.py
[2026-08-27T03:04:33.810+0000] {processor.py:830} INFO - Processing file /opt/airflow/dags/supermarket_etl_pipeline.py for tasks to queue
[2026-08-27T03:04:33.812+0000] {logging_mixin.py:188} INFO - [2026-08-27T03:04:33.811+0000] {dagbag.py:538} INFO - Filling up the DagBag from /opt/airflow/dags/supermarket_etl_pipeline.py
[2026-08-27T03:04:34.122+0000] {processor.py:840} INFO - DAG(s) 'supermarket_etl_pipeline' retrieved from /opt/airflow/dags/supermarket_etl_pipeline.py
[2026-08-27T03:04:34.141+0000] {logging_mixin.py:188} INFO - [2026-08-27T03:04:34.140+0000] {dag.py:3036} INFO - Sync 1 DAGs
[2026-08-27T03:04:34.149+0000] {logging_mixin.py:188} INFO - [2026-08-27T03:04:34.149+0000] {dag.py:3823} INFO - Setting next_dagrun for supermarket_etl_pipeline to None, run_after=None
[2026-08-27T03:04:34.167+0000] {processor.py:183} INFO - Processing /opt/airflow/dags/supermarket_etl_pipeline.py took 0.361 seconds
[2026-08-27T03:05:04.479+0000] {processor.py:161} INFO - Started process (PID=1299) to work on /opt/airflow/dags/supermarket_etl_pipeline.py
[2026-08-27T03:05:04.481+0000] {processor.py:830} INFO - Processing file /opt/airflow/dags/supermarket_etl_pipeline.py for tasks to queue
[2026-08-27T03:05:04.483+0000] {logging_mixin.py:188} INFO - [2026-08-27T03:05:04.482+0000] {dagbag.py:538} INFO - Filling up the DagBag from /opt/airflow/dags/supermarket_etl_pipeline.py
[2026-08-27T03:05:04.812+0000] {processor.py:840} INFO - DAG(s) 'supermarket_etl_pipeline' retrieved from /opt/airflow/dags/supermarket_etl_pipeline.py
[2026-08-27T03:05:04.832+0000] {logging_mixin.py:188} INFO - [2026-08-27T03:05:04.831+0000] {dag.py:3036} INFO - Sync 1 DAGs
[2026-08-27T03:05:04.840+0000] {logging_mixin.py:188} INFO - [2026-08-27T03:05:04.840+0000] {dag.py:3823} INFO - Setting next_dagrun for supermarket_etl_pipeline to None, run_after=None
[2026-08-27T03:05:04.861+0000] {processor.py:183} INFO - Processing /opt/airflow/dags/supermarket_etl_pipeline.py took 0.385 seconds
[2026-08-27T03:05:35.175+0000] {processor.py:161} INFO - Started process (PID=1305) to work on /opt/airflow/dags/supermarket_etl_pipeline.py
[2026-08-27T03:05:35.177+0000] {processor.py:830} INFO - Processing file /opt/airflow/dags/supermarket_etl_pipeline.py for tasks to queue
[2026-08-27T03:05:35.178+0000] {logging_mixin.py:188} INFO - [2026-08-27T03:05:35.178+0000] {dagbag.py:538} INFO - Filling up the DagBag from /opt/airflow/dags/supermarket_etl_pipeline.py
[2026-08-27T03:05:35.520+0000] {processor.py:840} INFO - DAG(s) 'supermarket_etl_pipeline' retrieved from /opt/airflow/dags/supermarket_etl_pipeline.py
[2026-08-27T03:05:35.541+0000] {logging_mixin.py:188} INFO - [2026-08-27T03:05:35.540+0000] {dag.py:3036} INFO - Sync 1 DAGs
[2026-08-27T03:05:35.549+0000] {logging_mixin.py:188} INFO - [2026-08-27T03:05:35.549+0000] {dag.py:3823} INFO - Setting next_dagrun for supermarket_etl_pipeline to None, run_after=None
[2026-08-27T03:05:35.577+0000] {processor.py:183} INFO - Processing /opt/airflow/dags/supermarket_etl_pipeline.py took 0.404 seconds
[2026-08-27T03:06:05.912+0000] {processor.py:161} INFO - Started process (PID=1311) to work on /opt/airflow/dags/supermarket_etl_pipeline.py
[2026-08-27T03:06:05.915+0000] {processor.py:830} INFO - Processing file /opt/airflow/dags/supermarket_etl_pipeline.py for tasks to queue
[2026-08-27T03:06:05.917+0000] {logging_mixin.py:188} INFO - [2026-08-27T03:06:05.917+0000] {dagbag.py:538} INFO - Filling up the DagBag from /opt/airflow/dags/supermarket_etl_pipeline.py
[2026-08-27T03:06:06.252+0000] {processor.py:840} INFO - DAG(s) 'supermarket_etl_pipeline' retrieved from /opt/airflow/dags/supermarket_etl_pipeline.py
[2026-08-27T03:06:06.269+0000] {logging_mixin.py:188} INFO - [2026-08-27T03:06:06.269+0000] {dag.py:3036} INFO - Sync 1 DAGs
[2026-08-27T03:06:06.278+0000] {logging_mixin.py:188} INFO - [2026-08-27T03:06:06.278+0000] {dag.py:3823} INFO - Setting next_dagrun for supermarket_etl_pipeline to None, run_after=None
[2026-08-27T03:06:06.298+0000] {processor.py:183} INFO - Processing /opt/airflow/dags/supermarket_etl_pipeline.py took 0.390 seconds
[2026-08-27T03:06:36.625+0000] {processor.py:161} INFO - Started process (PID=1317) to work on /opt/airflow/dags/supermarket_etl_pipeline.py
[2026-08-27T03:06:36.626+0000] {processor.py:830} INFO - Processing file /opt/airflow/dags/supermarket_etl_pipeline.py for tasks to queue
[2026-08-27T03:06:36.627+0000] {logging_mixin.py:188} INFO - [2026-08-27T03:06:36.627+0000] {dagbag.py:538} INFO - Filling up the DagBag from /opt/airflow/dags/supermarket_etl_pipeline.py
[2026-08-27T03:06:36.943+0000] {processor.py:840} INFO - DAG(s) 'supermarket_etl_pipeline' retrieved from /opt/airflow/dags/supermarket_etl_pipeline.py
[2026-08-27T03:06:36.975+0000] {logging_mixin.py:188} INFO - [2026-08-27T03:06:36.975+0000] {dag.py:3036} INFO - Sync 1 DAGs
[2026-08-27T03:06:36.985+0000] {logging_mixin.py:188} INFO - [2026-08-27T03:06:36.984+0000] {dag.py:3823} INFO - Setting next_dagrun for supermarket_etl_pipeline to None, run_after=None
[2026-08-27T03:06:37.010+0000] {processor.py:183} INFO - Processing /opt/airflow/dags/supermarket_etl_pipeline.py took 0.389 seconds
[2026-08-27T03:07:07.388+0000] {processor.py:161} INFO - Started process (PID=1323) to work on /opt/airflow/dags/supermarket_etl_pipeline.py
[2026-08-27T03:07:07.389+0000] {processor.py:830} INFO - Processing file /opt/airflow/dags/supermarket_etl_pipeline.py for tasks to queue
[2026-08-27T03:07:07.391+0000] {logging_mixin.py:188} INFO - [2026-08-27T03:07:07.391+0000] {dagbag.py:538} INFO - Filling up the DagBag from /opt/airflow/dags/supermarket_etl_pipeline.py
[2026-08-27T03:07:07.729+0000] {processor.py:840} INFO - DAG(s) 'supermarket_etl_pipeline' retrieved from /opt/airflow/dags/supermarket_etl_pipeline.py
[2026-08-27T03:07:07.749+0000] {logging_mixin.py:188} INFO - [2026-08-27T03:07:07.749+0000] {dag.py:3036} INFO - Sync 1 DAGs
[2026-08-27T03:07:07.758+0000] {logging_mixin.py:188} INFO - [2026-08-27T03:07:07.758+0000] {dag.py:3823} INFO - Setting next_dagrun for supermarket_etl_pipeline to None, run_after=None
[2026-08-27T03:07:07.777+0000] {processor.py:183} INFO - Processing /opt/airflow/dags/supermarket_etl_pipeline.py took 0.392 seconds
[2026-08-27T03:07:38.031+0000] {processor.py:161} INFO - Started process (PID=1329) to work on /opt/airflow/dags/supermarket_etl_pipeline.py
[2026-08-27T03:07:38.033+0000] {processor.py:830} INFO - Processing file /opt/airflow/dags/supermarket_etl_pipeline.py for tasks to queue
[2026-08-27T03:07:38.034+0000] {logging_mixin.py:188} INFO - [2026-08-27T03:07:38.034+0000] {dagbag.py:538} INFO - Filling up the DagBag from /opt/airflow/dags/supermarket_etl_pipeline.py
[2026-08-27T03:07:38.374+0000] {processor.py:840} INFO - DAG(s) 'supermarket_etl_pipeline' retrieved from /opt/airflow/dags/supermarket_etl_pipeline.py
[2026-08-27T03:07:38.396+0000] {logging_mixin.py:188} INFO - [2026-08-27T03:07:38.396+0000] {dag.py:3036} INFO - Sync 1 DAGs
[2026-08-27T03:07:38.409+0000] {logging_mixin.py:188} INFO - [2026-08-27T03:07:38.409+0000] {dag.py:3823} INFO - Setting next_dagrun for supermarket_etl_pipeline to None, run_after=None
[2026-08-27T03:07:38.429+0000] {processor.py:183} INFO - Processing /opt/airflow/dags/supermarket_etl_pipeline.py took 0.403 seconds
[2026-08-27T03:08:08.724+0000] {processor.py:161} INFO - Started process (PID=1335) to work on /opt/airflow/dags/supermarket_etl_pipeline.py
[2026-08-27T03:08:08.726+0000] {processor.py:830} INFO - Processing file /opt/airflow/dags/supermarket_etl_pipeline.py for tasks to queue
[2026-08-27T03:08:08.727+0000] {logging_mixin.py:188} INFO - [2026-08-27T03:08:08.727+0000] {dagbag.py:538} INFO - Filling up the DagBag from /opt/airflow/dags/supermarket_etl_pipeline.py
[2026-08-27T03:08:09.061+0000] {processor.py:840} INFO - DAG(s) 'supermarket_etl_pipeline' retrieved from /opt/airflow/dags/supermarket_etl_pipeline.py
[2026-08-27T03:08:09.081+0000] {logging_mixin.py:188} INFO - [2026-08-27T03:08:09.081+0000] {dag.py:3036} INFO - Sync 1 DAGs
[2026-08-27T03:08:09.091+0000] {logging_mixin.py:188} INFO - [2026-08-27T03:08:09.091+0000] {dag.py:3823} INFO - Setting next_dagrun for supermarket_etl_pipeline to None, run_after=None
[2026-08-27T03:08:09.107+0000] {processor.py:183} INFO - Processing /opt/airflow/dags/supermarket_etl_pipeline.py took 0.386 seconds
[2026-08-27T03:08:39.444+0000] {processor.py:161} INFO - Started process (PID=1341) to work on /opt/airflow/dags/supermarket_etl_pipeline.py
[2026-08-27T03:08:39.446+0000] {processor.py:830} INFO - Processing file /opt/airflow/dags/supermarket_etl_pipeline.py for tasks to queue
[2026-08-27T03:08:39.448+0000] {logging_mixin.py:188} INFO - [2026-08-27T03:08:39.447+0000] {dagbag.py:538} INFO - Filling up the DagBag from /opt/airflow/dags/supermarket_etl_pipeline.py
[2026-08-27T03:08:39.764+0000] {processor.py:840} INFO - DAG(s) 'supermarket_etl_pipeline' retrieved from /opt/airflow/dags/supermarket_etl_pipeline.py
[2026-08-27T03:08:39.786+0000] {logging_mixin.py:188} INFO - [2026-08-27T03:08:39.785+0000] {dag.py:3036} INFO - Sync 1 DAGs
[2026-08-27T03:08:39.795+0000] {logging_mixin.py:188} INFO - [2026-08-27T03:08:39.795+0000] {dag.py:3823} INFO - Setting next_dagrun for supermarket_etl_pipeline to None, run_after=None
[2026-08-27T03:08:39.812+0000] {processor.py:183} INFO - Processing /opt/airflow/dags/supermarket_etl_pipeline.py took 0.372 seconds
[2026-08-27T03:09:10.145+0000] {processor.py:161} INFO - Started process (PID=1347) to work on /opt/airflow/dags/supermarket_etl_pipeline.py
[2026-08-27T03:09:10.147+0000] {processor.py:830} INFO - Processing file /opt/airflow/dags/supermarket_etl_pipeline.py for tasks to queue
[2026-08-27T03:09:10.148+0000] {logging_mixin.py:188} INFO - [2026-08-27T03:09:10.148+0000] {dagbag.py:538} INFO - Filling up the DagBag from /opt/airflow/dags/supermarket_etl_pipeline.py
[2026-08-27T03:09:10.470+0000] {processor.py:840} INFO - DAG(s) 'supermarket_etl_pipeline' retrieved from /opt/airflow/dags/supermarket_etl_pipeline.py
[2026-08-27T03:09:10.488+0000] {logging_mixin.py:188} INFO - [2026-08-27T03:09:10.488+0000] {dag.py:3036} INFO - Sync 1 DAGs
[2026-08-27T03:09:10.497+0000] {logging_mixin.py:188} INFO - [2026-08-27T03:09:10.497+0000] {dag.py:3823} INFO - Setting next_dagrun for supermarket_etl_pipeline to None, run_after=None
[2026-08-27T03:09:10.514+0000] {processor.py:183} INFO - Processing /opt/airflow/dags/supermarket_etl_pipeline.py took 0.372 seconds
[2026-08-27T03:09:40.749+0000] {processor.py:161} INFO - Started process (PID=1353) to work on /opt/airflow/dags/supermarket_etl_pipeline.py
[2026-08-27T03:09:40.751+0000] {processor.py:830} INFO - Processing file /opt/airflow/dags/supermarket_etl_pipeline.py for tasks to queue
[2026-08-27T03:09:40.753+0000] {logging_mixin.py:188} INFO - [2026-08-27T03:09:40.753+0000] {dagbag.py:538} INFO - Filling up the DagBag from /opt/airflow/dags/supermarket_etl_pipeline.py
[2026-08-27T03:09:41.100+0000] {processor.py:840} INFO - DAG(s) 'supermarket_etl_pipeline' retrieved from /opt/airflow/dags/supermarket_etl_pipeline.py
[2026-08-27T03:09:41.126+0000] {logging_mixin.py:188} INFO - [2026-08-27T03:09:41.126+0000] {dag.py:3036} INFO - Sync 1 DAGs
[2026-08-27T03:09:41.136+0000] {logging_mixin.py:188} INFO - [2026-08-27T03:09:41.136+0000] {dag.py:3823} INFO - Setting next_dagrun for supermarket_etl_pipeline to None, run_after=None
[2026-08-27T03:09:41.156+0000] {processor.py:183} INFO - Processing /opt/airflow/dags/supermarket_etl_pipeline.py took 0.410 seconds
[2026-08-27T03:10:11.372+0000] {processor.py:161} INFO - Started process (PID=1359) to work on /opt/airflow/dags/supermarket_etl_pipeline.py
[2026-08-27T03:10:11.373+0000] {processor.py:830} INFO - Processing file /opt/airflow/dags/supermarket_etl_pipeline.py for tasks to queue
[2026-08-27T03:10:11.375+0000] {logging_mixin.py:188} INFO - [2026-08-27T03:10:11.375+0000] {dagbag.py:538} INFO - Filling up the DagBag from /opt/airflow/dags/supermarket_etl_pipeline.py
[2026-08-27T03:10:11.739+0000] {processor.py:840} INFO - DAG(s) 'supermarket_etl_pipeline' retrieved from /opt/airflow/dags/supermarket_etl_pipeline.py
[2026-08-27T03:10:11.767+0000] {logging_mixin.py:188} INFO - [2026-08-27T03:10:11.767+0000] {dag.py:3036} INFO - Sync 1 DAGs
[2026-08-27T03:10:11.778+0000] {logging_mixin.py:188} INFO - [2026-08-27T03:10:11.778+0000] {dag.py:3823} INFO - Setting next_dagrun for supermarket_etl_pipeline to None, run_after=None
[2026-08-27T03:10:11.798+0000] {processor.py:183} INFO - Processing /opt/airflow/dags/supermarket_etl_pipeline.py took 0.429 seconds
[2026-08-27T03:10:42.005+0000] {processor.py:161} INFO - Started process (PID=1365) to work on /opt/airflow/dags/supermarket_etl_pipeline.py
[2026-08-27T03:10:42.007+0000] {processor.py:830} INFO - Processing file /opt/airflow/dags/supermarket_etl_pipeline.py for tasks to queue
[2026-08-27T03:10:42.008+0000] {logging_mixin.py:188} INFO - [2026-08-27T03:10:42.008+0000] {dagbag.py:538} INFO - Filling up the DagBag from /opt/airflow/dags/supermarket_etl_pipeline.py
[2026-08-27T03:10:42.359+0000] {processor.py:840} INFO - DAG(s) 'supermarket_etl_pipeline' retrieved from /opt/airflow/dags/supermarket_etl_pipeline.py
[2026-08-27T03:10:42.389+0000] {logging_mixin.py:188} INFO - [2026-08-27T03:10:42.388+0000] {dag.py:3036} INFO - Sync 1 DAGs
[2026-08-27T03:10:42.400+0000] {logging_mixin.py:188} INFO - [2026-08-27T03:10:42.399+0000] {dag.py:3823} INFO - Setting next_dagrun for supermarket_etl_pipeline to None, run_after=None
[2026-08-27T03:10:42.421+0000] {processor.py:183} INFO - Processing /opt/airflow/dags/supermarket_etl_pipeline.py took 0.418 seconds
[2026-08-27T03:11:12.631+0000] {processor.py:161} INFO - Started process (PID=1371) to work on /opt/airflow/dags/supermarket_etl_pipeline.py
[2026-08-27T03:11:12.633+0000] {processor.py:830} INFO - Processing file /opt/airflow/dags/supermarket_etl_pipeline.py for tasks to queue
[2026-08-27T03:11:12.634+0000] {logging_mixin.py:188} INFO - [2026-08-27T03:11:12.634+0000] {dagbag.py:538} INFO - Filling up the DagBag from /opt/airflow/dags/supermarket_etl_pipeline.py
[2026-08-27T03:11:13.023+0000] {processor.py:840} INFO - DAG(s) 'supermarket_etl_pipeline' retrieved from /opt/airflow/dags/supermarket_etl_pipeline.py
[2026-08-27T03:11:13.048+0000] {logging_mixin.py:188} INFO - [2026-08-27T03:11:13.047+0000] {dag.py:3036} INFO - Sync 1 DAGs
[2026-08-27T03:11:13.059+0000] {logging_mixin.py:188} INFO - [2026-08-27T03:11:13.059+0000] {dag.py:3823} INFO - Setting next_dagrun for supermarket_etl_pipeline to None, run_after=None
[2026-08-27T03:11:13.081+0000] {processor.py:183} INFO - Processing /opt/airflow/dags/supermarket_etl_pipeline.py took 0.452 seconds
[2026-08-27T03:11:43.305+0000] {processor.py:161} INFO - Started process (PID=1377) to work on /opt/airflow/dags/supermarket_etl_pipeline.py
[2026-08-27T03:11:43.312+0000] {processor.py:830} INFO - Processing file /opt/airflow/dags/supermarket_etl_pipeline.py for tasks to queue
[2026-08-27T03:11:43.316+0000] {logging_mixin.py:188} INFO - [2026-08-27T03:11:43.316+0000] {dagbag.py:538} INFO - Filling up the DagBag from /opt/airflow/dags/supermarket_etl_pipeline.py
[2026-08-27T03:11:44.249+0000] {processor.py:840} INFO - DAG(s) 'supermarket_etl_pipeline' retrieved from /opt/airflow/dags/supermarket_etl_pipeline.py
[2026-08-27T03:11:44.273+0000] {logging_mixin.py:188} INFO - [2026-08-27T03:11:44.273+0000] {dag.py:3036} INFO - Sync 1 DAGs
[2026-08-27T03:11:44.284+0000] {logging_mixin.py:188} INFO - [2026-08-27T03:11:44.284+0000] {dag.py:3823} INFO - Setting next_dagrun for supermarket_etl_pipeline to None, run_after=None
[2026-08-27T03:11:44.306+0000] {processor.py:183} INFO - Processing /opt/airflow/dags/supermarket_etl_pipeline.py took 1.010 seconds
[2026-08-27T03:12:14.529+0000] {processor.py:161} INFO - Started process (PID=1383) to work on /opt/airflow/dags/supermarket_etl_pipeline.py
[2026-08-27T03:12:14.530+0000] {processor.py:830} INFO - Processing file /opt/airflow/dags/supermarket_etl_pipeline.py for tasks to queue
[2026-08-27T03:12:14.532+0000] {logging_mixin.py:188} INFO - [2026-08-27T03:12:14.532+0000] {dagbag.py:538} INFO - Filling up the DagBag from /opt/airflow/dags/supermarket_etl_pipeline.py
[2026-08-27T03:12:14.890+0000] {processor.py:840} INFO - DAG(s) 'supermarket_etl_pipeline' retrieved from /opt/airflow/dags/supermarket_etl_pipeline.py
[2026-08-27T03:12:14.918+0000] {logging_mixin.py:188} INFO - [2026-08-27T03:12:14.917+0000] {dag.py:3036} INFO - Sync 1 DAGs
[2026-08-27T03:12:14.933+0000] {logging_mixin.py:188} INFO - [2026-08-27T03:12:14.932+0000] {dag.py:3823} INFO - Setting next_dagrun for supermarket_etl_pipeline to None, run_after=None
[2026-08-27T03:12:14.958+0000] {processor.py:183} INFO - Processing /opt/airflow/dags/supermarket_etl_pipeline.py took 0.432 seconds
[2026-08-27T03:12:45.223+0000] {processor.py:161} INFO - Started process (PID=1389) to work on /opt/airflow/dags/supermarket_etl_pipeline.py
[2026-08-27T03:12:45.238+0000] {processor.py:830} INFO - Processing file /opt/airflow/dags/supermarket_etl_pipeline.py for tasks to queue
[2026-08-27T03:12:45.244+0000] {logging_mixin.py:188} INFO - [2026-08-27T03:12:45.243+0000] {dagbag.py:538} INFO - Filling up the DagBag from /opt/airflow/dags/supermarket_etl_pipeline.py
[2026-08-27T03:12:46.084+0000] {processor.py:840} INFO - DAG(s) 'supermarket_etl_pipeline' retrieved from /opt/airflow/dags/supermarket_etl_pipeline.py
[2026-08-27T03:12:46.114+0000] {logging_mixin.py:188} INFO - [2026-08-27T03:12:46.114+0000] {dag.py:3036} INFO - Sync 1 DAGs
[2026-08-27T03:12:46.128+0000] {logging_mixin.py:188} INFO - [2026-08-27T03:12:46.128+0000] {dag.py:3823} INFO - Setting next_dagrun for supermarket_etl_pipeline to None, run_after=None
[2026-08-27T03:12:46.157+0000] {processor.py:183} INFO - Processing /opt/airflow/dags/supermarket_etl_pipeline.py took 1.001 seconds
[2026-08-27T03:13:16.352+0000] {processor.py:161} INFO - Started process (PID=1395) to work on /opt/airflow/dags/supermarket_etl_pipeline.py
[2026-08-27T03:13:16.353+0000] {processor.py:830} INFO - Processing file /opt/airflow/dags/supermarket_etl_pipeline.py for tasks to queue
[2026-08-27T03:13:16.355+0000] {logging_mixin.py:188} INFO - [2026-08-27T03:13:16.355+0000] {dagbag.py:538} INFO - Filling up the DagBag from /opt/airflow/dags/supermarket_etl_pipeline.py
[2026-08-27T03:13:16.727+0000] {processor.py:840} INFO - DAG(s) 'supermarket_etl_pipeline' retrieved from /opt/airflow/dags/supermarket_etl_pipeline.py
[2026-08-27T03:13:16.751+0000] {logging_mixin.py:188} INFO - [2026-08-27T03:13:16.751+0000] {dag.py:3036} INFO - Sync 1 DAGs
[2026-08-27T03:13:16.765+0000] {logging_mixin.py:188} INFO - [2026-08-27T03:13:16.764+0000] {dag.py:3823} INFO - Setting next_dagrun for supermarket_etl_pipeline to None, run_after=None
[2026-08-27T03:13:16.785+0000] {processor.py:183} INFO - Processing /opt/airflow/dags/supermarket_etl_pipeline.py took 0.436 seconds
[2026-08-27T03:13:46.994+0000] {processor.py:161} INFO - Started process (PID=1401) to work on /opt/airflow/dags/supermarket_etl_pipeline.py
[2026-08-27T03:13:46.996+0000] {processor.py:830} INFO - Processing file /opt/airflow/dags/supermarket_etl_pipeline.py for tasks to queue
[2026-08-27T03:13:47.000+0000] {logging_mixin.py:188} INFO - [2026-08-27T03:13:46.999+0000] {dagbag.py:538} INFO - Filling up the DagBag from /opt/airflow/dags/supermarket_etl_pipeline.py
[2026-08-27T03:13:47.348+0000] {processor.py:840} INFO - DAG(s) 'supermarket_etl_pipeline' retrieved from /opt/airflow/dags/supermarket_etl_pipeline.py
[2026-08-27T03:13:47.372+0000] {logging_mixin.py:188} INFO - [2026-08-27T03:13:47.372+0000] {dag.py:3036} INFO - Sync 1 DAGs
[2026-08-27T03:13:47.382+0000] {logging_mixin.py:188} INFO - [2026-08-27T03:13:47.382+0000] {dag.py:3823} INFO - Setting next_dagrun for supermarket_etl_pipeline to None, run_after=None
[2026-08-27T03:13:47.405+0000] {processor.py:183} INFO - Processing /opt/airflow/dags/supermarket_etl_pipeline.py took 0.413 seconds
[2026-08-27T03:14:17.635+0000] {processor.py:161} INFO - Started process (PID=1407) to work on /opt/airflow/dags/supermarket_etl_pipeline.py
[2026-08-27T03:14:17.637+0000] {processor.py:830} INFO - Processing file /opt/airflow/dags/supermarket_etl_pipeline.py for tasks to queue
[2026-08-27T03:14:17.638+0000] {logging_mixin.py:188} INFO - [2026-08-27T03:14:17.638+0000] {dagbag.py:538} INFO - Filling up the DagBag from /opt/airflow/dags/supermarket_etl_pipeline.py
[2026-08-27T03:14:17.997+0000] {processor.py:840} INFO - DAG(s) 'supermarket_etl_pipeline' retrieved from /opt/airflow/dags/supermarket_etl_pipeline.py
[2026-08-27T03:14:18.025+0000] {logging_mixin.py:188} INFO - [2026-08-27T03:14:18.024+0000] {dag.py:3036} INFO - Sync 1 DAGs
[2026-08-27T03:14:18.037+0000] {logging_mixin.py:188} INFO - [2026-08-27T03:14:18.037+0000] {dag.py:3823} INFO - Setting next_dagrun for supermarket_etl_pipeline to None, run_after=None
[2026-08-27T03:14:18.061+0000] {processor.py:183} INFO - Processing /opt/airflow/dags/supermarket_etl_pipeline.py took 0.428 seconds
[2026-08-27T03:14:48.270+0000] {processor.py:161} INFO - Started process (PID=1413) to work on /opt/airflow/dags/supermarket_etl_pipeline.py
[2026-08-27T03:14:48.272+0000] {processor.py:830} INFO - Processing file /opt/airflow/dags/supermarket_etl_pipeline.py for tasks to queue
[2026-08-27T03:14:48.273+0000] {logging_mixin.py:188} INFO - [2026-08-27T03:14:48.273+0000] {dagbag.py:538} INFO - Filling up the DagBag from /opt/airflow/dags/supermarket_etl_pipeline.py
[2026-08-27T03:14:48.661+0000] {processor.py:840} INFO - DAG(s) 'supermarket_etl_pipeline' retrieved from /opt/airflow/dags/supermarket_etl_pipeline.py
[2026-08-27T03:14:48.688+0000] {logging_mixin.py:188} INFO - [2026-08-27T03:14:48.687+0000] {dag.py:3036} INFO - Sync 1 DAGs
[2026-08-27T03:14:48.698+0000] {logging_mixin.py:188} INFO - [2026-08-27T03:14:48.698+0000] {dag.py:3823} INFO - Setting next_dagrun for supermarket_etl_pipeline to None, run_after=None
[2026-08-27T03:14:48.719+0000] {processor.py:183} INFO - Processing /opt/airflow/dags/supermarket_etl_pipeline.py took 0.453 seconds
[2026-08-27T03:15:18.933+0000] {processor.py:161} INFO - Started process (PID=1419) to work on /opt/airflow/dags/supermarket_etl_pipeline.py
[2026-08-27T03:15:18.935+0000] {processor.py:830} INFO - Processing file /opt/airflow/dags/supermarket_etl_pipeline.py for tasks to queue
[2026-08-27T03:15:18.936+0000] {logging_mixin.py:188} INFO - [2026-08-27T03:15:18.936+0000] {dagbag.py:538} INFO - Filling up the DagBag from /opt/airflow/dags/supermarket_etl_pipeline.py
[2026-08-27T03:15:19.273+0000] {processor.py:840} INFO - DAG(s) 'supermarket_etl_pipeline' retrieved from /opt/airflow/dags/supermarket_etl_pipeline.py
[2026-08-27T03:15:19.296+0000] {logging_mixin.py:188} INFO - [2026-08-27T03:15:19.296+0000] {dag.py:3036} INFO - Sync 1 DAGs
[2026-08-27T03:15:19.305+0000] {logging_mixin.py:188} INFO - [2026-08-27T03:15:19.305+0000] {dag.py:3823} INFO - Setting next_dagrun for supermarket_etl_pipeline to None, run_after=None
[2026-08-27T03:15:19.325+0000] {processor.py:183} INFO - Processing /opt/airflow/dags/supermarket_etl_pipeline.py took 0.394 seconds
[2026-08-27T03:15:49.513+0000] {processor.py:161} INFO - Started process (PID=1425) to work on /opt/airflow/dags/supermarket_etl_pipeline.py
[2026-08-27T03:15:49.514+0000] {processor.py:830} INFO - Processing file /opt/airflow/dags/supermarket_etl_pipeline.py for tasks to queue
[2026-08-27T03:15:49.516+0000] {logging_mixin.py:188} INFO - [2026-08-27T03:15:49.515+0000] {dagbag.py:538} INFO - Filling up the DagBag from /opt/airflow/dags/supermarket_etl_pipeline.py
[2026-08-27T03:15:49.858+0000] {processor.py:840} INFO - DAG(s) 'supermarket_etl_pipeline' retrieved from /opt/airflow/dags/supermarket_etl_pipeline.py
[2026-08-27T03:15:49.881+0000] {logging_mixin.py:188} INFO - [2026-08-27T03:15:49.881+0000] {dag.py:3036} INFO - Sync 1 DAGs
[2026-08-27T03:15:49.891+0000] {logging_mixin.py:188} INFO - [2026-08-27T03:15:49.891+0000] {dag.py:3823} INFO - Setting next_dagrun for supermarket_etl_pipeline to None, run_after=None
[2026-08-27T03:15:49.921+0000] {processor.py:183} INFO - Processing /opt/airflow/dags/supermarket_etl_pipeline.py took 0.412 seconds
[2026-08-27T03:16:20.120+0000] {processor.py:161} INFO - Started process (PID=1431) to work on /opt/airflow/dags/supermarket_etl_pipeline.py
[2026-08-27T03:16:20.121+0000] {processor.py:830} INFO - Processing file /opt/airflow/dags/supermarket_etl_pipeline.py for tasks to queue
[2026-08-27T03:16:20.123+0000] {logging_mixin.py:188} INFO - [2026-08-27T03:16:20.123+0000] {dagbag.py:538} INFO - Filling up the DagBag from /opt/airflow/dags/supermarket_etl_pipeline.py
[2026-08-27T03:16:20.521+0000] {processor.py:840} INFO - DAG(s) 'supermarket_etl_pipeline' retrieved from /opt/airflow/dags/supermarket_etl_pipeline.py
[2026-08-27T03:16:20.546+0000] {logging_mixin.py:188} INFO - [2026-08-27T03:16:20.546+0000] {dag.py:3036} INFO - Sync 1 DAGs
[2026-08-27T03:16:20.557+0000] {logging_mixin.py:188} INFO - [2026-08-27T03:16:20.557+0000] {dag.py:3823} INFO - Setting next_dagrun for supermarket_etl_pipeline to None, run_after=None
[2026-08-27T03:16:20.579+0000] {processor.py:183} INFO - Processing /opt/airflow/dags/supermarket_etl_pipeline.py took 0.462 seconds
[2026-08-27T03:16:50.829+0000] {processor.py:161} INFO - Started process (PID=1437) to work on /opt/airflow/dags/supermarket_etl_pipeline.py
[2026-08-27T03:16:50.833+0000] {processor.py:830} INFO - Processing file /opt/airflow/dags/supermarket_etl_pipeline.py for tasks to queue
[2026-08-27T03:16:50.836+0000] {logging_mixin.py:188} INFO - [2026-08-27T03:16:50.835+0000] {dagbag.py:538} INFO - Filling up the DagBag from /opt/airflow/dags/supermarket_etl_pipeline.py
[2026-08-27T03:16:51.184+0000] {processor.py:840} INFO - DAG(s) 'supermarket_etl_pipeline' retrieved from /opt/airflow/dags/supermarket_etl_pipeline.py
[2026-08-27T03:16:51.208+0000] {logging_mixin.py:188} INFO - [2026-08-27T03:16:51.208+0000] {dag.py:3036} INFO - Sync 1 DAGs
[2026-08-27T03:16:51.218+0000] {logging_mixin.py:188} INFO - [2026-08-27T03:16:51.218+0000] {dag.py:3823} INFO - Setting next_dagrun for supermarket_etl_pipeline to None, run_after=None
[2026-08-27T03:16:51.241+0000] {processor.py:183} INFO - Processing /opt/airflow/dags/supermarket_etl_pipeline.py took 0.417 seconds
[2026-08-27T03:17:21.495+0000] {processor.py:161} INFO - Started process (PID=1443) to work on /opt/airflow/dags/supermarket_etl_pipeline.py
[2026-08-27T03:17:21.496+0000] {processor.py:830} INFO - Processing file /opt/airflow/dags/supermarket_etl_pipeline.py for tasks to queue
[2026-08-27T03:17:21.497+0000] {logging_mixin.py:188} INFO - [2026-08-27T03:17:21.497+0000] {dagbag.py:538} INFO - Filling up the DagBag from /opt/airflow/dags/supermarket_etl_pipeline.py
[2026-08-27T03:17:21.845+0000] {processor.py:840} INFO - DAG(s) 'supermarket_etl_pipeline' retrieved from /opt/airflow/dags/supermarket_etl_pipeline.py
[2026-08-27T03:17:21.870+0000] {logging_mixin.py:188} INFO - [2026-08-27T03:17:21.870+0000] {dag.py:3036} INFO - Sync 1 DAGs
[2026-08-27T03:17:21.881+0000] {logging_mixin.py:188} INFO - [2026-08-27T03:17:21.881+0000] {dag.py:3823} INFO - Setting next_dagrun for supermarket_etl_pipeline to None, run_after=None
[2026-08-27T03:17:21.902+0000] {processor.py:183} INFO - Processing /opt/airflow/dags/supermarket_etl_pipeline.py took 0.410 seconds
[2026-08-27T03:17:52.098+0000] {processor.py:161} INFO - Started process (PID=1449) to work on /opt/airflow/dags/supermarket_etl_pipeline.py
[2026-08-27T03:17:52.100+0000] {processor.py:830} INFO - Processing file /opt/airflow/dags/supermarket_etl_pipeline.py for tasks to queue
[2026-08-27T03:17:52.101+0000] {logging_mixin.py:188} INFO - [2026-08-27T03:17:52.101+0000] {dagbag.py:538} INFO - Filling up the DagBag from /opt/airflow/dags/supermarket_etl_pipeline.py
[2026-08-27T03:17:52.429+0000] {processor.py:840} INFO - DAG(s) 'supermarket_etl_pipeline' retrieved from /opt/airflow/dags/supermarket_etl_pipeline.py
[2026-08-27T03:17:52.454+0000] {logging_mixin.py:188} INFO - [2026-08-27T03:17:52.453+0000] {dag.py:3036} INFO - Sync 1 DAGs
[2026-08-27T03:17:52.465+0000] {logging_mixin.py:188} INFO - [2026-08-27T03:17:52.465+0000] {dag.py:3823} INFO - Setting next_dagrun for supermarket_etl_pipeline to None, run_after=None
[2026-08-27T03:17:52.487+0000] {processor.py:183} INFO - Processing /opt/airflow/dags/supermarket_etl_pipeline.py took 0.392 seconds
[2026-08-27T03:18:22.704+0000] {processor.py:161} INFO - Started process (PID=1455) to work on /opt/airflow/dags/supermarket_etl_pipeline.py
[2026-08-27T03:18:22.706+0000] {processor.py:830} INFO - Processing file /opt/airflow/dags/supermarket_etl_pipeline.py for tasks to queue
[2026-08-27T03:18:22.707+0000] {logging_mixin.py:188} INFO - [2026-08-27T03:18:22.707+0000] {dagbag.py:538} INFO - Filling up the DagBag from /opt/airflow/dags/supermarket_etl_pipeline.py
[2026-08-27T03:18:23.039+0000] {processor.py:840} INFO - DAG(s) 'supermarket_etl_pipeline' retrieved from /opt/airflow/dags/supermarket_etl_pipeline.py
[2026-08-27T03:18:23.063+0000] {logging_mixin.py:188} INFO - [2026-08-27T03:18:23.063+0000] {dag.py:3036} INFO - Sync 1 DAGs
[2026-08-27T03:18:23.075+0000] {logging_mixin.py:188} INFO - [2026-08-27T03:18:23.075+0000] {dag.py:3823} INFO - Setting next_dagrun for supermarket_etl_pipeline to None, run_after=None
[2026-08-27T03:18:23.097+0000] {processor.py:183} INFO - Processing /opt/airflow/dags/supermarket_etl_pipeline.py took 0.395 seconds
[2026-08-27T03:18:53.319+0000] {processor.py:161} INFO - Started process (PID=1461) to work on /opt/airflow/dags/supermarket_etl_pipeline.py
[2026-08-27T03:18:53.320+0000] {processor.py:830} INFO - Processing file /opt/airflow/dags/supermarket_etl_pipeline.py for tasks to queue
[2026-08-27T03:18:53.321+0000] {logging_mixin.py:188} INFO - [2026-08-27T03:18:53.321+0000] {dagbag.py:538} INFO - Filling up the DagBag from /opt/airflow/dags/supermarket_etl_pipeline.py
[2026-08-27T03:18:53.659+0000] {processor.py:840} INFO - DAG(s) 'supermarket_etl_pipeline' retrieved from /opt/airflow/dags/supermarket_etl_pipeline.py
[2026-08-27T03:18:53.684+0000] {logging_mixin.py:188} INFO - [2026-08-27T03:18:53.684+0000] {dag.py:3036} INFO - Sync 1 DAGs
[2026-08-27T03:18:53.695+0000] {logging_mixin.py:188} INFO - [2026-08-27T03:18:53.695+0000] {dag.py:3823} INFO - Setting next_dagrun for supermarket_etl_pipeline to None, run_after=None
[2026-08-27T03:18:53.719+0000] {processor.py:183} INFO - Processing /opt/airflow/dags/supermarket_etl_pipeline.py took 0.404 seconds
[2026-08-27T03:19:23.958+0000] {processor.py:161} INFO - Started process (PID=1467) to work on /opt/airflow/dags/supermarket_etl_pipeline.py
[2026-08-27T03:19:23.960+0000] {processor.py:830} INFO - Processing file /opt/airflow/dags/supermarket_etl_pipeline.py for tasks to queue
[2026-08-27T03:19:23.962+0000] {logging_mixin.py:188} INFO - [2026-08-27T03:19:23.961+0000] {dagbag.py:538} INFO - Filling up the DagBag from /opt/airflow/dags/supermarket_etl_pipeline.py
[2026-08-27T03:19:24.410+0000] {processor.py:840} INFO - DAG(s) 'supermarket_etl_pipeline' retrieved from /opt/airflow/dags/supermarket_etl_pipeline.py
[2026-08-27T03:19:24.443+0000] {logging_mixin.py:188} INFO - [2026-08-27T03:19:24.443+0000] {dag.py:3036} INFO - Sync 1 DAGs
[2026-08-27T03:19:24.455+0000] {logging_mixin.py:188} INFO - [2026-08-27T03:19:24.455+0000] {dag.py:3823} INFO - Setting next_dagrun for supermarket_etl_pipeline to None, run_after=None
[2026-08-27T03:19:24.483+0000] {processor.py:183} INFO - Processing /opt/airflow/dags/supermarket_etl_pipeline.py took 0.529 seconds
[2026-08-27T03:19:54.763+0000] {processor.py:161} INFO - Started process (PID=1473) to work on /opt/airflow/dags/supermarket_etl_pipeline.py
[2026-08-27T03:19:54.764+0000] {processor.py:830} INFO - Processing file /opt/airflow/dags/supermarket_etl_pipeline.py for tasks to queue
[2026-08-27T03:19:54.766+0000] {logging_mixin.py:188} INFO - [2026-08-27T03:19:54.766+0000] {dagbag.py:538} INFO - Filling up the DagBag from /opt/airflow/dags/supermarket_etl_pipeline.py
[2026-08-27T03:19:55.110+0000] {processor.py:840} INFO - DAG(s) 'supermarket_etl_pipeline' retrieved from /opt/airflow/dags/supermarket_etl_pipeline.py
[2026-08-27T03:19:55.134+0000] {logging_mixin.py:188} INFO - [2026-08-27T03:19:55.134+0000] {dag.py:3036} INFO - Sync 1 DAGs
[2026-08-27T03:19:55.145+0000] {logging_mixin.py:188} INFO - [2026-08-27T03:19:55.145+0000] {dag.py:3823} INFO - Setting next_dagrun for supermarket_etl_pipeline to None, run_after=None
[2026-08-27T03:19:55.169+0000] {processor.py:183} INFO - Processing /opt/airflow/dags/supermarket_etl_pipeline.py took 0.408 seconds
[2026-08-27T03:20:25.367+0000] {processor.py:161} INFO - Started process (PID=1479) to work on /opt/airflow/dags/supermarket_etl_pipeline.py
[2026-08-27T03:20:25.369+0000] {processor.py:830} INFO - Processing file /opt/airflow/dags/supermarket_etl_pipeline.py for tasks to queue
[2026-08-27T03:20:25.370+0000] {logging_mixin.py:188} INFO - [2026-08-27T03:20:25.370+0000] {dagbag.py:538} INFO - Filling up the DagBag from /opt/airflow/dags/supermarket_etl_pipeline.py
[2026-08-27T03:20:25.719+0000] {processor.py:840} INFO - DAG(s) 'supermarket_etl_pipeline' retrieved from /opt/airflow/dags/supermarket_etl_pipeline.py
[2026-08-27T03:20:25.744+0000] {logging_mixin.py:188} INFO - [2026-08-27T03:20:25.743+0000] {dag.py:3036} INFO - Sync 1 DAGs
[2026-08-27T03:20:25.756+0000] {logging_mixin.py:188} INFO - [2026-08-27T03:20:25.755+0000] {dag.py:3823} INFO - Setting next_dagrun for supermarket_etl_pipeline to None, run_after=None
[2026-08-27T03:20:25.777+0000] {processor.py:183} INFO - Processing /opt/airflow/dags/supermarket_etl_pipeline.py took 0.414 seconds
[2026-08-27T03:20:55.965+0000] {processor.py:161} INFO - Started process (PID=1485) to work on /opt/airflow/dags/supermarket_etl_pipeline.py
[2026-08-27T03:20:55.967+0000] {processor.py:830} INFO - Processing file /opt/airflow/dags/supermarket_etl_pipeline.py for tasks to queue
[2026-08-27T03:20:55.969+0000] {logging_mixin.py:188} INFO - [2026-08-27T03:20:55.969+0000] {dagbag.py:538} INFO - Filling up the DagBag from /opt/airflow/dags/supermarket_etl_pipeline.py
[2026-08-27T03:20:56.310+0000] {processor.py:840} INFO - DAG(s) 'supermarket_etl_pipeline' retrieved from /opt/airflow/dags/supermarket_etl_pipeline.py
[2026-08-27T03:20:56.338+0000] {logging_mixin.py:188} INFO - [2026-08-27T03:20:56.338+0000] {dag.py:3036} INFO - Sync 1 DAGs
[2026-08-27T03:20:56.349+0000] {logging_mixin.py:188} INFO - [2026-08-27T03:20:56.349+0000] {dag.py:3823} INFO - Setting next_dagrun for supermarket_etl_pipeline to None, run_after=None
[2026-08-27T03:20:56.372+0000] {processor.py:183} INFO - Processing /opt/airflow/dags/supermarket_etl_pipeline.py took 0.409 seconds
[2026-08-27T03:21:26.581+0000] {processor.py:161} INFO - Started process (PID=1491) to work on /opt/airflow/dags/supermarket_etl_pipeline.py
[2026-08-27T03:21:26.582+0000] {processor.py:830} INFO - Processing file /opt/airflow/dags/supermarket_etl_pipeline.py for tasks to queue
[2026-08-27T03:21:26.583+0000] {logging_mixin.py:188} INFO - [2026-08-27T03:21:26.583+0000] {dagbag.py:538} INFO - Filling up the DagBag from /opt/airflow/dags/supermarket_etl_pipeline.py
[2026-08-27T03:21:26.924+0000] {processor.py:840} INFO - DAG(s) 'supermarket_etl_pipeline' retrieved from /opt/airflow/dags/supermarket_etl_pipeline.py
[2026-08-27T03:21:26.953+0000] {logging_mixin.py:188} INFO - [2026-08-27T03:21:26.953+0000] {dag.py:3036} INFO - Sync 1 DAGs
[2026-08-27T03:21:26.963+0000] {logging_mixin.py:188} INFO - [2026-08-27T03:21:26.962+0000] {dag.py:3823} INFO - Setting next_dagrun for supermarket_etl_pipeline to None, run_after=None
[2026-08-27T03:21:26.984+0000] {processor.py:183} INFO - Processing /opt/airflow/dags/supermarket_etl_pipeline.py took 0.406 seconds
[2026-08-27T03:21:57.287+0000] {processor.py:161} INFO - Started process (PID=1497) to work on /opt/airflow/dags/supermarket_etl_pipeline.py
[2026-08-27T03:21:57.288+0000] {processor.py:830} INFO - Processing file /opt/airflow/dags/supermarket_etl_pipeline.py for tasks to queue
[2026-08-27T03:21:57.290+0000] {logging_mixin.py:188} INFO - [2026-08-27T03:21:57.290+0000] {dagbag.py:538} INFO - Filling up the DagBag from /opt/airflow/dags/supermarket_etl_pipeline.py
[2026-08-27T03:21:57.639+0000] {processor.py:840} INFO - DAG(s) 'supermarket_etl_pipeline' retrieved from /opt/airflow/dags/supermarket_etl_pipeline.py
[2026-08-27T03:21:57.663+0000] {logging_mixin.py:188} INFO - [2026-08-27T03:21:57.662+0000] {dag.py:3036} INFO - Sync 1 DAGs
[2026-08-27T03:21:57.674+0000] {logging_mixin.py:188} INFO - [2026-08-27T03:21:57.673+0000] {dag.py:3823} INFO - Setting next_dagrun for supermarket_etl_pipeline to None, run_after=None
[2026-08-27T03:21:57.694+0000] {processor.py:183} INFO - Processing /opt/airflow/dags/supermarket_etl_pipeline.py took 0.411 seconds
[2026-08-27T03:22:27.896+0000] {processor.py:161} INFO - Started process (PID=1503) to work on /opt/airflow/dags/supermarket_etl_pipeline.py
[2026-08-27T03:22:27.898+0000] {processor.py:830} INFO - Processing file /opt/airflow/dags/supermarket_etl_pipeline.py for tasks to queue
[2026-08-27T03:22:27.899+0000] {logging_mixin.py:188} INFO - [2026-08-27T03:22:27.899+0000] {dagbag.py:538} INFO - Filling up the DagBag from /opt/airflow/dags/supermarket_etl_pipeline.py
[2026-08-27T03:22:28.245+0000] {processor.py:840} INFO - DAG(s) 'supermarket_etl_pipeline' retrieved from /opt/airflow/dags/supermarket_etl_pipeline.py
[2026-08-27T03:22:28.270+0000] {logging_mixin.py:188} INFO - [2026-08-27T03:22:28.270+0000] {dag.py:3036} INFO - Sync 1 DAGs
[2026-08-27T03:22:28.281+0000] {logging_mixin.py:188} INFO - [2026-08-27T03:22:28.281+0000] {dag.py:3823} INFO - Setting next_dagrun for supermarket_etl_pipeline to None, run_after=None
[2026-08-27T03:22:28.300+0000] {processor.py:183} INFO - Processing /opt/airflow/dags/supermarket_etl_pipeline.py took 0.407 seconds
[2026-08-27T03:22:58.496+0000] {processor.py:161} INFO - Started process (PID=1509) to work on /opt/airflow/dags/supermarket_etl_pipeline.py
[2026-08-27T03:22:58.498+0000] {processor.py:830} INFO - Processing file /opt/airflow/dags/supermarket_etl_pipeline.py for tasks to queue
[2026-08-27T03:22:58.500+0000] {logging_mixin.py:188} INFO - [2026-08-27T03:22:58.499+0000] {dagbag.py:538} INFO - Filling up the DagBag from /opt/airflow/dags/supermarket_etl_pipeline.py
[2026-08-27T03:22:58.850+0000] {processor.py:840} INFO - DAG(s) 'supermarket_etl_pipeline' retrieved from /opt/airflow/dags/supermarket_etl_pipeline.py
[2026-08-27T03:22:58.874+0000] {logging_mixin.py:188} INFO - [2026-08-27T03:22:58.874+0000] {dag.py:3036} INFO - Sync 1 DAGs
[2026-08-27T03:22:58.883+0000] {logging_mixin.py:188} INFO - [2026-08-27T03:22:58.883+0000] {dag.py:3823} INFO - Setting next_dagrun for supermarket_etl_pipeline to None, run_after=None
[2026-08-27T03:22:58.904+0000] {processor.py:183} INFO - Processing /opt/airflow/dags/supermarket_etl_pipeline.py took 0.410 seconds
[2026-08-27T03:23:29.149+0000] {processor.py:161} INFO - Started process (PID=1515) to work on /opt/airflow/dags/supermarket_etl_pipeline.py
[2026-08-27T03:23:29.151+0000] {processor.py:830} INFO - Processing file /opt/airflow/dags/supermarket_etl_pipeline.py for tasks to queue
[2026-08-27T03:23:29.155+0000] {logging_mixin.py:188} INFO - [2026-08-27T03:23:29.154+0000] {dagbag.py:538} INFO - Filling up the DagBag from /opt/airflow/dags/supermarket_etl_pipeline.py
[2026-08-27T03:23:29.995+0000] {processor.py:840} INFO - DAG(s) 'supermarket_etl_pipeline' retrieved from /opt/airflow/dags/supermarket_etl_pipeline.py
[2026-08-27T03:23:30.027+0000] {logging_mixin.py:188} INFO - [2026-08-27T03:23:30.026+0000] {dag.py:3036} INFO - Sync 1 DAGs
[2026-08-27T03:23:30.041+0000] {logging_mixin.py:188} INFO - [2026-08-27T03:23:30.041+0000] {dag.py:3823} INFO - Setting next_dagrun for supermarket_etl_pipeline to None, run_after=None
[2026-08-27T03:23:30.069+0000] {processor.py:183} INFO - Processing /opt/airflow/dags/supermarket_etl_pipeline.py took 0.925 seconds
[2026-08-27T03:24:00.368+0000] {processor.py:161} INFO - Started process (PID=1521) to work on /opt/airflow/dags/supermarket_etl_pipeline.py
[2026-08-27T03:24:00.369+0000] {processor.py:830} INFO - Processing file /opt/airflow/dags/supermarket_etl_pipeline.py for tasks to queue
[2026-08-27T03:24:00.371+0000] {logging_mixin.py:188} INFO - [2026-08-27T03:24:00.370+0000] {dagbag.py:538} INFO - Filling up the DagBag from /opt/airflow/dags/supermarket_etl_pipeline.py
[2026-08-27T03:24:00.707+0000] {processor.py:840} INFO - DAG(s) 'supermarket_etl_pipeline' retrieved from /opt/airflow/dags/supermarket_etl_pipeline.py
[2026-08-27T03:24:00.727+0000] {logging_mixin.py:188} INFO - [2026-08-27T03:24:00.727+0000] {dag.py:3036} INFO - Sync 1 DAGs
[2026-08-27T03:24:00.736+0000] {logging_mixin.py:188} INFO - [2026-08-27T03:24:00.735+0000] {dag.py:3823} INFO - Setting next_dagrun for supermarket_etl_pipeline to None, run_after=None
[2026-08-27T03:24:00.753+0000] {processor.py:183} INFO - Processing /opt/airflow/dags/supermarket_etl_pipeline.py took 0.388 seconds
[2026-08-27T03:24:31.025+0000] {processor.py:161} INFO - Started process (PID=1527) to work on /opt/airflow/dags/supermarket_etl_pipeline.py
[2026-08-27T03:24:31.027+0000] {processor.py:830} INFO - Processing file /opt/airflow/dags/supermarket_etl_pipeline.py for tasks to queue
[2026-08-27T03:24:31.029+0000] {logging_mixin.py:188} INFO - [2026-08-27T03:24:31.028+0000] {dagbag.py:538} INFO - Filling up the DagBag from /opt/airflow/dags/supermarket_etl_pipeline.py
[2026-08-27T03:24:31.416+0000] {processor.py:840} INFO - DAG(s) 'supermarket_etl_pipeline' retrieved from /opt/airflow/dags/supermarket_etl_pipeline.py
[2026-08-27T03:24:31.441+0000] {logging_mixin.py:188} INFO - [2026-08-27T03:24:31.440+0000] {dag.py:3036} INFO - Sync 1 DAGs
[2026-08-27T03:24:31.451+0000] {logging_mixin.py:188} INFO - [2026-08-27T03:24:31.451+0000] {dag.py:3823} INFO - Setting next_dagrun for supermarket_etl_pipeline to None, run_after=None
[2026-08-27T03:24:31.473+0000] {processor.py:183} INFO - Processing /opt/airflow/dags/supermarket_etl_pipeline.py took 0.451 seconds
[2026-08-27T03:25:01.741+0000] {processor.py:161} INFO - Started process (PID=1533) to work on /opt/airflow/dags/supermarket_etl_pipeline.py
[2026-08-27T03:25:01.744+0000] {processor.py:830} INFO - Processing file /opt/airflow/dags/supermarket_etl_pipeline.py for tasks to queue
[2026-08-27T03:25:01.746+0000] {logging_mixin.py:188} INFO - [2026-08-27T03:25:01.746+0000] {dagbag.py:538} INFO - Filling up the DagBag from /opt/airflow/dags/supermarket_etl_pipeline.py
[2026-08-27T03:25:02.104+0000] {processor.py:840} INFO - DAG(s) 'supermarket_etl_pipeline' retrieved from /opt/airflow/dags/supermarket_etl_pipeline.py
[2026-08-27T03:25:02.126+0000] {logging_mixin.py:188} INFO - [2026-08-27T03:25:02.125+0000] {dag.py:3036} INFO - Sync 1 DAGs
[2026-08-27T03:25:02.135+0000] {logging_mixin.py:188} INFO - [2026-08-27T03:25:02.135+0000] {dag.py:3823} INFO - Setting next_dagrun for supermarket_etl_pipeline to None, run_after=None
[2026-08-27T03:25:02.154+0000] {processor.py:183} INFO - Processing /opt/airflow/dags/supermarket_etl_pipeline.py took 0.415 seconds
[2026-08-27T03:25:32.395+0000] {processor.py:161} INFO - Started process (PID=1539) to work on /opt/airflow/dags/supermarket_etl_pipeline.py
[2026-08-27T03:25:32.396+0000] {processor.py:830} INFO - Processing file /opt/airflow/dags/supermarket_etl_pipeline.py for tasks to queue
[2026-08-27T03:25:32.398+0000] {logging_mixin.py:188} INFO - [2026-08-27T03:25:32.397+0000] {dagbag.py:538} INFO - Filling up the DagBag from /opt/airflow/dags/supermarket_etl_pipeline.py
[2026-08-27T03:25:32.726+0000] {processor.py:840} INFO - DAG(s) 'supermarket_etl_pipeline' retrieved from /opt/airflow/dags/supermarket_etl_pipeline.py
[2026-08-27T03:25:32.744+0000] {logging_mixin.py:188} INFO - [2026-08-27T03:25:32.744+0000] {dag.py:3036} INFO - Sync 1 DAGs
[2026-08-27T03:25:32.752+0000] {logging_mixin.py:188} INFO - [2026-08-27T03:25:32.752+0000] {dag.py:3823} INFO - Setting next_dagrun for supermarket_etl_pipeline to None, run_after=None
[2026-08-27T03:25:32.771+0000] {processor.py:183} INFO - Processing /opt/airflow/dags/supermarket_etl_pipeline.py took 0.378 seconds
[2026-08-27T03:26:03.036+0000] {processor.py:161} INFO - Started process (PID=1545) to work on /opt/airflow/dags/supermarket_etl_pipeline.py
[2026-08-27T03:26:03.037+0000] {processor.py:830} INFO - Processing file /opt/airflow/dags/supermarket_etl_pipeline.py for tasks to queue
[2026-08-27T03:26:03.039+0000] {logging_mixin.py:188} INFO - [2026-08-27T03:26:03.039+0000] {dagbag.py:538} INFO - Filling up the DagBag from /opt/airflow/dags/supermarket_etl_pipeline.py
[2026-08-27T03:26:03.385+0000] {processor.py:840} INFO - DAG(s) 'supermarket_etl_pipeline' retrieved from /opt/airflow/dags/supermarket_etl_pipeline.py
[2026-08-27T03:26:03.404+0000] {logging_mixin.py:188} INFO - [2026-08-27T03:26:03.404+0000] {dag.py:3036} INFO - Sync 1 DAGs
[2026-08-27T03:26:03.414+0000] {logging_mixin.py:188} INFO - [2026-08-27T03:26:03.414+0000] {dag.py:3823} INFO - Setting next_dagrun for supermarket_etl_pipeline to None, run_after=None
[2026-08-27T03:26:03.433+0000] {processor.py:183} INFO - Processing /opt/airflow/dags/supermarket_etl_pipeline.py took 0.400 seconds
[2026-08-27T03:26:33.703+0000] {processor.py:161} INFO - Started process (PID=1551) to work on /opt/airflow/dags/supermarket_etl_pipeline.py
[2026-08-27T03:26:33.705+0000] {processor.py:830} INFO - Processing file /opt/airflow/dags/supermarket_etl_pipeline.py for tasks to queue
[2026-08-27T03:26:33.707+0000] {logging_mixin.py:188} INFO - [2026-08-27T03:26:33.707+0000] {dagbag.py:538} INFO - Filling up the DagBag from /opt/airflow/dags/supermarket_etl_pipeline.py
[2026-08-27T03:26:34.030+0000] {processor.py:840} INFO - DAG(s) 'supermarket_etl_pipeline' retrieved from /opt/airflow/dags/supermarket_etl_pipeline.py
[2026-08-27T03:26:34.050+0000] {logging_mixin.py:188} INFO - [2026-08-27T03:26:34.050+0000] {dag.py:3036} INFO - Sync 1 DAGs
[2026-08-27T03:26:34.061+0000] {logging_mixin.py:188} INFO - [2026-08-27T03:26:34.060+0000] {dag.py:3823} INFO - Setting next_dagrun for supermarket_etl_pipeline to None, run_after=None
[2026-08-27T03:26:34.080+0000] {processor.py:183} INFO - Processing /opt/airflow/dags/supermarket_etl_pipeline.py took 0.379 seconds
[2026-08-27T03:27:04.478+0000] {processor.py:161} INFO - Started process (PID=1557) to work on /opt/airflow/dags/supermarket_etl_pipeline.py
[2026-08-27T03:27:04.481+0000] {processor.py:830} INFO - Processing file /opt/airflow/dags/supermarket_etl_pipeline.py for tasks to queue
[2026-08-27T03:27:04.483+0000] {logging_mixin.py:188} INFO - [2026-08-27T03:27:04.483+0000] {dagbag.py:538} INFO - Filling up the DagBag from /opt/airflow/dags/supermarket_etl_pipeline.py
[2026-08-27T03:27:04.861+0000] {processor.py:840} INFO - DAG(s) 'supermarket_etl_pipeline' retrieved from /opt/airflow/dags/supermarket_etl_pipeline.py
[2026-08-27T03:27:04.879+0000] {logging_mixin.py:188} INFO - [2026-08-27T03:27:04.879+0000] {dag.py:3036} INFO - Sync 1 DAGs
[2026-08-27T03:27:04.887+0000] {logging_mixin.py:188} INFO - [2026-08-27T03:27:04.887+0000] {dag.py:3823} INFO - Setting next_dagrun for supermarket_etl_pipeline to None, run_after=None
[2026-08-27T03:27:04.904+0000] {processor.py:183} INFO - Processing /opt/airflow/dags/supermarket_etl_pipeline.py took 0.430 seconds
[2026-08-27T03:27:35.258+0000] {processor.py:161} INFO - Started process (PID=1563) to work on /opt/airflow/dags/supermarket_etl_pipeline.py
[2026-08-27T03:27:35.261+0000] {processor.py:830} INFO - Processing file /opt/airflow/dags/supermarket_etl_pipeline.py for tasks to queue
[2026-08-27T03:27:35.263+0000] {logging_mixin.py:188} INFO - [2026-08-27T03:27:35.263+0000] {dagbag.py:538} INFO - Filling up the DagBag from /opt/airflow/dags/supermarket_etl_pipeline.py
[2026-08-27T03:27:35.601+0000] {processor.py:840} INFO - DAG(s) 'supermarket_etl_pipeline' retrieved from /opt/airflow/dags/supermarket_etl_pipeline.py
[2026-08-27T03:27:35.619+0000] {logging_mixin.py:188} INFO - [2026-08-27T03:27:35.618+0000] {dag.py:3036} INFO - Sync 1 DAGs
[2026-08-27T03:27:35.627+0000] {logging_mixin.py:188} INFO - [2026-08-27T03:27:35.626+0000] {dag.py:3823} INFO - Setting next_dagrun for supermarket_etl_pipeline to None, run_after=None
[2026-08-27T03:27:35.645+0000] {processor.py:183} INFO - Processing /opt/airflow/dags/supermarket_etl_pipeline.py took 0.391 seconds
[2026-08-27T03:28:05.935+0000] {processor.py:161} INFO - Started process (PID=1569) to work on /opt/airflow/dags/supermarket_etl_pipeline.py
[2026-08-27T03:28:05.937+0000] {processor.py:830} INFO - Processing file /opt/airflow/dags/supermarket_etl_pipeline.py for tasks to queue
[2026-08-27T03:28:05.939+0000] {logging_mixin.py:188} INFO - [2026-08-27T03:28:05.938+0000] {dagbag.py:538} INFO - Filling up the DagBag from /opt/airflow/dags/supermarket_etl_pipeline.py
[2026-08-27T03:28:06.273+0000] {processor.py:840} INFO - DAG(s) 'supermarket_etl_pipeline' retrieved from /opt/airflow/dags/supermarket_etl_pipeline.py
[2026-08-27T03:28:06.292+0000] {logging_mixin.py:188} INFO - [2026-08-27T03:28:06.292+0000] {dag.py:3036} INFO - Sync 1 DAGs
[2026-08-27T03:28:06.301+0000] {logging_mixin.py:188} INFO - [2026-08-27T03:28:06.300+0000] {dag.py:3823} INFO - Setting next_dagrun for supermarket_etl_pipeline to None, run_after=None
[2026-08-27T03:28:06.318+0000] {processor.py:183} INFO - Processing /opt/airflow/dags/supermarket_etl_pipeline.py took 0.386 seconds
[2026-08-27T03:28:36.640+0000] {processor.py:161} INFO - Started process (PID=1575) to work on /opt/airflow/dags/supermarket_etl_pipeline.py
[2026-08-27T03:28:36.642+0000] {processor.py:830} INFO - Processing file /opt/airflow/dags/supermarket_etl_pipeline.py for tasks to queue
[2026-08-27T03:28:36.643+0000] {logging_mixin.py:188} INFO - [2026-08-27T03:28:36.643+0000] {dagbag.py:538} INFO - Filling up the DagBag from /opt/airflow/dags/supermarket_etl_pipeline.py
[2026-08-27T03:28:36.981+0000] {processor.py:840} INFO - DAG(s) 'supermarket_etl_pipeline' retrieved from /opt/airflow/dags/supermarket_etl_pipeline.py
[2026-08-27T03:28:36.998+0000] {logging_mixin.py:188} INFO - [2026-08-27T03:28:36.998+0000] {dag.py:3036} INFO - Sync 1 DAGs
[2026-08-27T03:28:37.007+0000] {logging_mixin.py:188} INFO - [2026-08-27T03:28:37.007+0000] {dag.py:3823} INFO - Setting next_dagrun for supermarket_etl_pipeline to None, run_after=None
[2026-08-27T03:28:37.028+0000] {processor.py:183} INFO - Processing /opt/airflow/dags/supermarket_etl_pipeline.py took 0.392 seconds
[2026-08-27T03:29:07.324+0000] {processor.py:161} INFO - Started process (PID=1581) to work on /opt/airflow/dags/supermarket_etl_pipeline.py
[2026-08-27T03:29:07.326+0000] {processor.py:830} INFO - Processing file /opt/airflow/dags/supermarket_etl_pipeline.py for tasks to queue
[2026-08-27T03:29:07.329+0000] {logging_mixin.py:188} INFO - [2026-08-27T03:29:07.329+0000] {dagbag.py:538} INFO - Filling up the DagBag from /opt/airflow/dags/supermarket_etl_pipeline.py
[2026-08-27T03:29:07.652+0000] {processor.py:840} INFO - DAG(s) 'supermarket_etl_pipeline' retrieved from /opt/airflow/dags/supermarket_etl_pipeline.py
[2026-08-27T03:29:07.670+0000] {logging_mixin.py:188} INFO - [2026-08-27T03:29:07.670+0000] {dag.py:3036} INFO - Sync 1 DAGs
[2026-08-27T03:29:07.680+0000] {logging_mixin.py:188} INFO - [2026-08-27T03:29:07.680+0000] {dag.py:3823} INFO - Setting next_dagrun for supermarket_etl_pipeline to None, run_after=None
[2026-08-27T03:29:07.696+0000] {processor.py:183} INFO - Processing /opt/airflow/dags/supermarket_etl_pipeline.py took 0.375 seconds
[2026-08-27T03:29:38.051+0000] {processor.py:161} INFO - Started process (PID=1587) to work on /opt/airflow/dags/supermarket_etl_pipeline.py
[2026-08-27T03:29:38.053+0000] {processor.py:830} INFO - Processing file /opt/airflow/dags/supermarket_etl_pipeline.py for tasks to queue
[2026-08-27T03:29:38.055+0000] {logging_mixin.py:188} INFO - [2026-08-27T03:29:38.055+0000] {dagbag.py:538} INFO - Filling up the DagBag from /opt/airflow/dags/supermarket_etl_pipeline.py
[2026-08-27T03:29:38.374+0000] {processor.py:840} INFO - DAG(s) 'supermarket_etl_pipeline' retrieved from /opt/airflow/dags/supermarket_etl_pipeline.py
[2026-08-27T03:29:38.392+0000] {logging_mixin.py:188} INFO - [2026-08-27T03:29:38.392+0000] {dag.py:3036} INFO - Sync 1 DAGs
[2026-08-27T03:29:38.400+0000] {logging_mixin.py:188} INFO - [2026-08-27T03:29:38.400+0000] {dag.py:3823} INFO - Setting next_dagrun for supermarket_etl_pipeline to None, run_after=None
[2026-08-27T03:29:38.419+0000] {processor.py:183} INFO - Processing /opt/airflow/dags/supermarket_etl_pipeline.py took 0.370 seconds
[2026-08-27T03:30:08.715+0000] {processor.py:161} INFO - Started process (PID=1593) to work on /opt/airflow/dags/supermarket_etl_pipeline.py
[2026-08-27T03:30:08.717+0000] {processor.py:830} INFO - Processing file /opt/airflow/dags/supermarket_etl_pipeline.py for tasks to queue
[2026-08-27T03:30:08.718+0000] {logging_mixin.py:188} INFO - [2026-08-27T03:30:08.718+0000] {dagbag.py:538} INFO - Filling up the DagBag from /opt/airflow/dags/supermarket_etl_pipeline.py
[2026-08-27T03:30:09.044+0000] {processor.py:840} INFO - DAG(s) 'supermarket_etl_pipeline' retrieved from /opt/airflow/dags/supermarket_etl_pipeline.py
[2026-08-27T03:30:09.064+0000] {logging_mixin.py:188} INFO - [2026-08-27T03:30:09.064+0000] {dag.py:3036} INFO - Sync 1 DAGs
[2026-08-27T03:30:09.072+0000] {logging_mixin.py:188} INFO - [2026-08-27T03:30:09.072+0000] {dag.py:3823} INFO - Setting next_dagrun for supermarket_etl_pipeline to None, run_after=None
[2026-08-27T03:30:09.111+0000] {processor.py:183} INFO - Processing /opt/airflow/dags/supermarket_etl_pipeline.py took 0.399 seconds
[2026-08-27T03:30:39.415+0000] {processor.py:161} INFO - Started process (PID=1599) to work on /opt/airflow/dags/supermarket_etl_pipeline.py
[2026-08-27T03:30:39.417+0000] {processor.py:830} INFO - Processing file /opt/airflow/dags/supermarket_etl_pipeline.py for tasks to queue
[2026-08-27T03:30:39.419+0000] {logging_mixin.py:188} INFO - [2026-08-27T03:30:39.419+0000] {dagbag.py:538} INFO - Filling up the DagBag from /opt/airflow/dags/supermarket_etl_pipeline.py
[2026-08-27T03:30:39.749+0000] {processor.py:840} INFO - DAG(s) 'supermarket_etl_pipeline' retrieved from /opt/airflow/dags/supermarket_etl_pipeline.py
[2026-08-27T03:30:39.766+0000] {logging_mixin.py:188} INFO - [2026-08-27T03:30:39.766+0000] {dag.py:3036} INFO - Sync 1 DAGs
[2026-08-27T03:30:39.775+0000] {logging_mixin.py:188} INFO - [2026-08-27T03:30:39.775+0000] {dag.py:3823} INFO - Setting next_dagrun for supermarket_etl_pipeline to None, run_after=None
[2026-08-27T03:30:39.793+0000] {processor.py:183} INFO - Processing /opt/airflow/dags/supermarket_etl_pipeline.py took 0.380 seconds
[2026-08-27T03:31:10.108+0000] {processor.py:161} INFO - Started process (PID=1605) to work on /opt/airflow/dags/supermarket_etl_pipeline.py
[2026-08-27T03:31:10.110+0000] {processor.py:830} INFO - Processing file /opt/airflow/dags/supermarket_etl_pipeline.py for tasks to queue
[2026-08-27T03:31:10.111+0000] {logging_mixin.py:188} INFO - [2026-08-27T03:31:10.111+0000] {dagbag.py:538} INFO - Filling up the DagBag from /opt/airflow/dags/supermarket_etl_pipeline.py
[2026-08-27T03:31:10.435+0000] {processor.py:840} INFO - DAG(s) 'supermarket_etl_pipeline' retrieved from /opt/airflow/dags/supermarket_etl_pipeline.py
[2026-08-27T03:31:10.455+0000] {logging_mixin.py:188} INFO - [2026-08-27T03:31:10.455+0000] {dag.py:3036} INFO - Sync 1 DAGs
[2026-08-27T03:31:10.463+0000] {logging_mixin.py:188} INFO - [2026-08-27T03:31:10.463+0000] {dag.py:3823} INFO - Setting next_dagrun for supermarket_etl_pipeline to None, run_after=None
[2026-08-27T03:31:10.479+0000] {processor.py:183} INFO - Processing /opt/airflow/dags/supermarket_etl_pipeline.py took 0.375 seconds
[2026-08-27T03:31:40.824+0000] {processor.py:161} INFO - Started process (PID=1611) to work on /opt/airflow/dags/supermarket_etl_pipeline.py
[2026-08-27T03:31:40.826+0000] {processor.py:830} INFO - Processing file /opt/airflow/dags/supermarket_etl_pipeline.py for tasks to queue
[2026-08-27T03:31:40.828+0000] {logging_mixin.py:188} INFO - [2026-08-27T03:31:40.828+0000] {dagbag.py:538} INFO - Filling up the DagBag from /opt/airflow/dags/supermarket_etl_pipeline.py
[2026-08-27T03:31:41.157+0000] {processor.py:840} INFO - DAG(s) 'supermarket_etl_pipeline' retrieved from /opt/airflow/dags/supermarket_etl_pipeline.py
[2026-08-27T03:31:41.178+0000] {logging_mixin.py:188} INFO - [2026-08-27T03:31:41.177+0000] {dag.py:3036} INFO - Sync 1 DAGs
[2026-08-27T03:31:41.188+0000] {logging_mixin.py:188} INFO - [2026-08-27T03:31:41.188+0000] {dag.py:3823} INFO - Setting next_dagrun for supermarket_etl_pipeline to None, run_after=None
[2026-08-27T03:31:41.208+0000] {processor.py:183} INFO - Processing /opt/airflow/dags/supermarket_etl_pipeline.py took 0.386 seconds
[2026-08-27T03:32:11.628+0000] {processor.py:161} INFO - Started process (PID=1617) to work on /opt/airflow/dags/supermarket_etl_pipeline.py
[2026-08-27T03:32:11.631+0000] {processor.py:830} INFO - Processing file /opt/airflow/dags/supermarket_etl_pipeline.py for tasks to queue
[2026-08-27T03:32:11.633+0000] {logging_mixin.py:188} INFO - [2026-08-27T03:32:11.632+0000] {dagbag.py:538} INFO - Filling up the DagBag from /opt/airflow/dags/supermarket_etl_pipeline.py
[2026-08-27T03:32:11.978+0000] {processor.py:840} INFO - DAG(s) 'supermarket_etl_pipeline' retrieved from /opt/airflow/dags/supermarket_etl_pipeline.py
[2026-08-27T03:32:12.003+0000] {logging_mixin.py:188} INFO - [2026-08-27T03:32:12.002+0000] {dag.py:3036} INFO - Sync 1 DAGs
[2026-08-27T03:32:12.014+0000] {logging_mixin.py:188} INFO - [2026-08-27T03:32:12.013+0000] {dag.py:3823} INFO - Setting next_dagrun for supermarket_etl_pipeline to None, run_after=None
[2026-08-27T03:32:12.036+0000] {processor.py:183} INFO - Processing /opt/airflow/dags/supermarket_etl_pipeline.py took 0.410 seconds
[2026-08-27T03:32:42.338+0000] {processor.py:161} INFO - Started process (PID=1623) to work on /opt/airflow/dags/supermarket_etl_pipeline.py
[2026-08-27T03:32:42.340+0000] {processor.py:830} INFO - Processing file /opt/airflow/dags/supermarket_etl_pipeline.py for tasks to queue
[2026-08-27T03:32:42.342+0000] {logging_mixin.py:188} INFO - [2026-08-27T03:32:42.342+0000] {dagbag.py:538} INFO - Filling up the DagBag from /opt/airflow/dags/supermarket_etl_pipeline.py
[2026-08-27T03:32:42.696+0000] {processor.py:840} INFO - DAG(s) 'supermarket_etl_pipeline' retrieved from /opt/airflow/dags/supermarket_etl_pipeline.py
[2026-08-27T03:32:42.714+0000] {logging_mixin.py:188} INFO - [2026-08-27T03:32:42.714+0000] {dag.py:3036} INFO - Sync 1 DAGs
[2026-08-27T03:32:42.723+0000] {logging_mixin.py:188} INFO - [2026-08-27T03:32:42.723+0000] {dag.py:3823} INFO - Setting next_dagrun for supermarket_etl_pipeline to None, run_after=None
[2026-08-27T03:32:42.743+0000] {processor.py:183} INFO - Processing /opt/airflow/dags/supermarket_etl_pipeline.py took 0.408 seconds
[2026-08-27T03:33:13.051+0000] {processor.py:161} INFO - Started process (PID=1629) to work on /opt/airflow/dags/supermarket_etl_pipeline.py
[2026-08-27T03:33:13.053+0000] {processor.py:830} INFO - Processing file /opt/airflow/dags/supermarket_etl_pipeline.py for tasks to queue
[2026-08-27T03:33:13.054+0000] {logging_mixin.py:188} INFO - [2026-08-27T03:33:13.054+0000] {dagbag.py:538} INFO - Filling up the DagBag from /opt/airflow/dags/supermarket_etl_pipeline.py
[2026-08-27T03:33:13.379+0000] {processor.py:840} INFO - DAG(s) 'supermarket_etl_pipeline' retrieved from /opt/airflow/dags/supermarket_etl_pipeline.py
[2026-08-27T03:33:13.396+0000] {logging_mixin.py:188} INFO - [2026-08-27T03:33:13.396+0000] {dag.py:3036} INFO - Sync 1 DAGs
[2026-08-27T03:33:13.405+0000] {logging_mixin.py:188} INFO - [2026-08-27T03:33:13.405+0000] {dag.py:3823} INFO - Setting next_dagrun for supermarket_etl_pipeline to None, run_after=None
[2026-08-27T03:33:13.422+0000] {processor.py:183} INFO - Processing /opt/airflow/dags/supermarket_etl_pipeline.py took 0.374 seconds
[2026-08-27T03:33:43.741+0000] {processor.py:161} INFO - Started process (PID=1635) to work on /opt/airflow/dags/supermarket_etl_pipeline.py
[2026-08-27T03:33:43.744+0000] {processor.py:830} INFO - Processing file /opt/airflow/dags/supermarket_etl_pipeline.py for tasks to queue
[2026-08-27T03:33:43.745+0000] {logging_mixin.py:188} INFO - [2026-08-27T03:33:43.745+0000] {dagbag.py:538} INFO - Filling up the DagBag from /opt/airflow/dags/supermarket_etl_pipeline.py
[2026-08-27T03:33:44.054+0000] {processor.py:840} INFO - DAG(s) 'supermarket_etl_pipeline' retrieved from /opt/airflow/dags/supermarket_etl_pipeline.py
[2026-08-27T03:33:44.072+0000] {logging_mixin.py:188} INFO - [2026-08-27T03:33:44.072+0000] {dag.py:3036} INFO - Sync 1 DAGs
[2026-08-27T03:33:44.080+0000] {logging_mixin.py:188} INFO - [2026-08-27T03:33:44.080+0000] {dag.py:3823} INFO - Setting next_dagrun for supermarket_etl_pipeline to None, run_after=None
[2026-08-27T03:33:44.096+0000] {processor.py:183} INFO - Processing /opt/airflow/dags/supermarket_etl_pipeline.py took 0.358 seconds
[2026-08-27T03:34:14.371+0000] {processor.py:161} INFO - Started process (PID=1641) to work on /opt/airflow/dags/supermarket_etl_pipeline.py
[2026-08-27T03:34:14.373+0000] {processor.py:830} INFO - Processing file /opt/airflow/dags/supermarket_etl_pipeline.py for tasks to queue
[2026-08-27T03:34:14.375+0000] {logging_mixin.py:188} INFO - [2026-08-27T03:34:14.375+0000] {dagbag.py:538} INFO - Filling up the DagBag from /opt/airflow/dags/supermarket_etl_pipeline.py
[2026-08-27T03:34:14.770+0000] {processor.py:840} INFO - DAG(s) 'supermarket_etl_pipeline' retrieved from /opt/airflow/dags/supermarket_etl_pipeline.py
[2026-08-27T03:34:14.793+0000] {logging_mixin.py:188} INFO - [2026-08-27T03:34:14.792+0000] {dag.py:3036} INFO - Sync 1 DAGs
[2026-08-27T03:34:14.801+0000] {logging_mixin.py:188} INFO - [2026-08-27T03:34:14.801+0000] {dag.py:3823} INFO - Setting next_dagrun for supermarket_etl_pipeline to None, run_after=None
[2026-08-27T03:34:14.819+0000] {processor.py:183} INFO - Processing /opt/airflow/dags/supermarket_etl_pipeline.py took 0.452 seconds
[2026-08-27T03:34:45.104+0000] {processor.py:161} INFO - Started process (PID=1647) to work on /opt/airflow/dags/supermarket_etl_pipeline.py
[2026-08-27T03:34:45.106+0000] {processor.py:830} INFO - Processing file /opt/airflow/dags/supermarket_etl_pipeline.py for tasks to queue
[2026-08-27T03:34:45.107+0000] {logging_mixin.py:188} INFO - [2026-08-27T03:34:45.107+0000] {dagbag.py:538} INFO - Filling up the DagBag from /opt/airflow/dags/supermarket_etl_pipeline.py
[2026-08-27T03:34:45.442+0000] {processor.py:840} INFO - DAG(s) 'supermarket_etl_pipeline' retrieved from /opt/airflow/dags/supermarket_etl_pipeline.py
[2026-08-27T03:34:45.464+0000] {logging_mixin.py:188} INFO - [2026-08-27T03:34:45.464+0000] {dag.py:3036} INFO - Sync 1 DAGs
[2026-08-27T03:34:45.473+0000] {logging_mixin.py:188} INFO - [2026-08-27T03:34:45.473+0000] {dag.py:3823} INFO - Setting next_dagrun for supermarket_etl_pipeline to None, run_after=None
[2026-08-27T03:34:45.491+0000] {processor.py:183} INFO - Processing /opt/airflow/dags/supermarket_etl_pipeline.py took 0.390 seconds
[2026-08-27T03:35:15.775+0000] {processor.py:161} INFO - Started process (PID=1653) to work on /opt/airflow/dags/supermarket_etl_pipeline.py
[2026-08-27T03:35:15.778+0000] {processor.py:830} INFO - Processing file /opt/airflow/dags/supermarket_etl_pipeline.py for tasks to queue
[2026-08-27T03:35:15.780+0000] {logging_mixin.py:188} INFO - [2026-08-27T03:35:15.780+0000] {dagbag.py:538} INFO - Filling up the DagBag from /opt/airflow/dags/supermarket_etl_pipeline.py
[2026-08-27T03:35:16.159+0000] {processor.py:840} INFO - DAG(s) 'supermarket_etl_pipeline' retrieved from /opt/airflow/dags/supermarket_etl_pipeline.py
[2026-08-27T03:35:16.186+0000] {logging_mixin.py:188} INFO - [2026-08-27T03:35:16.186+0000] {dag.py:3036} INFO - Sync 1 DAGs
[2026-08-27T03:35:16.196+0000] {logging_mixin.py:188} INFO - [2026-08-27T03:35:16.196+0000] {dag.py:3823} INFO - Setting next_dagrun for supermarket_etl_pipeline to None, run_after=None
[2026-08-27T03:35:16.214+0000] {processor.py:183} INFO - Processing /opt/airflow/dags/supermarket_etl_pipeline.py took 0.442 seconds
[2026-08-27T03:35:46.558+0000] {processor.py:161} INFO - Started process (PID=1659) to work on /opt/airflow/dags/supermarket_etl_pipeline.py
[2026-08-27T03:35:46.559+0000] {processor.py:830} INFO - Processing file /opt/airflow/dags/supermarket_etl_pipeline.py for tasks to queue
[2026-08-27T03:35:46.561+0000] {logging_mixin.py:188} INFO - [2026-08-27T03:35:46.560+0000] {dagbag.py:538} INFO - Filling up the DagBag from /opt/airflow/dags/supermarket_etl_pipeline.py
[2026-08-27T03:35:46.894+0000] {processor.py:840} INFO - DAG(s) 'supermarket_etl_pipeline' retrieved from /opt/airflow/dags/supermarket_etl_pipeline.py
[2026-08-27T03:35:46.912+0000] {logging_mixin.py:188} INFO - [2026-08-27T03:35:46.912+0000] {dag.py:3036} INFO - Sync 1 DAGs
[2026-08-27T03:35:46.921+0000] {logging_mixin.py:188} INFO - [2026-08-27T03:35:46.921+0000] {dag.py:3823} INFO - Setting next_dagrun for supermarket_etl_pipeline to None, run_after=None
[2026-08-27T03:35:46.938+0000] {processor.py:183} INFO - Processing /opt/airflow/dags/supermarket_etl_pipeline.py took 0.384 seconds
[2026-08-27T03:36:17.251+0000] {processor.py:161} INFO - Started process (PID=1665) to work on /opt/airflow/dags/supermarket_etl_pipeline.py
[2026-08-27T03:36:17.254+0000] {processor.py:830} INFO - Processing file /opt/airflow/dags/supermarket_etl_pipeline.py for tasks to queue
[2026-08-27T03:36:17.255+0000] {logging_mixin.py:188} INFO - [2026-08-27T03:36:17.255+0000] {dagbag.py:538} INFO - Filling up the DagBag from /opt/airflow/dags/supermarket_etl_pipeline.py
[2026-08-27T03:36:17.628+0000] {processor.py:840} INFO - DAG(s) 'supermarket_etl_pipeline' retrieved from /opt/airflow/dags/supermarket_etl_pipeline.py
[2026-08-27T03:36:17.647+0000] {logging_mixin.py:188} INFO - [2026-08-27T03:36:17.646+0000] {dag.py:3036} INFO - Sync 1 DAGs
[2026-08-27T03:36:17.656+0000] {logging_mixin.py:188} INFO - [2026-08-27T03:36:17.655+0000] {dag.py:3823} INFO - Setting next_dagrun for supermarket_etl_pipeline to None, run_after=None
[2026-08-27T03:36:17.673+0000] {processor.py:183} INFO - Processing /opt/airflow/dags/supermarket_etl_pipeline.py took 0.425 seconds
[2026-08-27T03:36:47.967+0000] {processor.py:161} INFO - Started process (PID=1671) to work on /opt/airflow/dags/supermarket_etl_pipeline.py
[2026-08-27T03:36:47.970+0000] {processor.py:830} INFO - Processing file /opt/airflow/dags/supermarket_etl_pipeline.py for tasks to queue
[2026-08-27T03:36:47.972+0000] {logging_mixin.py:188} INFO - [2026-08-27T03:36:47.972+0000] {dagbag.py:538} INFO - Filling up the DagBag from /opt/airflow/dags/supermarket_etl_pipeline.py
[2026-08-27T03:36:48.303+0000] {processor.py:840} INFO - DAG(s) 'supermarket_etl_pipeline' retrieved from /opt/airflow/dags/supermarket_etl_pipeline.py
[2026-08-27T03:36:48.321+0000] {logging_mixin.py:188} INFO - [2026-08-27T03:36:48.321+0000] {dag.py:3036} INFO - Sync 1 DAGs
[2026-08-27T03:36:48.331+0000] {logging_mixin.py:188} INFO - [2026-08-27T03:36:48.331+0000] {dag.py:3823} INFO - Setting next_dagrun for supermarket_etl_pipeline to None, run_after=None
[2026-08-27T03:36:48.350+0000] {processor.py:183} INFO - Processing /opt/airflow/dags/supermarket_etl_pipeline.py took 0.386 seconds
[2026-08-27T03:37:18.692+0000] {processor.py:161} INFO - Started process (PID=1677) to work on /opt/airflow/dags/supermarket_etl_pipeline.py
[2026-08-27T03:37:18.696+0000] {processor.py:830} INFO - Processing file /opt/airflow/dags/supermarket_etl_pipeline.py for tasks to queue
[2026-08-27T03:37:18.698+0000] {logging_mixin.py:188} INFO - [2026-08-27T03:37:18.697+0000] {dagbag.py:538} INFO - Filling up the DagBag from /opt/airflow/dags/supermarket_etl_pipeline.py
[2026-08-27T03:37:19.032+0000] {processor.py:840} INFO - DAG(s) 'supermarket_etl_pipeline' retrieved from /opt/airflow/dags/supermarket_etl_pipeline.py
[2026-08-27T03:37:19.050+0000] {logging_mixin.py:188} INFO - [2026-08-27T03:37:19.050+0000] {dag.py:3036} INFO - Sync 1 DAGs
[2026-08-27T03:37:19.058+0000] {logging_mixin.py:188} INFO - [2026-08-27T03:37:19.058+0000] {dag.py:3823} INFO - Setting next_dagrun for supermarket_etl_pipeline to None, run_after=None
[2026-08-27T03:37:19.078+0000] {processor.py:183} INFO - Processing /opt/airflow/dags/supermarket_etl_pipeline.py took 0.391 seconds
[2026-08-27T03:37:49.431+0000] {processor.py:161} INFO - Started process (PID=1683) to work on /opt/airflow/dags/supermarket_etl_pipeline.py
[2026-08-27T03:37:49.433+0000] {processor.py:830} INFO - Processing file /opt/airflow/dags/supermarket_etl_pipeline.py for tasks to queue
[2026-08-27T03:37:49.435+0000] {logging_mixin.py:188} INFO - [2026-08-27T03:37:49.434+0000] {dagbag.py:538} INFO - Filling up the DagBag from /opt/airflow/dags/supermarket_etl_pipeline.py
[2026-08-27T03:37:49.752+0000] {processor.py:840} INFO - DAG(s) 'supermarket_etl_pipeline' retrieved from /opt/airflow/dags/supermarket_etl_pipeline.py
[2026-08-27T03:37:49.770+0000] {logging_mixin.py:188} INFO - [2026-08-27T03:37:49.769+0000] {dag.py:3036} INFO - Sync 1 DAGs
[2026-08-27T03:37:49.778+0000] {logging_mixin.py:188} INFO - [2026-08-27T03:37:49.778+0000] {dag.py:3823} INFO - Setting next_dagrun for supermarket_etl_pipeline to None, run_after=None
[2026-08-27T03:37:49.797+0000] {processor.py:183} INFO - Processing /opt/airflow/dags/supermarket_etl_pipeline.py took 0.370 seconds
[2026-08-27T03:38:20.151+0000] {processor.py:161} INFO - Started process (PID=1689) to work on /opt/airflow/dags/supermarket_etl_pipeline.py
[2026-08-27T03:38:20.152+0000] {processor.py:830} INFO - Processing file /opt/airflow/dags/supermarket_etl_pipeline.py for tasks to queue
[2026-08-27T03:38:20.155+0000] {logging_mixin.py:188} INFO - [2026-08-27T03:38:20.154+0000] {dagbag.py:538} INFO - Filling up the DagBag from /opt/airflow/dags/supermarket_etl_pipeline.py
[2026-08-27T03:38:20.561+0000] {processor.py:840} INFO - DAG(s) 'supermarket_etl_pipeline' retrieved from /opt/airflow/dags/supermarket_etl_pipeline.py
[2026-08-27T03:38:20.580+0000] {logging_mixin.py:188} INFO - [2026-08-27T03:38:20.580+0000] {dag.py:3036} INFO - Sync 1 DAGs
[2026-08-27T03:38:20.588+0000] {logging_mixin.py:188} INFO - [2026-08-27T03:38:20.588+0000] {dag.py:3823} INFO - Setting next_dagrun for supermarket_etl_pipeline to None, run_after=None
[2026-08-27T03:38:20.603+0000] {processor.py:183} INFO - Processing /opt/airflow/dags/supermarket_etl_pipeline.py took 0.455 seconds
[2026-08-27T03:38:50.949+0000] {processor.py:161} INFO - Started process (PID=1695) to work on /opt/airflow/dags/supermarket_etl_pipeline.py
[2026-08-27T03:38:50.951+0000] {processor.py:830} INFO - Processing file /opt/airflow/dags/supermarket_etl_pipeline.py for tasks to queue
[2026-08-27T03:38:50.953+0000] {logging_mixin.py:188} INFO - [2026-08-27T03:38:50.953+0000] {dagbag.py:538} INFO - Filling up the DagBag from /opt/airflow/dags/supermarket_etl_pipeline.py
[2026-08-27T03:38:51.268+0000] {processor.py:840} INFO - DAG(s) 'supermarket_etl_pipeline' retrieved from /opt/airflow/dags/supermarket_etl_pipeline.py
[2026-08-27T03:38:51.286+0000] {logging_mixin.py:188} INFO - [2026-08-27T03:38:51.286+0000] {dag.py:3036} INFO - Sync 1 DAGs
[2026-08-27T03:38:51.295+0000] {logging_mixin.py:188} INFO - [2026-08-27T03:38:51.295+0000] {dag.py:3823} INFO - Setting next_dagrun for supermarket_etl_pipeline to None, run_after=None
[2026-08-27T03:38:51.314+0000] {processor.py:183} INFO - Processing /opt/airflow/dags/supermarket_etl_pipeline.py took 0.368 seconds
[2026-08-27T03:39:21.610+0000] {processor.py:161} INFO - Started process (PID=1701) to work on /opt/airflow/dags/supermarket_etl_pipeline.py
[2026-08-27T03:39:21.612+0000] {processor.py:830} INFO - Processing file /opt/airflow/dags/supermarket_etl_pipeline.py for tasks to queue
[2026-08-27T03:39:21.614+0000] {logging_mixin.py:188} INFO - [2026-08-27T03:39:21.613+0000] {dagbag.py:538} INFO - Filling up the DagBag from /opt/airflow/dags/supermarket_etl_pipeline.py
[2026-08-27T03:39:21.961+0000] {processor.py:840} INFO - DAG(s) 'supermarket_etl_pipeline' retrieved from /opt/airflow/dags/supermarket_etl_pipeline.py
[2026-08-27T03:39:21.983+0000] {logging_mixin.py:188} INFO - [2026-08-27T03:39:21.983+0000] {dag.py:3036} INFO - Sync 1 DAGs
[2026-08-27T03:39:21.993+0000] {logging_mixin.py:188} INFO - [2026-08-27T03:39:21.992+0000] {dag.py:3823} INFO - Setting next_dagrun for supermarket_etl_pipeline to None, run_after=None
[2026-08-27T03:39:22.011+0000] {processor.py:183} INFO - Processing /opt/airflow/dags/supermarket_etl_pipeline.py took 0.403 seconds
[2026-08-27T03:39:52.325+0000] {processor.py:161} INFO - Started process (PID=1707) to work on /opt/airflow/dags/supermarket_etl_pipeline.py
[2026-08-27T03:39:52.327+0000] {processor.py:830} INFO - Processing file /opt/airflow/dags/supermarket_etl_pipeline.py for tasks to queue
[2026-08-27T03:39:52.328+0000] {logging_mixin.py:188} INFO - [2026-08-27T03:39:52.328+0000] {dagbag.py:538} INFO - Filling up the DagBag from /opt/airflow/dags/supermarket_etl_pipeline.py
[2026-08-27T03:39:52.633+0000] {processor.py:840} INFO - DAG(s) 'supermarket_etl_pipeline' retrieved from /opt/airflow/dags/supermarket_etl_pipeline.py
[2026-08-27T03:39:52.652+0000] {logging_mixin.py:188} INFO - [2026-08-27T03:39:52.652+0000] {dag.py:3036} INFO - Sync 1 DAGs
[2026-08-27T03:39:52.661+0000] {logging_mixin.py:188} INFO - [2026-08-27T03:39:52.660+0000] {dag.py:3823} INFO - Setting next_dagrun for supermarket_etl_pipeline to None, run_after=None
[2026-08-27T03:39:52.678+0000] {processor.py:183} INFO - Processing /opt/airflow/dags/supermarket_etl_pipeline.py took 0.358 seconds
[2026-08-27T03:40:22.999+0000] {processor.py:161} INFO - Started process (PID=1713) to work on /opt/airflow/dags/supermarket_etl_pipeline.py
[2026-08-27T03:40:23.001+0000] {processor.py:830} INFO - Processing file /opt/airflow/dags/supermarket_etl_pipeline.py for tasks to queue
[2026-08-27T03:40:23.003+0000] {logging_mixin.py:188} INFO - [2026-08-27T03:40:23.003+0000] {dagbag.py:538} INFO - Filling up the DagBag from /opt/airflow/dags/supermarket_etl_pipeline.py
[2026-08-27T03:40:23.325+0000] {processor.py:840} INFO - DAG(s) 'supermarket_etl_pipeline' retrieved from /opt/airflow/dags/supermarket_etl_pipeline.py
[2026-08-27T03:40:23.342+0000] {logging_mixin.py:188} INFO - [2026-08-27T03:40:23.342+0000] {dag.py:3036} INFO - Sync 1 DAGs
[2026-08-27T03:40:23.352+0000] {logging_mixin.py:188} INFO - [2026-08-27T03:40:23.352+0000] {dag.py:3823} INFO - Setting next_dagrun for supermarket_etl_pipeline to None, run_after=None
[2026-08-27T03:40:23.372+0000] {processor.py:183} INFO - Processing /opt/airflow/dags/supermarket_etl_pipeline.py took 0.376 seconds
[2026-08-27T03:40:53.736+0000] {processor.py:161} INFO - Started process (PID=1719) to work on /opt/airflow/dags/supermarket_etl_pipeline.py
[2026-08-27T03:40:53.738+0000] {processor.py:830} INFO - Processing file /opt/airflow/dags/supermarket_etl_pipeline.py for tasks to queue
[2026-08-27T03:40:53.739+0000] {logging_mixin.py:188} INFO - [2026-08-27T03:40:53.739+0000] {dagbag.py:538} INFO - Filling up the DagBag from /opt/airflow/dags/supermarket_etl_pipeline.py
[2026-08-27T03:40:54.079+0000] {processor.py:840} INFO - DAG(s) 'supermarket_etl_pipeline' retrieved from /opt/airflow/dags/supermarket_etl_pipeline.py
[2026-08-27T03:40:54.107+0000] {logging_mixin.py:188} INFO - [2026-08-27T03:40:54.107+0000] {dag.py:3036} INFO - Sync 1 DAGs
[2026-08-27T03:40:54.121+0000] {logging_mixin.py:188} INFO - [2026-08-27T03:40:54.120+0000] {dag.py:3823} INFO - Setting next_dagrun for supermarket_etl_pipeline to None, run_after=None
[2026-08-27T03:40:54.146+0000] {processor.py:183} INFO - Processing /opt/airflow/dags/supermarket_etl_pipeline.py took 0.412 seconds
[2026-08-27T03:41:24.462+0000] {processor.py:161} INFO - Started process (PID=1725) to work on /opt/airflow/dags/supermarket_etl_pipeline.py
[2026-08-27T03:41:24.466+0000] {processor.py:830} INFO - Processing file /opt/airflow/dags/supermarket_etl_pipeline.py for tasks to queue
[2026-08-27T03:41:24.468+0000] {logging_mixin.py:188} INFO - [2026-08-27T03:41:24.467+0000] {dagbag.py:538} INFO - Filling up the DagBag from /opt/airflow/dags/supermarket_etl_pipeline.py
[2026-08-27T03:41:24.765+0000] {processor.py:840} INFO - DAG(s) 'supermarket_etl_pipeline' retrieved from /opt/airflow/dags/supermarket_etl_pipeline.py
[2026-08-27T03:41:24.786+0000] {logging_mixin.py:188} INFO - [2026-08-27T03:41:24.786+0000] {dag.py:3036} INFO - Sync 1 DAGs
[2026-08-27T03:41:24.795+0000] {logging_mixin.py:188} INFO - [2026-08-27T03:41:24.795+0000] {dag.py:3823} INFO - Setting next_dagrun for supermarket_etl_pipeline to None, run_after=None
[2026-08-27T03:41:24.816+0000] {processor.py:183} INFO - Processing /opt/airflow/dags/supermarket_etl_pipeline.py took 0.357 seconds
[2026-08-27T03:41:55.116+0000] {processor.py:161} INFO - Started process (PID=1731) to work on /opt/airflow/dags/supermarket_etl_pipeline.py
[2026-08-27T03:41:55.119+0000] {processor.py:830} INFO - Processing file /opt/airflow/dags/supermarket_etl_pipeline.py for tasks to queue
[2026-08-27T03:41:55.120+0000] {logging_mixin.py:188} INFO - [2026-08-27T03:41:55.120+0000] {dagbag.py:538} INFO - Filling up the DagBag from /opt/airflow/dags/supermarket_etl_pipeline.py
[2026-08-27T03:41:55.468+0000] {processor.py:840} INFO - DAG(s) 'supermarket_etl_pipeline' retrieved from /opt/airflow/dags/supermarket_etl_pipeline.py
[2026-08-27T03:41:55.497+0000] {logging_mixin.py:188} INFO - [2026-08-27T03:41:55.496+0000] {dag.py:3036} INFO - Sync 1 DAGs
[2026-08-27T03:41:55.505+0000] {logging_mixin.py:188} INFO - [2026-08-27T03:41:55.505+0000] {dag.py:3823} INFO - Setting next_dagrun for supermarket_etl_pipeline to None, run_after=None
[2026-08-27T03:41:55.523+0000] {processor.py:183} INFO - Processing /opt/airflow/dags/supermarket_etl_pipeline.py took 0.410 seconds
[2026-08-27T03:42:25.840+0000] {processor.py:161} INFO - Started process (PID=1737) to work on /opt/airflow/dags/supermarket_etl_pipeline.py
[2026-08-27T03:42:25.842+0000] {processor.py:830} INFO - Processing file /opt/airflow/dags/supermarket_etl_pipeline.py for tasks to queue
[2026-08-27T03:42:25.843+0000] {logging_mixin.py:188} INFO - [2026-08-27T03:42:25.843+0000] {dagbag.py:538} INFO - Filling up the DagBag from /opt/airflow/dags/supermarket_etl_pipeline.py
[2026-08-27T03:42:26.135+0000] {processor.py:840} INFO - DAG(s) 'supermarket_etl_pipeline' retrieved from /opt/airflow/dags/supermarket_etl_pipeline.py
[2026-08-27T03:42:26.154+0000] {logging_mixin.py:188} INFO - [2026-08-27T03:42:26.154+0000] {dag.py:3036} INFO - Sync 1 DAGs
[2026-08-27T03:42:26.162+0000] {logging_mixin.py:188} INFO - [2026-08-27T03:42:26.162+0000] {dag.py:3823} INFO - Setting next_dagrun for supermarket_etl_pipeline to None, run_after=None
[2026-08-27T03:42:26.176+0000] {processor.py:183} INFO - Processing /opt/airflow/dags/supermarket_etl_pipeline.py took 0.339 seconds
[2026-08-27T03:42:56.477+0000] {processor.py:161} INFO - Started process (PID=1743) to work on /opt/airflow/dags/supermarket_etl_pipeline.py
[2026-08-27T03:42:56.478+0000] {processor.py:830} INFO - Processing file /opt/airflow/dags/supermarket_etl_pipeline.py for tasks to queue
[2026-08-27T03:42:56.479+0000] {logging_mixin.py:188} INFO - [2026-08-27T03:42:56.479+0000] {dagbag.py:538} INFO - Filling up the DagBag from /opt/airflow/dags/supermarket_etl_pipeline.py
[2026-08-27T03:42:56.752+0000] {processor.py:840} INFO - DAG(s) 'supermarket_etl_pipeline' retrieved from /opt/airflow/dags/supermarket_etl_pipeline.py
[2026-08-27T03:42:56.771+0000] {logging_mixin.py:188} INFO - [2026-08-27T03:42:56.771+0000] {dag.py:3036} INFO - Sync 1 DAGs
[2026-08-27T03:42:56.780+0000] {logging_mixin.py:188} INFO - [2026-08-27T03:42:56.780+0000] {dag.py:3823} INFO - Setting next_dagrun for supermarket_etl_pipeline to None, run_after=None
[2026-08-27T03:42:56.794+0000] {processor.py:183} INFO - Processing /opt/airflow/dags/supermarket_etl_pipeline.py took 0.320 seconds
[2026-08-27T03:43:27.124+0000] {processor.py:161} INFO - Started process (PID=1749) to work on /opt/airflow/dags/supermarket_etl_pipeline.py
[2026-08-27T03:43:27.127+0000] {processor.py:830} INFO - Processing file /opt/airflow/dags/supermarket_etl_pipeline.py for tasks to queue
[2026-08-27T03:43:27.130+0000] {logging_mixin.py:188} INFO - [2026-08-27T03:43:27.129+0000] {dagbag.py:538} INFO - Filling up the DagBag from /opt/airflow/dags/supermarket_etl_pipeline.py
[2026-08-27T03:43:27.514+0000] {processor.py:840} INFO - DAG(s) 'supermarket_etl_pipeline' retrieved from /opt/airflow/dags/supermarket_etl_pipeline.py
[2026-08-27T03:43:27.541+0000] {logging_mixin.py:188} INFO - [2026-08-27T03:43:27.541+0000] {dag.py:3036} INFO - Sync 1 DAGs
[2026-08-27T03:43:27.551+0000] {logging_mixin.py:188} INFO - [2026-08-27T03:43:27.550+0000] {dag.py:3823} INFO - Setting next_dagrun for supermarket_etl_pipeline to None, run_after=None
[2026-08-27T03:43:27.574+0000] {processor.py:183} INFO - Processing /opt/airflow/dags/supermarket_etl_pipeline.py took 0.452 seconds
[2026-08-27T03:43:57.946+0000] {processor.py:161} INFO - Started process (PID=1755) to work on /opt/airflow/dags/supermarket_etl_pipeline.py
[2026-08-27T03:43:57.948+0000] {processor.py:830} INFO - Processing file /opt/airflow/dags/supermarket_etl_pipeline.py for tasks to queue
[2026-08-27T03:43:57.950+0000] {logging_mixin.py:188} INFO - [2026-08-27T03:43:57.950+0000] {dagbag.py:538} INFO - Filling up the DagBag from /opt/airflow/dags/supermarket_etl_pipeline.py
[2026-08-27T03:43:58.312+0000] {processor.py:840} INFO - DAG(s) 'supermarket_etl_pipeline' retrieved from /opt/airflow/dags/supermarket_etl_pipeline.py
[2026-08-27T03:43:58.341+0000] {logging_mixin.py:188} INFO - [2026-08-27T03:43:58.340+0000] {dag.py:3036} INFO - Sync 1 DAGs
[2026-08-27T03:43:58.352+0000] {logging_mixin.py:188} INFO - [2026-08-27T03:43:58.351+0000] {dag.py:3823} INFO - Setting next_dagrun for supermarket_etl_pipeline to None, run_after=None
[2026-08-27T03:43:58.390+0000] {processor.py:183} INFO - Processing /opt/airflow/dags/supermarket_etl_pipeline.py took 0.448 seconds
[2026-08-27T03:44:28.717+0000] {processor.py:161} INFO - Started process (PID=1761) to work on /opt/airflow/dags/supermarket_etl_pipeline.py
[2026-08-27T03:44:28.718+0000] {processor.py:830} INFO - Processing file /opt/airflow/dags/supermarket_etl_pipeline.py for tasks to queue
[2026-08-27T03:44:28.720+0000] {logging_mixin.py:188} INFO - [2026-08-27T03:44:28.720+0000] {dagbag.py:538} INFO - Filling up the DagBag from /opt/airflow/dags/supermarket_etl_pipeline.py
[2026-08-27T03:44:29.083+0000] {processor.py:840} INFO - DAG(s) 'supermarket_etl_pipeline' retrieved from /opt/airflow/dags/supermarket_etl_pipeline.py
[2026-08-27T03:44:29.109+0000] {logging_mixin.py:188} INFO - [2026-08-27T03:44:29.108+0000] {dag.py:3036} INFO - Sync 1 DAGs
[2026-08-27T03:44:29.119+0000] {logging_mixin.py:188} INFO - [2026-08-27T03:44:29.118+0000] {dag.py:3823} INFO - Setting next_dagrun for supermarket_etl_pipeline to None, run_after=None
[2026-08-27T03:44:29.144+0000] {processor.py:183} INFO - Processing /opt/airflow/dags/supermarket_etl_pipeline.py took 0.429 seconds
[2026-08-27T03:44:59.470+0000] {processor.py:161} INFO - Started process (PID=1767) to work on /opt/airflow/dags/supermarket_etl_pipeline.py
[2026-08-27T03:44:59.472+0000] {processor.py:830} INFO - Processing file /opt/airflow/dags/supermarket_etl_pipeline.py for tasks to queue
[2026-08-27T03:44:59.474+0000] {logging_mixin.py:188} INFO - [2026-08-27T03:44:59.474+0000] {dagbag.py:538} INFO - Filling up the DagBag from /opt/airflow/dags/supermarket_etl_pipeline.py
[2026-08-27T03:44:59.787+0000] {processor.py:840} INFO - DAG(s) 'supermarket_etl_pipeline' retrieved from /opt/airflow/dags/supermarket_etl_pipeline.py
[2026-08-27T03:44:59.805+0000] {logging_mixin.py:188} INFO - [2026-08-27T03:44:59.805+0000] {dag.py:3036} INFO - Sync 1 DAGs
[2026-08-27T03:44:59.823+0000] {logging_mixin.py:188} INFO - [2026-08-27T03:44:59.822+0000] {dag.py:3823} INFO - Setting next_dagrun for supermarket_etl_pipeline to None, run_after=None
[2026-08-27T03:44:59.840+0000] {processor.py:183} INFO - Processing /opt/airflow/dags/supermarket_etl_pipeline.py took 0.372 seconds
[2026-08-27T03:45:30.182+0000] {processor.py:161} INFO - Started process (PID=1773) to work on /opt/airflow/dags/supermarket_etl_pipeline.py
[2026-08-27T03:45:30.185+0000] {processor.py:830} INFO - Processing file /opt/airflow/dags/supermarket_etl_pipeline.py for tasks to queue
[2026-08-27T03:45:30.186+0000] {logging_mixin.py:188} INFO - [2026-08-27T03:45:30.186+0000] {dagbag.py:538} INFO - Filling up the DagBag from /opt/airflow/dags/supermarket_etl_pipeline.py
[2026-08-27T03:45:30.497+0000] {processor.py:840} INFO - DAG(s) 'supermarket_etl_pipeline' retrieved from /opt/airflow/dags/supermarket_etl_pipeline.py
[2026-08-27T03:45:30.518+0000] {logging_mixin.py:188} INFO - [2026-08-27T03:45:30.518+0000] {dag.py:3036} INFO - Sync 1 DAGs
[2026-08-27T03:45:30.527+0000] {logging_mixin.py:188} INFO - [2026-08-27T03:45:30.527+0000] {dag.py:3823} INFO - Setting next_dagrun for supermarket_etl_pipeline to None, run_after=None
[2026-08-27T03:45:30.545+0000] {processor.py:183} INFO - Processing /opt/airflow/dags/supermarket_etl_pipeline.py took 0.365 seconds
[2026-08-27T03:46:00.813+0000] {processor.py:161} INFO - Started process (PID=1779) to work on /opt/airflow/dags/supermarket_etl_pipeline.py
[2026-08-27T03:46:00.815+0000] {processor.py:830} INFO - Processing file /opt/airflow/dags/supermarket_etl_pipeline.py for tasks to queue
[2026-08-27T03:46:00.816+0000] {logging_mixin.py:188} INFO - [2026-08-27T03:46:00.815+0000] {dagbag.py:538} INFO - Filling up the DagBag from /opt/airflow/dags/supermarket_etl_pipeline.py
[2026-08-27T03:46:01.128+0000] {processor.py:840} INFO - DAG(s) 'supermarket_etl_pipeline' retrieved from /opt/airflow/dags/supermarket_etl_pipeline.py
[2026-08-27T03:46:01.147+0000] {logging_mixin.py:188} INFO - [2026-08-27T03:46:01.147+0000] {dag.py:3036} INFO - Sync 1 DAGs
[2026-08-27T03:46:01.156+0000] {logging_mixin.py:188} INFO - [2026-08-27T03:46:01.156+0000] {dag.py:3823} INFO - Setting next_dagrun for supermarket_etl_pipeline to None, run_after=None
[2026-08-27T03:46:01.176+0000] {processor.py:183} INFO - Processing /opt/airflow/dags/supermarket_etl_pipeline.py took 0.365 seconds
[2026-08-27T03:46:31.472+0000] {processor.py:161} INFO - Started process (PID=1785) to work on /opt/airflow/dags/supermarket_etl_pipeline.py
[2026-08-27T03:46:31.474+0000] {processor.py:830} INFO - Processing file /opt/airflow/dags/supermarket_etl_pipeline.py for tasks to queue
[2026-08-27T03:46:31.476+0000] {logging_mixin.py:188} INFO - [2026-08-27T03:46:31.476+0000] {dagbag.py:538} INFO - Filling up the DagBag from /opt/airflow/dags/supermarket_etl_pipeline.py
[2026-08-27T03:46:31.795+0000] {processor.py:840} INFO - DAG(s) 'supermarket_etl_pipeline' retrieved from /opt/airflow/dags/supermarket_etl_pipeline.py
[2026-08-27T03:46:31.814+0000] {logging_mixin.py:188} INFO - [2026-08-27T03:46:31.814+0000] {dag.py:3036} INFO - Sync 1 DAGs
[2026-08-27T03:46:31.822+0000] {logging_mixin.py:188} INFO - [2026-08-27T03:46:31.822+0000] {dag.py:3823} INFO - Setting next_dagrun for supermarket_etl_pipeline to None, run_after=None
[2026-08-27T03:46:31.838+0000] {processor.py:183} INFO - Processing /opt/airflow/dags/supermarket_etl_pipeline.py took 0.368 seconds
[2026-08-27T03:47:02.256+0000] {processor.py:161} INFO - Started process (PID=1791) to work on /opt/airflow/dags/supermarket_etl_pipeline.py
[2026-08-27T03:47:02.258+0000] {processor.py:830} INFO - Processing file /opt/airflow/dags/supermarket_etl_pipeline.py for tasks to queue
[2026-08-27T03:47:02.259+0000] {logging_mixin.py:188} INFO - [2026-08-27T03:47:02.259+0000] {dagbag.py:538} INFO - Filling up the DagBag from /opt/airflow/dags/supermarket_etl_pipeline.py
[2026-08-27T03:47:02.571+0000] {processor.py:840} INFO - DAG(s) 'supermarket_etl_pipeline' retrieved from /opt/airflow/dags/supermarket_etl_pipeline.py
[2026-08-27T03:47:02.588+0000] {logging_mixin.py:188} INFO - [2026-08-27T03:47:02.587+0000] {dag.py:3036} INFO - Sync 1 DAGs
[2026-08-27T03:47:02.595+0000] {logging_mixin.py:188} INFO - [2026-08-27T03:47:02.595+0000] {dag.py:3823} INFO - Setting next_dagrun for supermarket_etl_pipeline to None, run_after=None
[2026-08-27T03:47:02.611+0000] {processor.py:183} INFO - Processing /opt/airflow/dags/supermarket_etl_pipeline.py took 0.359 seconds
[2026-08-27T03:47:32.942+0000] {processor.py:161} INFO - Started process (PID=1797) to work on /opt/airflow/dags/supermarket_etl_pipeline.py
[2026-08-27T03:47:32.943+0000] {processor.py:830} INFO - Processing file /opt/airflow/dags/supermarket_etl_pipeline.py for tasks to queue
[2026-08-27T03:47:32.945+0000] {logging_mixin.py:188} INFO - [2026-08-27T03:47:32.945+0000] {dagbag.py:538} INFO - Filling up the DagBag from /opt/airflow/dags/supermarket_etl_pipeline.py
[2026-08-27T03:47:33.276+0000] {processor.py:840} INFO - DAG(s) 'supermarket_etl_pipeline' retrieved from /opt/airflow/dags/supermarket_etl_pipeline.py
[2026-08-27T03:47:33.295+0000] {logging_mixin.py:188} INFO - [2026-08-27T03:47:33.294+0000] {dag.py:3036} INFO - Sync 1 DAGs
[2026-08-27T03:47:33.302+0000] {logging_mixin.py:188} INFO - [2026-08-27T03:47:33.302+0000] {dag.py:3823} INFO - Setting next_dagrun for supermarket_etl_pipeline to None, run_after=None
[2026-08-27T03:47:33.318+0000] {processor.py:183} INFO - Processing /opt/airflow/dags/supermarket_etl_pipeline.py took 0.379 seconds
[2026-08-27T03:48:03.630+0000] {processor.py:161} INFO - Started process (PID=1803) to work on /opt/airflow/dags/supermarket_etl_pipeline.py
[2026-08-27T03:48:03.632+0000] {processor.py:830} INFO - Processing file /opt/airflow/dags/supermarket_etl_pipeline.py for tasks to queue
[2026-08-27T03:48:03.634+0000] {logging_mixin.py:188} INFO - [2026-08-27T03:48:03.634+0000] {dagbag.py:538} INFO - Filling up the DagBag from /opt/airflow/dags/supermarket_etl_pipeline.py
[2026-08-27T03:48:03.946+0000] {processor.py:840} INFO - DAG(s) 'supermarket_etl_pipeline' retrieved from /opt/airflow/dags/supermarket_etl_pipeline.py
[2026-08-27T03:48:03.966+0000] {logging_mixin.py:188} INFO - [2026-08-27T03:48:03.966+0000] {dag.py:3036} INFO - Sync 1 DAGs
[2026-08-27T03:48:03.974+0000] {logging_mixin.py:188} INFO - [2026-08-27T03:48:03.974+0000] {dag.py:3823} INFO - Setting next_dagrun for supermarket_etl_pipeline to None, run_after=None
[2026-08-27T03:48:03.991+0000] {processor.py:183} INFO - Processing /opt/airflow/dags/supermarket_etl_pipeline.py took 0.363 seconds
[2026-08-27T03:48:34.278+0000] {processor.py:161} INFO - Started process (PID=1809) to work on /opt/airflow/dags/supermarket_etl_pipeline.py
[2026-08-27T03:48:34.279+0000] {processor.py:830} INFO - Processing file /opt/airflow/dags/supermarket_etl_pipeline.py for tasks to queue
[2026-08-27T03:48:34.281+0000] {logging_mixin.py:188} INFO - [2026-08-27T03:48:34.281+0000] {dagbag.py:538} INFO - Filling up the DagBag from /opt/airflow/dags/supermarket_etl_pipeline.py
[2026-08-27T03:48:34.888+0000] {processor.py:840} INFO - DAG(s) 'supermarket_etl_pipeline' retrieved from /opt/airflow/dags/supermarket_etl_pipeline.py
[2026-08-27T03:48:34.922+0000] {logging_mixin.py:188} INFO - [2026-08-27T03:48:34.922+0000] {dag.py:3036} INFO - Sync 1 DAGs
[2026-08-27T03:48:34.937+0000] {logging_mixin.py:188} INFO - [2026-08-27T03:48:34.936+0000] {dag.py:3823} INFO - Setting next_dagrun for supermarket_etl_pipeline to None, run_after=None
[2026-08-27T03:48:34.972+0000] {processor.py:183} INFO - Processing /opt/airflow/dags/supermarket_etl_pipeline.py took 0.698 seconds
[2026-08-27T03:49:05.203+0000] {processor.py:161} INFO - Started process (PID=1815) to work on /opt/airflow/dags/supermarket_etl_pipeline.py
[2026-08-27T03:49:05.204+0000] {processor.py:830} INFO - Processing file /opt/airflow/dags/supermarket_etl_pipeline.py for tasks to queue
[2026-08-27T03:49:05.206+0000] {logging_mixin.py:188} INFO - [2026-08-27T03:49:05.206+0000] {dagbag.py:538} INFO - Filling up the DagBag from /opt/airflow/dags/supermarket_etl_pipeline.py
[2026-08-27T03:49:05.517+0000] {processor.py:840} INFO - DAG(s) 'supermarket_etl_pipeline' retrieved from /opt/airflow/dags/supermarket_etl_pipeline.py
[2026-08-27T03:49:05.539+0000] {logging_mixin.py:188} INFO - [2026-08-27T03:49:05.539+0000] {dag.py:3036} INFO - Sync 1 DAGs
[2026-08-27T03:49:05.550+0000] {logging_mixin.py:188} INFO - [2026-08-27T03:49:05.550+0000] {dag.py:3823} INFO - Setting next_dagrun for supermarket_etl_pipeline to None, run_after=None
[2026-08-27T03:49:05.567+0000] {processor.py:183} INFO - Processing /opt/airflow/dags/supermarket_etl_pipeline.py took 0.367 seconds
[2026-08-27T03:49:35.891+0000] {processor.py:161} INFO - Started process (PID=1821) to work on /opt/airflow/dags/supermarket_etl_pipeline.py
[2026-08-27T03:49:35.892+0000] {processor.py:830} INFO - Processing file /opt/airflow/dags/supermarket_etl_pipeline.py for tasks to queue
[2026-08-27T03:49:35.894+0000] {logging_mixin.py:188} INFO - [2026-08-27T03:49:35.894+0000] {dagbag.py:538} INFO - Filling up the DagBag from /opt/airflow/dags/supermarket_etl_pipeline.py
[2026-08-27T03:49:36.226+0000] {processor.py:840} INFO - DAG(s) 'supermarket_etl_pipeline' retrieved from /opt/airflow/dags/supermarket_etl_pipeline.py
[2026-08-27T03:49:36.246+0000] {logging_mixin.py:188} INFO - [2026-08-27T03:49:36.246+0000] {dag.py:3036} INFO - Sync 1 DAGs
[2026-08-27T03:49:36.256+0000] {logging_mixin.py:188} INFO - [2026-08-27T03:49:36.256+0000] {dag.py:3823} INFO - Setting next_dagrun for supermarket_etl_pipeline to None, run_after=None
[2026-08-27T03:49:36.281+0000] {processor.py:183} INFO - Processing /opt/airflow/dags/supermarket_etl_pipeline.py took 0.395 seconds
[2026-08-27T03:50:06.615+0000] {processor.py:161} INFO - Started process (PID=1827) to work on /opt/airflow/dags/supermarket_etl_pipeline.py
[2026-08-27T03:50:06.618+0000] {processor.py:830} INFO - Processing file /opt/airflow/dags/supermarket_etl_pipeline.py for tasks to queue
[2026-08-27T03:50:06.621+0000] {logging_mixin.py:188} INFO - [2026-08-27T03:50:06.620+0000] {dagbag.py:538} INFO - Filling up the DagBag from /opt/airflow/dags/supermarket_etl_pipeline.py
[2026-08-27T03:50:06.965+0000] {processor.py:840} INFO - DAG(s) 'supermarket_etl_pipeline' retrieved from /opt/airflow/dags/supermarket_etl_pipeline.py
[2026-08-27T03:50:06.984+0000] {logging_mixin.py:188} INFO - [2026-08-27T03:50:06.983+0000] {dag.py:3036} INFO - Sync 1 DAGs
[2026-08-27T03:50:06.994+0000] {logging_mixin.py:188} INFO - [2026-08-27T03:50:06.993+0000] {dag.py:3823} INFO - Setting next_dagrun for supermarket_etl_pipeline to None, run_after=None
[2026-08-27T03:50:07.013+0000] {processor.py:183} INFO - Processing /opt/airflow/dags/supermarket_etl_pipeline.py took 0.401 seconds
[2026-08-27T03:50:37.403+0000] {processor.py:161} INFO - Started process (PID=1833) to work on /opt/airflow/dags/supermarket_etl_pipeline.py
[2026-08-27T03:50:37.404+0000] {processor.py:830} INFO - Processing file /opt/airflow/dags/supermarket_etl_pipeline.py for tasks to queue
[2026-08-27T03:50:37.406+0000] {logging_mixin.py:188} INFO - [2026-08-27T03:50:37.405+0000] {dagbag.py:538} INFO - Filling up the DagBag from /opt/airflow/dags/supermarket_etl_pipeline.py
[2026-08-27T03:50:37.705+0000] {processor.py:840} INFO - DAG(s) 'supermarket_etl_pipeline' retrieved from /opt/airflow/dags/supermarket_etl_pipeline.py
[2026-08-27T03:50:37.727+0000] {logging_mixin.py:188} INFO - [2026-08-27T03:50:37.727+0000] {dag.py:3036} INFO - Sync 1 DAGs
[2026-08-27T03:50:37.736+0000] {logging_mixin.py:188} INFO - [2026-08-27T03:50:37.736+0000] {dag.py:3823} INFO - Setting next_dagrun for supermarket_etl_pipeline to None, run_after=None
[2026-08-27T03:50:37.753+0000] {processor.py:183} INFO - Processing /opt/airflow/dags/supermarket_etl_pipeline.py took 0.352 seconds
[2026-08-27T03:51:08.150+0000] {processor.py:161} INFO - Started process (PID=1839) to work on /opt/airflow/dags/supermarket_etl_pipeline.py
[2026-08-27T03:51:08.151+0000] {processor.py:830} INFO - Processing file /opt/airflow/dags/supermarket_etl_pipeline.py for tasks to queue
[2026-08-27T03:51:08.152+0000] {logging_mixin.py:188} INFO - [2026-08-27T03:51:08.152+0000] {dagbag.py:538} INFO - Filling up the DagBag from /opt/airflow/dags/supermarket_etl_pipeline.py
[2026-08-27T03:51:08.456+0000] {processor.py:840} INFO - DAG(s) 'supermarket_etl_pipeline' retrieved from /opt/airflow/dags/supermarket_etl_pipeline.py
[2026-08-27T03:51:08.474+0000] {logging_mixin.py:188} INFO - [2026-08-27T03:51:08.474+0000] {dag.py:3036} INFO - Sync 1 DAGs
[2026-08-27T03:51:08.483+0000] {logging_mixin.py:188} INFO - [2026-08-27T03:51:08.483+0000] {dag.py:3823} INFO - Setting next_dagrun for supermarket_etl_pipeline to None, run_after=None
[2026-08-27T03:51:08.502+0000] {processor.py:183} INFO - Processing /opt/airflow/dags/supermarket_etl_pipeline.py took 0.355 seconds
[2026-08-27T03:51:38.821+0000] {processor.py:161} INFO - Started process (PID=1845) to work on /opt/airflow/dags/supermarket_etl_pipeline.py
[2026-08-27T03:51:38.823+0000] {processor.py:830} INFO - Processing file /opt/airflow/dags/supermarket_etl_pipeline.py for tasks to queue
[2026-08-27T03:51:38.825+0000] {logging_mixin.py:188} INFO - [2026-08-27T03:51:38.825+0000] {dagbag.py:538} INFO - Filling up the DagBag from /opt/airflow/dags/supermarket_etl_pipeline.py
[2026-08-27T03:51:39.148+0000] {processor.py:840} INFO - DAG(s) 'supermarket_etl_pipeline' retrieved from /opt/airflow/dags/supermarket_etl_pipeline.py
[2026-08-27T03:51:39.168+0000] {logging_mixin.py:188} INFO - [2026-08-27T03:51:39.168+0000] {dag.py:3036} INFO - Sync 1 DAGs
[2026-08-27T03:51:39.176+0000] {logging_mixin.py:188} INFO - [2026-08-27T03:51:39.176+0000] {dag.py:3823} INFO - Setting next_dagrun for supermarket_etl_pipeline to None, run_after=None
[2026-08-27T03:51:39.195+0000] {processor.py:183} INFO - Processing /opt/airflow/dags/supermarket_etl_pipeline.py took 0.376 seconds
[2026-08-27T03:52:09.623+0000] {processor.py:161} INFO - Started process (PID=1851) to work on /opt/airflow/dags/supermarket_etl_pipeline.py
[2026-08-27T03:52:09.624+0000] {processor.py:830} INFO - Processing file /opt/airflow/dags/supermarket_etl_pipeline.py for tasks to queue
[2026-08-27T03:52:09.626+0000] {logging_mixin.py:188} INFO - [2026-08-27T03:52:09.626+0000] {dagbag.py:538} INFO - Filling up the DagBag from /opt/airflow/dags/supermarket_etl_pipeline.py
[2026-08-27T03:52:09.968+0000] {processor.py:840} INFO - DAG(s) 'supermarket_etl_pipeline' retrieved from /opt/airflow/dags/supermarket_etl_pipeline.py
[2026-08-27T03:52:09.989+0000] {logging_mixin.py:188} INFO - [2026-08-27T03:52:09.989+0000] {dag.py:3036} INFO - Sync 1 DAGs
[2026-08-27T03:52:09.997+0000] {logging_mixin.py:188} INFO - [2026-08-27T03:52:09.997+0000] {dag.py:3823} INFO - Setting next_dagrun for supermarket_etl_pipeline to None, run_after=None
[2026-08-27T03:52:10.015+0000] {processor.py:183} INFO - Processing /opt/airflow/dags/supermarket_etl_pipeline.py took 0.395 seconds
[2026-08-27T03:52:40.336+0000] {processor.py:161} INFO - Started process (PID=1857) to work on /opt/airflow/dags/supermarket_etl_pipeline.py
[2026-08-27T03:52:40.338+0000] {processor.py:830} INFO - Processing file /opt/airflow/dags/supermarket_etl_pipeline.py for tasks to queue
[2026-08-27T03:52:40.340+0000] {logging_mixin.py:188} INFO - [2026-08-27T03:52:40.339+0000] {dagbag.py:538} INFO - Filling up the DagBag from /opt/airflow/dags/supermarket_etl_pipeline.py
[2026-08-27T03:52:40.638+0000] {processor.py:840} INFO - DAG(s) 'supermarket_etl_pipeline' retrieved from /opt/airflow/dags/supermarket_etl_pipeline.py
[2026-08-27T03:52:40.656+0000] {logging_mixin.py:188} INFO - [2026-08-27T03:52:40.655+0000] {dag.py:3036} INFO - Sync 1 DAGs
[2026-08-27T03:52:40.664+0000] {logging_mixin.py:188} INFO - [2026-08-27T03:52:40.663+0000] {dag.py:3823} INFO - Setting next_dagrun for supermarket_etl_pipeline to None, run_after=None
[2026-08-27T03:52:40.683+0000] {processor.py:183} INFO - Processing /opt/airflow/dags/supermarket_etl_pipeline.py took 0.350 seconds
[2026-08-27T03:53:11.041+0000] {processor.py:161} INFO - Started process (PID=1863) to work on /opt/airflow/dags/supermarket_etl_pipeline.py
[2026-08-27T03:53:11.043+0000] {processor.py:830} INFO - Processing file /opt/airflow/dags/supermarket_etl_pipeline.py for tasks to queue
[2026-08-27T03:53:11.045+0000] {logging_mixin.py:188} INFO - [2026-08-27T03:53:11.045+0000] {dagbag.py:538} INFO - Filling up the DagBag from /opt/airflow/dags/supermarket_etl_pipeline.py
[2026-08-27T03:53:11.342+0000] {processor.py:840} INFO - DAG(s) 'supermarket_etl_pipeline' retrieved from /opt/airflow/dags/supermarket_etl_pipeline.py
[2026-08-27T03:53:11.359+0000] {logging_mixin.py:188} INFO - [2026-08-27T03:53:11.359+0000] {dag.py:3036} INFO - Sync 1 DAGs
[2026-08-27T03:53:11.369+0000] {logging_mixin.py:188} INFO - [2026-08-27T03:53:11.368+0000] {dag.py:3823} INFO - Setting next_dagrun for supermarket_etl_pipeline to None, run_after=None
[2026-08-27T03:53:11.386+0000] {processor.py:183} INFO - Processing /opt/airflow/dags/supermarket_etl_pipeline.py took 0.347 seconds
[2026-08-27T03:53:41.643+0000] {processor.py:161} INFO - Started process (PID=1869) to work on /opt/airflow/dags/supermarket_etl_pipeline.py
[2026-08-27T03:53:41.644+0000] {processor.py:830} INFO - Processing file /opt/airflow/dags/supermarket_etl_pipeline.py for tasks to queue
[2026-08-27T03:53:41.644+0000] {logging_mixin.py:188} INFO - [2026-08-27T03:53:41.644+0000] {dagbag.py:538} INFO - Filling up the DagBag from /opt/airflow/dags/supermarket_etl_pipeline.py
[2026-08-27T03:53:41.952+0000] {processor.py:840} INFO - DAG(s) 'supermarket_etl_pipeline' retrieved from /opt/airflow/dags/supermarket_etl_pipeline.py
[2026-08-27T03:53:41.973+0000] {logging_mixin.py:188} INFO - [2026-08-27T03:53:41.973+0000] {dag.py:3036} INFO - Sync 1 DAGs
[2026-08-27T03:53:41.982+0000] {logging_mixin.py:188} INFO - [2026-08-27T03:53:41.982+0000] {dag.py:3823} INFO - Setting next_dagrun for supermarket_etl_pipeline to None, run_after=None
[2026-08-27T03:53:42.002+0000] {processor.py:183} INFO - Processing /opt/airflow/dags/supermarket_etl_pipeline.py took 0.362 seconds
[2026-08-27T03:54:12.369+0000] {processor.py:161} INFO - Started process (PID=1875) to work on /opt/airflow/dags/supermarket_etl_pipeline.py
[2026-08-27T03:54:12.371+0000] {processor.py:830} INFO - Processing file /opt/airflow/dags/supermarket_etl_pipeline.py for tasks to queue
[2026-08-27T03:54:12.373+0000] {logging_mixin.py:188} INFO - [2026-08-27T03:54:12.373+0000] {dagbag.py:538} INFO - Filling up the DagBag from /opt/airflow/dags/supermarket_etl_pipeline.py
[2026-08-27T03:54:12.679+0000] {processor.py:840} INFO - DAG(s) 'supermarket_etl_pipeline' retrieved from /opt/airflow/dags/supermarket_etl_pipeline.py
[2026-08-27T03:54:12.698+0000] {logging_mixin.py:188} INFO - [2026-08-27T03:54:12.698+0000] {dag.py:3036} INFO - Sync 1 DAGs
[2026-08-27T03:54:12.706+0000] {logging_mixin.py:188} INFO - [2026-08-27T03:54:12.706+0000] {dag.py:3823} INFO - Setting next_dagrun for supermarket_etl_pipeline to None, run_after=None
[2026-08-27T03:54:12.723+0000] {processor.py:183} INFO - Processing /opt/airflow/dags/supermarket_etl_pipeline.py took 0.357 seconds
[2026-08-27T03:54:43.040+0000] {processor.py:161} INFO - Started process (PID=1881) to work on /opt/airflow/dags/supermarket_etl_pipeline.py
[2026-08-27T03:54:43.042+0000] {processor.py:830} INFO - Processing file /opt/airflow/dags/supermarket_etl_pipeline.py for tasks to queue
[2026-08-27T03:54:43.044+0000] {logging_mixin.py:188} INFO - [2026-08-27T03:54:43.043+0000] {dagbag.py:538} INFO - Filling up the DagBag from /opt/airflow/dags/supermarket_etl_pipeline.py
[2026-08-27T03:54:43.353+0000] {processor.py:840} INFO - DAG(s) 'supermarket_etl_pipeline' retrieved from /opt/airflow/dags/supermarket_etl_pipeline.py
[2026-08-27T03:54:43.374+0000] {logging_mixin.py:188} INFO - [2026-08-27T03:54:43.374+0000] {dag.py:3036} INFO - Sync 1 DAGs
[2026-08-27T03:54:43.382+0000] {logging_mixin.py:188} INFO - [2026-08-27T03:54:43.382+0000] {dag.py:3823} INFO - Setting next_dagrun for supermarket_etl_pipeline to None, run_after=None
[2026-08-27T03:54:43.400+0000] {processor.py:183} INFO - Processing /opt/airflow/dags/supermarket_etl_pipeline.py took 0.362 seconds
[2026-08-27T03:55:13.676+0000] {processor.py:161} INFO - Started process (PID=1887) to work on /opt/airflow/dags/supermarket_etl_pipeline.py
[2026-08-27T03:55:13.678+0000] {processor.py:830} INFO - Processing file /opt/airflow/dags/supermarket_etl_pipeline.py for tasks to queue
[2026-08-27T03:55:13.680+0000] {logging_mixin.py:188} INFO - [2026-08-27T03:55:13.679+0000] {dagbag.py:538} INFO - Filling up the DagBag from /opt/airflow/dags/supermarket_etl_pipeline.py
[2026-08-27T03:55:13.983+0000] {processor.py:840} INFO - DAG(s) 'supermarket_etl_pipeline' retrieved from /opt/airflow/dags/supermarket_etl_pipeline.py
[2026-08-27T03:55:14.001+0000] {logging_mixin.py:188} INFO - [2026-08-27T03:55:14.001+0000] {dag.py:3036} INFO - Sync 1 DAGs
[2026-08-27T03:55:14.010+0000] {logging_mixin.py:188} INFO - [2026-08-27T03:55:14.010+0000] {dag.py:3823} INFO - Setting next_dagrun for supermarket_etl_pipeline to None, run_after=None
[2026-08-27T03:55:14.029+0000] {processor.py:183} INFO - Processing /opt/airflow/dags/supermarket_etl_pipeline.py took 0.356 seconds
[2026-08-27T03:55:44.331+0000] {processor.py:161} INFO - Started process (PID=1893) to work on /opt/airflow/dags/supermarket_etl_pipeline.py
[2026-08-27T03:55:44.332+0000] {processor.py:830} INFO - Processing file /opt/airflow/dags/supermarket_etl_pipeline.py for tasks to queue
[2026-08-27T03:55:44.334+0000] {logging_mixin.py:188} INFO - [2026-08-27T03:55:44.334+0000] {dagbag.py:538} INFO - Filling up the DagBag from /opt/airflow/dags/supermarket_etl_pipeline.py
[2026-08-27T03:55:44.678+0000] {processor.py:840} INFO - DAG(s) 'supermarket_etl_pipeline' retrieved from /opt/airflow/dags/supermarket_etl_pipeline.py
[2026-08-27T03:55:44.701+0000] {logging_mixin.py:188} INFO - [2026-08-27T03:55:44.701+0000] {dag.py:3036} INFO - Sync 1 DAGs
[2026-08-27T03:55:44.710+0000] {logging_mixin.py:188} INFO - [2026-08-27T03:55:44.709+0000] {dag.py:3823} INFO - Setting next_dagrun for supermarket_etl_pipeline to None, run_after=None
[2026-08-27T03:55:44.731+0000] {processor.py:183} INFO - Processing /opt/airflow/dags/supermarket_etl_pipeline.py took 0.403 seconds
[2026-08-27T03:56:15.009+0000] {processor.py:161} INFO - Started process (PID=1899) to work on /opt/airflow/dags/supermarket_etl_pipeline.py
[2026-08-27T03:56:15.011+0000] {processor.py:830} INFO - Processing file /opt/airflow/dags/supermarket_etl_pipeline.py for tasks to queue
[2026-08-27T03:56:15.013+0000] {logging_mixin.py:188} INFO - [2026-08-27T03:56:15.013+0000] {dagbag.py:538} INFO - Filling up the DagBag from /opt/airflow/dags/supermarket_etl_pipeline.py
[2026-08-27T03:56:15.395+0000] {processor.py:840} INFO - DAG(s) 'supermarket_etl_pipeline' retrieved from /opt/airflow/dags/supermarket_etl_pipeline.py
[2026-08-27T03:56:15.422+0000] {logging_mixin.py:188} INFO - [2026-08-27T03:56:15.422+0000] {dag.py:3036} INFO - Sync 1 DAGs
[2026-08-27T03:56:15.430+0000] {logging_mixin.py:188} INFO - [2026-08-27T03:56:15.430+0000] {dag.py:3823} INFO - Setting next_dagrun for supermarket_etl_pipeline to None, run_after=None
[2026-08-27T03:56:15.451+0000] {processor.py:183} INFO - Processing /opt/airflow/dags/supermarket_etl_pipeline.py took 0.446 seconds
[2026-08-27T03:56:45.703+0000] {processor.py:161} INFO - Started process (PID=1905) to work on /opt/airflow/dags/supermarket_etl_pipeline.py
[2026-08-27T03:56:45.706+0000] {processor.py:830} INFO - Processing file /opt/airflow/dags/supermarket_etl_pipeline.py for tasks to queue
[2026-08-27T03:56:45.708+0000] {logging_mixin.py:188} INFO - [2026-08-27T03:56:45.708+0000] {dagbag.py:538} INFO - Filling up the DagBag from /opt/airflow/dags/supermarket_etl_pipeline.py
[2026-08-27T03:56:46.007+0000] {processor.py:840} INFO - DAG(s) 'supermarket_etl_pipeline' retrieved from /opt/airflow/dags/supermarket_etl_pipeline.py
[2026-08-27T03:56:46.024+0000] {logging_mixin.py:188} INFO - [2026-08-27T03:56:46.024+0000] {dag.py:3036} INFO - Sync 1 DAGs
[2026-08-27T03:56:46.031+0000] {logging_mixin.py:188} INFO - [2026-08-27T03:56:46.031+0000] {dag.py:3823} INFO - Setting next_dagrun for supermarket_etl_pipeline to None, run_after=None
[2026-08-27T03:56:46.050+0000] {processor.py:183} INFO - Processing /opt/airflow/dags/supermarket_etl_pipeline.py took 0.349 seconds
[2026-08-27T03:57:16.311+0000] {processor.py:161} INFO - Started process (PID=1911) to work on /opt/airflow/dags/supermarket_etl_pipeline.py
[2026-08-27T03:57:16.315+0000] {processor.py:830} INFO - Processing file /opt/airflow/dags/supermarket_etl_pipeline.py for tasks to queue
[2026-08-27T03:57:16.317+0000] {logging_mixin.py:188} INFO - [2026-08-27T03:57:16.316+0000] {dagbag.py:538} INFO - Filling up the DagBag from /opt/airflow/dags/supermarket_etl_pipeline.py
[2026-08-27T03:57:16.621+0000] {processor.py:840} INFO - DAG(s) 'supermarket_etl_pipeline' retrieved from /opt/airflow/dags/supermarket_etl_pipeline.py
[2026-08-27T03:57:16.642+0000] {logging_mixin.py:188} INFO - [2026-08-27T03:57:16.642+0000] {dag.py:3036} INFO - Sync 1 DAGs
[2026-08-27T03:57:16.652+0000] {logging_mixin.py:188} INFO - [2026-08-27T03:57:16.651+0000] {dag.py:3823} INFO - Setting next_dagrun for supermarket_etl_pipeline to None, run_after=None
[2026-08-27T03:57:16.669+0000] {processor.py:183} INFO - Processing /opt/airflow/dags/supermarket_etl_pipeline.py took 0.361 seconds
[2026-08-27T03:57:47.110+0000] {processor.py:161} INFO - Started process (PID=1917) to work on /opt/airflow/dags/supermarket_etl_pipeline.py
[2026-08-27T03:57:47.113+0000] {processor.py:830} INFO - Processing file /opt/airflow/dags/supermarket_etl_pipeline.py for tasks to queue
[2026-08-27T03:57:47.115+0000] {logging_mixin.py:188} INFO - [2026-08-27T03:57:47.115+0000] {dagbag.py:538} INFO - Filling up the DagBag from /opt/airflow/dags/supermarket_etl_pipeline.py
[2026-08-27T03:57:47.526+0000] {processor.py:840} INFO - DAG(s) 'supermarket_etl_pipeline' retrieved from /opt/airflow/dags/supermarket_etl_pipeline.py
[2026-08-27T03:57:47.561+0000] {logging_mixin.py:188} INFO - [2026-08-27T03:57:47.561+0000] {dag.py:3036} INFO - Sync 1 DAGs
[2026-08-27T03:57:47.572+0000] {logging_mixin.py:188} INFO - [2026-08-27T03:57:47.571+0000] {dag.py:3823} INFO - Setting next_dagrun for supermarket_etl_pipeline to None, run_after=None
[2026-08-27T03:57:47.594+0000] {processor.py:183} INFO - Processing /opt/airflow/dags/supermarket_etl_pipeline.py took 0.489 seconds
[2026-08-27T03:58:17.922+0000] {processor.py:161} INFO - Started process (PID=1923) to work on /opt/airflow/dags/supermarket_etl_pipeline.py
[2026-08-27T03:58:17.923+0000] {processor.py:830} INFO - Processing file /opt/airflow/dags/supermarket_etl_pipeline.py for tasks to queue
[2026-08-27T03:58:17.925+0000] {logging_mixin.py:188} INFO - [2026-08-27T03:58:17.925+0000] {dagbag.py:538} INFO - Filling up the DagBag from /opt/airflow/dags/supermarket_etl_pipeline.py
[2026-08-27T03:58:18.254+0000] {processor.py:840} INFO - DAG(s) 'supermarket_etl_pipeline' retrieved from /opt/airflow/dags/supermarket_etl_pipeline.py
[2026-08-27T03:58:18.275+0000] {logging_mixin.py:188} INFO - [2026-08-27T03:58:18.275+0000] {dag.py:3036} INFO - Sync 1 DAGs
[2026-08-27T03:58:18.284+0000] {logging_mixin.py:188} INFO - [2026-08-27T03:58:18.284+0000] {dag.py:3823} INFO - Setting next_dagrun for supermarket_etl_pipeline to None, run_after=None
[2026-08-27T03:58:18.302+0000] {processor.py:183} INFO - Processing /opt/airflow/dags/supermarket_etl_pipeline.py took 0.382 seconds
[2026-08-27T03:58:48.614+0000] {processor.py:161} INFO - Started process (PID=1929) to work on /opt/airflow/dags/supermarket_etl_pipeline.py
[2026-08-27T03:58:48.615+0000] {processor.py:830} INFO - Processing file /opt/airflow/dags/supermarket_etl_pipeline.py for tasks to queue
[2026-08-27T03:58:48.616+0000] {logging_mixin.py:188} INFO - [2026-08-27T03:58:48.616+0000] {dagbag.py:538} INFO - Filling up the DagBag from /opt/airflow/dags/supermarket_etl_pipeline.py
[2026-08-27T03:58:48.900+0000] {processor.py:840} INFO - DAG(s) 'supermarket_etl_pipeline' retrieved from /opt/airflow/dags/supermarket_etl_pipeline.py
[2026-08-27T03:58:48.920+0000] {logging_mixin.py:188} INFO - [2026-08-27T03:58:48.919+0000] {dag.py:3036} INFO - Sync 1 DAGs
[2026-08-27T03:58:48.928+0000] {logging_mixin.py:188} INFO - [2026-08-27T03:58:48.927+0000] {dag.py:3823} INFO - Setting next_dagrun for supermarket_etl_pipeline to None, run_after=None
[2026-08-27T03:58:48.946+0000] {processor.py:183} INFO - Processing /opt/airflow/dags/supermarket_etl_pipeline.py took 0.335 seconds
[2026-08-27T03:59:19.268+0000] {processor.py:161} INFO - Started process (PID=1935) to work on /opt/airflow/dags/supermarket_etl_pipeline.py
[2026-08-27T03:59:19.270+0000] {processor.py:830} INFO - Processing file /opt/airflow/dags/supermarket_etl_pipeline.py for tasks to queue
[2026-08-27T03:59:19.272+0000] {logging_mixin.py:188} INFO - [2026-08-27T03:59:19.271+0000] {dagbag.py:538} INFO - Filling up the DagBag from /opt/airflow/dags/supermarket_etl_pipeline.py
[2026-08-27T03:59:19.569+0000] {processor.py:840} INFO - DAG(s) 'supermarket_etl_pipeline' retrieved from /opt/airflow/dags/supermarket_etl_pipeline.py
[2026-08-27T03:59:19.589+0000] {logging_mixin.py:188} INFO - [2026-08-27T03:59:19.589+0000] {dag.py:3036} INFO - Sync 1 DAGs
[2026-08-27T03:59:19.598+0000] {logging_mixin.py:188} INFO - [2026-08-27T03:59:19.598+0000] {dag.py:3823} INFO - Setting next_dagrun for supermarket_etl_pipeline to None, run_after=None
[2026-08-27T03:59:19.615+0000] {processor.py:183} INFO - Processing /opt/airflow/dags/supermarket_etl_pipeline.py took 0.349 seconds
[2026-08-27T03:59:49.956+0000] {processor.py:161} INFO - Started process (PID=1941) to work on /opt/airflow/dags/supermarket_etl_pipeline.py
[2026-08-27T03:59:49.958+0000] {processor.py:830} INFO - Processing file /opt/airflow/dags/supermarket_etl_pipeline.py for tasks to queue
[2026-08-27T03:59:49.959+0000] {logging_mixin.py:188} INFO - [2026-08-27T03:59:49.959+0000] {dagbag.py:538} INFO - Filling up the DagBag from /opt/airflow/dags/supermarket_etl_pipeline.py
[2026-08-27T03:59:50.261+0000] {processor.py:840} INFO - DAG(s) 'supermarket_etl_pipeline' retrieved from /opt/airflow/dags/supermarket_etl_pipeline.py
[2026-08-27T03:59:50.283+0000] {logging_mixin.py:188} INFO - [2026-08-27T03:59:50.283+0000] {dag.py:3036} INFO - Sync 1 DAGs
[2026-08-27T03:59:50.292+0000] {logging_mixin.py:188} INFO - [2026-08-27T03:59:50.292+0000] {dag.py:3823} INFO - Setting next_dagrun for supermarket_etl_pipeline to None, run_after=None
[2026-08-27T03:59:50.314+0000] {processor.py:183} INFO - Processing /opt/airflow/dags/supermarket_etl_pipeline.py took 0.360 seconds
[2026-08-27T04:00:20.638+0000] {processor.py:161} INFO - Started process (PID=1947) to work on /opt/airflow/dags/supermarket_etl_pipeline.py
[2026-08-27T04:00:20.640+0000] {processor.py:830} INFO - Processing file /opt/airflow/dags/supermarket_etl_pipeline.py for tasks to queue
[2026-08-27T04:00:20.642+0000] {logging_mixin.py:188} INFO - [2026-08-27T04:00:20.642+0000] {dagbag.py:538} INFO - Filling up the DagBag from /opt/airflow/dags/supermarket_etl_pipeline.py
[2026-08-27T04:00:21.009+0000] {processor.py:840} INFO - DAG(s) 'supermarket_etl_pipeline' retrieved from /opt/airflow/dags/supermarket_etl_pipeline.py
[2026-08-27T04:00:21.029+0000] {logging_mixin.py:188} INFO - [2026-08-27T04:00:21.028+0000] {dag.py:3036} INFO - Sync 1 DAGs
[2026-08-27T04:00:21.038+0000] {logging_mixin.py:188} INFO - [2026-08-27T04:00:21.038+0000] {dag.py:3823} INFO - Setting next_dagrun for supermarket_etl_pipeline to None, run_after=None
[2026-08-27T04:00:21.058+0000] {processor.py:183} INFO - Processing /opt/airflow/dags/supermarket_etl_pipeline.py took 0.423 seconds
[2026-08-27T04:00:51.374+0000] {processor.py:161} INFO - Started process (PID=1953) to work on /opt/airflow/dags/supermarket_etl_pipeline.py
[2026-08-27T04:00:51.376+0000] {processor.py:830} INFO - Processing file /opt/airflow/dags/supermarket_etl_pipeline.py for tasks to queue
[2026-08-27T04:00:51.378+0000] {logging_mixin.py:188} INFO - [2026-08-27T04:00:51.378+0000] {dagbag.py:538} INFO - Filling up the DagBag from /opt/airflow/dags/supermarket_etl_pipeline.py
[2026-08-27T04:00:51.682+0000] {processor.py:840} INFO - DAG(s) 'supermarket_etl_pipeline' retrieved from /opt/airflow/dags/supermarket_etl_pipeline.py
[2026-08-27T04:00:51.702+0000] {logging_mixin.py:188} INFO - [2026-08-27T04:00:51.702+0000] {dag.py:3036} INFO - Sync 1 DAGs
[2026-08-27T04:00:51.711+0000] {logging_mixin.py:188} INFO - [2026-08-27T04:00:51.711+0000] {dag.py:3823} INFO - Setting next_dagrun for supermarket_etl_pipeline to None, run_after=None
[2026-08-27T04:00:51.734+0000] {processor.py:183} INFO - Processing /opt/airflow/dags/supermarket_etl_pipeline.py took 0.363 seconds
[2026-08-27T04:01:22.071+0000] {processor.py:161} INFO - Started process (PID=1959) to work on /opt/airflow/dags/supermarket_etl_pipeline.py
[2026-08-27T04:01:22.074+0000] {processor.py:830} INFO - Processing file /opt/airflow/dags/supermarket_etl_pipeline.py for tasks to queue
[2026-08-27T04:01:22.076+0000] {logging_mixin.py:188} INFO - [2026-08-27T04:01:22.075+0000] {dagbag.py:538} INFO - Filling up the DagBag from /opt/airflow/dags/supermarket_etl_pipeline.py
[2026-08-27T04:01:22.375+0000] {processor.py:840} INFO - DAG(s) 'supermarket_etl_pipeline' retrieved from /opt/airflow/dags/supermarket_etl_pipeline.py
[2026-08-27T04:01:22.392+0000] {logging_mixin.py:188} INFO - [2026-08-27T04:01:22.391+0000] {dag.py:3036} INFO - Sync 1 DAGs
[2026-08-27T04:01:22.401+0000] {logging_mixin.py:188} INFO - [2026-08-27T04:01:22.401+0000] {dag.py:3823} INFO - Setting next_dagrun for supermarket_etl_pipeline to None, run_after=None
[2026-08-27T04:01:22.419+0000] {processor.py:183} INFO - Processing /opt/airflow/dags/supermarket_etl_pipeline.py took 0.352 seconds
[2026-08-27T04:01:52.684+0000] {processor.py:161} INFO - Started process (PID=1965) to work on /opt/airflow/dags/supermarket_etl_pipeline.py
[2026-08-27T04:01:52.686+0000] {processor.py:830} INFO - Processing file /opt/airflow/dags/supermarket_etl_pipeline.py for tasks to queue
[2026-08-27T04:01:52.687+0000] {logging_mixin.py:188} INFO - [2026-08-27T04:01:52.687+0000] {dagbag.py:538} INFO - Filling up the DagBag from /opt/airflow/dags/supermarket_etl_pipeline.py
[2026-08-27T04:01:52.978+0000] {processor.py:840} INFO - DAG(s) 'supermarket_etl_pipeline' retrieved from /opt/airflow/dags/supermarket_etl_pipeline.py
[2026-08-27T04:01:52.999+0000] {logging_mixin.py:188} INFO - [2026-08-27T04:01:52.998+0000] {dag.py:3036} INFO - Sync 1 DAGs
[2026-08-27T04:01:53.007+0000] {logging_mixin.py:188} INFO - [2026-08-27T04:01:53.007+0000] {dag.py:3823} INFO - Setting next_dagrun for supermarket_etl_pipeline to None, run_after=None
[2026-08-27T04:01:53.027+0000] {processor.py:183} INFO - Processing /opt/airflow/dags/supermarket_etl_pipeline.py took 0.345 seconds
[2026-08-27T04:02:23.347+0000] {processor.py:161} INFO - Started process (PID=1971) to work on /opt/airflow/dags/supermarket_etl_pipeline.py
[2026-08-27T04:02:23.348+0000] {processor.py:830} INFO - Processing file /opt/airflow/dags/supermarket_etl_pipeline.py for tasks to queue
[2026-08-27T04:02:23.350+0000] {logging_mixin.py:188} INFO - [2026-08-27T04:02:23.350+0000] {dagbag.py:538} INFO - Filling up the DagBag from /opt/airflow/dags/supermarket_etl_pipeline.py
[2026-08-27T04:02:23.670+0000] {processor.py:840} INFO - DAG(s) 'supermarket_etl_pipeline' retrieved from /opt/airflow/dags/supermarket_etl_pipeline.py
[2026-08-27T04:02:23.689+0000] {logging_mixin.py:188} INFO - [2026-08-27T04:02:23.689+0000] {dag.py:3036} INFO - Sync 1 DAGs
[2026-08-27T04:02:23.698+0000] {logging_mixin.py:188} INFO - [2026-08-27T04:02:23.697+0000] {dag.py:3823} INFO - Setting next_dagrun for supermarket_etl_pipeline to None, run_after=None
[2026-08-27T04:02:23.717+0000] {processor.py:183} INFO - Processing /opt/airflow/dags/supermarket_etl_pipeline.py took 0.373 seconds
[2026-08-27T04:02:54.049+0000] {processor.py:161} INFO - Started process (PID=1977) to work on /opt/airflow/dags/supermarket_etl_pipeline.py
[2026-08-27T04:02:54.051+0000] {processor.py:830} INFO - Processing file /opt/airflow/dags/supermarket_etl_pipeline.py for tasks to queue
[2026-08-27T04:02:54.052+0000] {logging_mixin.py:188} INFO - [2026-08-27T04:02:54.052+0000] {dagbag.py:538} INFO - Filling up the DagBag from /opt/airflow/dags/supermarket_etl_pipeline.py
[2026-08-27T04:02:54.439+0000] {processor.py:840} INFO - DAG(s) 'supermarket_etl_pipeline' retrieved from /opt/airflow/dags/supermarket_etl_pipeline.py
[2026-08-27T04:02:54.461+0000] {logging_mixin.py:188} INFO - [2026-08-27T04:02:54.461+0000] {dag.py:3036} INFO - Sync 1 DAGs
[2026-08-27T04:02:54.470+0000] {logging_mixin.py:188} INFO - [2026-08-27T04:02:54.470+0000] {dag.py:3823} INFO - Setting next_dagrun for supermarket_etl_pipeline to None, run_after=None
[2026-08-27T04:02:54.492+0000] {processor.py:183} INFO - Processing /opt/airflow/dags/supermarket_etl_pipeline.py took 0.445 seconds
[2026-08-27T04:03:24.804+0000] {processor.py:161} INFO - Started process (PID=1983) to work on /opt/airflow/dags/supermarket_etl_pipeline.py
[2026-08-27T04:03:24.806+0000] {processor.py:830} INFO - Processing file /opt/airflow/dags/supermarket_etl_pipeline.py for tasks to queue
[2026-08-27T04:03:24.807+0000] {logging_mixin.py:188} INFO - [2026-08-27T04:03:24.807+0000] {dagbag.py:538} INFO - Filling up the DagBag from /opt/airflow/dags/supermarket_etl_pipeline.py
[2026-08-27T04:03:25.088+0000] {processor.py:840} INFO - DAG(s) 'supermarket_etl_pipeline' retrieved from /opt/airflow/dags/supermarket_etl_pipeline.py
[2026-08-27T04:03:25.111+0000] {logging_mixin.py:188} INFO - [2026-08-27T04:03:25.111+0000] {dag.py:3036} INFO - Sync 1 DAGs
[2026-08-27T04:03:25.120+0000] {logging_mixin.py:188} INFO - [2026-08-27T04:03:25.120+0000] {dag.py:3823} INFO - Setting next_dagrun for supermarket_etl_pipeline to None, run_after=None
[2026-08-27T04:03:25.140+0000] {processor.py:183} INFO - Processing /opt/airflow/dags/supermarket_etl_pipeline.py took 0.338 seconds
[2026-08-27T04:03:55.493+0000] {processor.py:161} INFO - Started process (PID=1989) to work on /opt/airflow/dags/supermarket_etl_pipeline.py
[2026-08-27T04:03:55.495+0000] {processor.py:830} INFO - Processing file /opt/airflow/dags/supermarket_etl_pipeline.py for tasks to queue
[2026-08-27T04:03:55.497+0000] {logging_mixin.py:188} INFO - [2026-08-27T04:03:55.497+0000] {dagbag.py:538} INFO - Filling up the DagBag from /opt/airflow/dags/supermarket_etl_pipeline.py
[2026-08-27T04:03:55.802+0000] {processor.py:840} INFO - DAG(s) 'supermarket_etl_pipeline' retrieved from /opt/airflow/dags/supermarket_etl_pipeline.py
[2026-08-27T04:03:55.823+0000] {logging_mixin.py:188} INFO - [2026-08-27T04:03:55.822+0000] {dag.py:3036} INFO - Sync 1 DAGs
[2026-08-27T04:03:55.832+0000] {logging_mixin.py:188} INFO - [2026-08-27T04:03:55.832+0000] {dag.py:3823} INFO - Setting next_dagrun for supermarket_etl_pipeline to None, run_after=None
[2026-08-27T04:03:55.855+0000] {processor.py:183} INFO - Processing /opt/airflow/dags/supermarket_etl_pipeline.py took 0.367 seconds
[2026-08-27T04:04:26.132+0000] {processor.py:161} INFO - Started process (PID=1995) to work on /opt/airflow/dags/supermarket_etl_pipeline.py
[2026-08-27T04:04:26.134+0000] {processor.py:830} INFO - Processing file /opt/airflow/dags/supermarket_etl_pipeline.py for tasks to queue
[2026-08-27T04:04:26.135+0000] {logging_mixin.py:188} INFO - [2026-08-27T04:04:26.135+0000] {dagbag.py:538} INFO - Filling up the DagBag from /opt/airflow/dags/supermarket_etl_pipeline.py
[2026-08-27T04:04:26.427+0000] {processor.py:840} INFO - DAG(s) 'supermarket_etl_pipeline' retrieved from /opt/airflow/dags/supermarket_etl_pipeline.py
[2026-08-27T04:04:26.454+0000] {logging_mixin.py:188} INFO - [2026-08-27T04:04:26.453+0000] {dag.py:3036} INFO - Sync 1 DAGs
[2026-08-27T04:04:26.464+0000] {logging_mixin.py:188} INFO - [2026-08-27T04:04:26.464+0000] {dag.py:3823} INFO - Setting next_dagrun for supermarket_etl_pipeline to None, run_after=None
[2026-08-27T04:04:26.484+0000] {processor.py:183} INFO - Processing /opt/airflow/dags/supermarket_etl_pipeline.py took 0.354 seconds
[2026-08-27T04:04:56.916+0000] {processor.py:161} INFO - Started process (PID=2001) to work on /opt/airflow/dags/supermarket_etl_pipeline.py
[2026-08-27T04:04:56.918+0000] {processor.py:830} INFO - Processing file /opt/airflow/dags/supermarket_etl_pipeline.py for tasks to queue
[2026-08-27T04:04:56.919+0000] {logging_mixin.py:188} INFO - [2026-08-27T04:04:56.919+0000] {dagbag.py:538} INFO - Filling up the DagBag from /opt/airflow/dags/supermarket_etl_pipeline.py
[2026-08-27T04:04:57.123+0000] {processor.py:840} INFO - DAG(s) 'supermarket_etl_pipeline' retrieved from /opt/airflow/dags/supermarket_etl_pipeline.py
[2026-08-27T04:04:57.145+0000] {logging_mixin.py:188} INFO - [2026-08-27T04:04:57.145+0000] {dag.py:3036} INFO - Sync 1 DAGs
[2026-08-27T04:04:57.155+0000] {logging_mixin.py:188} INFO - [2026-08-27T04:04:57.155+0000] {dag.py:3823} INFO - Setting next_dagrun for supermarket_etl_pipeline to None, run_after=None
[2026-08-27T04:04:57.175+0000] {processor.py:183} INFO - Processing /opt/airflow/dags/supermarket_etl_pipeline.py took 0.262 seconds
[2026-08-27T04:05:27.463+0000] {processor.py:161} INFO - Started process (PID=2007) to work on /opt/airflow/dags/supermarket_etl_pipeline.py
[2026-08-27T04:05:27.464+0000] {processor.py:830} INFO - Processing file /opt/airflow/dags/supermarket_etl_pipeline.py for tasks to queue
[2026-08-27T04:05:27.466+0000] {logging_mixin.py:188} INFO - [2026-08-27T04:05:27.466+0000] {dagbag.py:538} INFO - Filling up the DagBag from /opt/airflow/dags/supermarket_etl_pipeline.py
[2026-08-27T04:05:27.704+0000] {processor.py:840} INFO - DAG(s) 'supermarket_etl_pipeline' retrieved from /opt/airflow/dags/supermarket_etl_pipeline.py
[2026-08-27T04:05:27.726+0000] {logging_mixin.py:188} INFO - [2026-08-27T04:05:27.726+0000] {dag.py:3036} INFO - Sync 1 DAGs
[2026-08-27T04:05:27.738+0000] {logging_mixin.py:188} INFO - [2026-08-27T04:05:27.737+0000] {dag.py:3823} INFO - Setting next_dagrun for supermarket_etl_pipeline to None, run_after=None
[2026-08-27T04:05:27.759+0000] {processor.py:183} INFO - Processing /opt/airflow/dags/supermarket_etl_pipeline.py took 0.298 seconds
[2026-08-27T04:05:58.057+0000] {processor.py:161} INFO - Started process (PID=2013) to work on /opt/airflow/dags/supermarket_etl_pipeline.py
[2026-08-27T04:05:58.059+0000] {processor.py:830} INFO - Processing file /opt/airflow/dags/supermarket_etl_pipeline.py for tasks to queue
[2026-08-27T04:05:58.060+0000] {logging_mixin.py:188} INFO - [2026-08-27T04:05:58.060+0000] {dagbag.py:538} INFO - Filling up the DagBag from /opt/airflow/dags/supermarket_etl_pipeline.py
[2026-08-27T04:05:58.305+0000] {processor.py:840} INFO - DAG(s) 'supermarket_etl_pipeline' retrieved from /opt/airflow/dags/supermarket_etl_pipeline.py
[2026-08-27T04:05:58.340+0000] {logging_mixin.py:188} INFO - [2026-08-27T04:05:58.339+0000] {dag.py:3036} INFO - Sync 1 DAGs
[2026-08-27T04:05:58.353+0000] {logging_mixin.py:188} INFO - [2026-08-27T04:05:58.353+0000] {dag.py:3823} INFO - Setting next_dagrun for supermarket_etl_pipeline to None, run_after=None
[2026-08-27T04:05:58.373+0000] {processor.py:183} INFO - Processing /opt/airflow/dags/supermarket_etl_pipeline.py took 0.319 seconds
[2026-08-27T04:06:28.725+0000] {processor.py:161} INFO - Started process (PID=2019) to work on /opt/airflow/dags/supermarket_etl_pipeline.py
[2026-08-27T04:06:28.727+0000] {processor.py:830} INFO - Processing file /opt/airflow/dags/supermarket_etl_pipeline.py for tasks to queue
[2026-08-27T04:06:28.729+0000] {logging_mixin.py:188} INFO - [2026-08-27T04:06:28.729+0000] {dagbag.py:538} INFO - Filling up the DagBag from /opt/airflow/dags/supermarket_etl_pipeline.py
[2026-08-27T04:06:28.958+0000] {processor.py:840} INFO - DAG(s) 'supermarket_etl_pipeline' retrieved from /opt/airflow/dags/supermarket_etl_pipeline.py
[2026-08-27T04:06:28.980+0000] {logging_mixin.py:188} INFO - [2026-08-27T04:06:28.980+0000] {dag.py:3036} INFO - Sync 1 DAGs
[2026-08-27T04:06:28.990+0000] {logging_mixin.py:188} INFO - [2026-08-27T04:06:28.990+0000] {dag.py:3823} INFO - Setting next_dagrun for supermarket_etl_pipeline to None, run_after=None
[2026-08-27T04:06:29.008+0000] {processor.py:183} INFO - Processing /opt/airflow/dags/supermarket_etl_pipeline.py took 0.285 seconds
[2026-08-27T04:06:59.136+0000] {processor.py:161} INFO - Started process (PID=2025) to work on /opt/airflow/dags/supermarket_etl_pipeline.py
[2026-08-27T04:06:59.138+0000] {processor.py:830} INFO - Processing file /opt/airflow/dags/supermarket_etl_pipeline.py for tasks to queue
[2026-08-27T04:06:59.140+0000] {logging_mixin.py:188} INFO - [2026-08-27T04:06:59.140+0000] {dagbag.py:538} INFO - Filling up the DagBag from /opt/airflow/dags/supermarket_etl_pipeline.py
[2026-08-27T04:06:59.366+0000] {processor.py:840} INFO - DAG(s) 'supermarket_etl_pipeline' retrieved from /opt/airflow/dags/supermarket_etl_pipeline.py
[2026-08-27T04:06:59.387+0000] {logging_mixin.py:188} INFO - [2026-08-27T04:06:59.387+0000] {dag.py:3036} INFO - Sync 1 DAGs
[2026-08-27T04:06:59.398+0000] {logging_mixin.py:188} INFO - [2026-08-27T04:06:59.397+0000] {dag.py:3823} INFO - Setting next_dagrun for supermarket_etl_pipeline to None, run_after=None
[2026-08-27T04:06:59.419+0000] {processor.py:183} INFO - Processing /opt/airflow/dags/supermarket_etl_pipeline.py took 0.287 seconds
[2026-08-27T04:07:29.640+0000] {processor.py:161} INFO - Started process (PID=2031) to work on /opt/airflow/dags/supermarket_etl_pipeline.py
[2026-08-27T04:07:29.642+0000] {processor.py:830} INFO - Processing file /opt/airflow/dags/supermarket_etl_pipeline.py for tasks to queue
[2026-08-27T04:07:29.644+0000] {logging_mixin.py:188} INFO - [2026-08-27T04:07:29.644+0000] {dagbag.py:538} INFO - Filling up the DagBag from /opt/airflow/dags/supermarket_etl_pipeline.py
[2026-08-27T04:07:29.917+0000] {processor.py:840} INFO - DAG(s) 'supermarket_etl_pipeline' retrieved from /opt/airflow/dags/supermarket_etl_pipeline.py
[2026-08-27T04:07:29.939+0000] {logging_mixin.py:188} INFO - [2026-08-27T04:07:29.939+0000] {dag.py:3036} INFO - Sync 1 DAGs
[2026-08-27T04:07:29.950+0000] {logging_mixin.py:188} INFO - [2026-08-27T04:07:29.950+0000] {dag.py:3823} INFO - Setting next_dagrun for supermarket_etl_pipeline to None, run_after=None
[2026-08-27T04:07:29.980+0000] {processor.py:183} INFO - Processing /opt/airflow/dags/supermarket_etl_pipeline.py took 0.344 seconds
[2026-08-27T04:08:00.055+0000] {processor.py:161} INFO - Started process (PID=2037) to work on /opt/airflow/dags/supermarket_etl_pipeline.py
[2026-08-27T04:08:00.057+0000] {processor.py:830} INFO - Processing file /opt/airflow/dags/supermarket_etl_pipeline.py for tasks to queue
[2026-08-27T04:08:00.059+0000] {logging_mixin.py:188} INFO - [2026-08-27T04:08:00.059+0000] {dagbag.py:538} INFO - Filling up the DagBag from /opt/airflow/dags/supermarket_etl_pipeline.py
[2026-08-27T04:08:00.274+0000] {processor.py:840} INFO - DAG(s) 'supermarket_etl_pipeline' retrieved from /opt/airflow/dags/supermarket_etl_pipeline.py
[2026-08-27T04:08:00.297+0000] {logging_mixin.py:188} INFO - [2026-08-27T04:08:00.297+0000] {dag.py:3036} INFO - Sync 1 DAGs
[2026-08-27T04:08:00.307+0000] {logging_mixin.py:188} INFO - [2026-08-27T04:08:00.307+0000] {dag.py:3823} INFO - Setting next_dagrun for supermarket_etl_pipeline to None, run_after=None
[2026-08-27T04:08:00.326+0000] {processor.py:183} INFO - Processing /opt/airflow/dags/supermarket_etl_pipeline.py took 0.274 seconds
[2026-08-27T04:08:30.654+0000] {processor.py:161} INFO - Started process (PID=2043) to work on /opt/airflow/dags/supermarket_etl_pipeline.py
[2026-08-27T04:08:30.656+0000] {processor.py:830} INFO - Processing file /opt/airflow/dags/supermarket_etl_pipeline.py for tasks to queue
[2026-08-27T04:08:30.659+0000] {logging_mixin.py:188} INFO - [2026-08-27T04:08:30.658+0000] {dagbag.py:538} INFO - Filling up the DagBag from /opt/airflow/dags/supermarket_etl_pipeline.py
[2026-08-27T04:08:30.929+0000] {processor.py:840} INFO - DAG(s) 'supermarket_etl_pipeline' retrieved from /opt/airflow/dags/supermarket_etl_pipeline.py
[2026-08-27T04:08:30.957+0000] {logging_mixin.py:188} INFO - [2026-08-27T04:08:30.957+0000] {dag.py:3036} INFO - Sync 1 DAGs
[2026-08-27T04:08:30.969+0000] {logging_mixin.py:188} INFO - [2026-08-27T04:08:30.969+0000] {dag.py:3823} INFO - Setting next_dagrun for supermarket_etl_pipeline to None, run_after=None
[2026-08-27T04:08:30.990+0000] {processor.py:183} INFO - Processing /opt/airflow/dags/supermarket_etl_pipeline.py took 0.339 seconds
[2026-08-27T04:09:01.358+0000] {processor.py:161} INFO - Started process (PID=2049) to work on /opt/airflow/dags/supermarket_etl_pipeline.py
[2026-08-27T04:09:01.360+0000] {processor.py:830} INFO - Processing file /opt/airflow/dags/supermarket_etl_pipeline.py for tasks to queue
[2026-08-27T04:09:01.362+0000] {logging_mixin.py:188} INFO - [2026-08-27T04:09:01.362+0000] {dagbag.py:538} INFO - Filling up the DagBag from /opt/airflow/dags/supermarket_etl_pipeline.py
[2026-08-27T04:09:01.590+0000] {processor.py:840} INFO - DAG(s) 'supermarket_etl_pipeline' retrieved from /opt/airflow/dags/supermarket_etl_pipeline.py
[2026-08-27T04:09:01.616+0000] {logging_mixin.py:188} INFO - [2026-08-27T04:09:01.615+0000] {dag.py:3036} INFO - Sync 1 DAGs
[2026-08-27T04:09:01.629+0000] {logging_mixin.py:188} INFO - [2026-08-27T04:09:01.629+0000] {dag.py:3823} INFO - Setting next_dagrun for supermarket_etl_pipeline to None, run_after=None
[2026-08-27T04:09:01.652+0000] {processor.py:183} INFO - Processing /opt/airflow/dags/supermarket_etl_pipeline.py took 0.297 seconds
[2026-08-27T04:09:32.015+0000] {processor.py:161} INFO - Started process (PID=2055) to work on /opt/airflow/dags/supermarket_etl_pipeline.py
[2026-08-27T04:09:32.018+0000] {processor.py:830} INFO - Processing file /opt/airflow/dags/supermarket_etl_pipeline.py for tasks to queue
[2026-08-27T04:09:32.020+0000] {logging_mixin.py:188} INFO - [2026-08-27T04:09:32.020+0000] {dagbag.py:538} INFO - Filling up the DagBag from /opt/airflow/dags/supermarket_etl_pipeline.py
[2026-08-27T04:09:32.250+0000] {processor.py:840} INFO - DAG(s) 'supermarket_etl_pipeline' retrieved from /opt/airflow/dags/supermarket_etl_pipeline.py
[2026-08-27T04:09:32.274+0000] {logging_mixin.py:188} INFO - [2026-08-27T04:09:32.273+0000] {dag.py:3036} INFO - Sync 1 DAGs
[2026-08-27T04:09:32.284+0000] {logging_mixin.py:188} INFO - [2026-08-27T04:09:32.284+0000] {dag.py:3823} INFO - Setting next_dagrun for supermarket_etl_pipeline to None, run_after=None
[2026-08-27T04:09:32.303+0000] {processor.py:183} INFO - Processing /opt/airflow/dags/supermarket_etl_pipeline.py took 0.294 seconds
[2026-08-27T04:10:02.653+0000] {processor.py:161} INFO - Started process (PID=2061) to work on /opt/airflow/dags/supermarket_etl_pipeline.py
[2026-08-27T04:10:02.655+0000] {processor.py:830} INFO - Processing file /opt/airflow/dags/supermarket_etl_pipeline.py for tasks to queue
[2026-08-27T04:10:02.657+0000] {logging_mixin.py:188} INFO - [2026-08-27T04:10:02.657+0000] {dagbag.py:538} INFO - Filling up the DagBag from /opt/airflow/dags/supermarket_etl_pipeline.py
[2026-08-27T04:10:02.908+0000] {processor.py:840} INFO - DAG(s) 'supermarket_etl_pipeline' retrieved from /opt/airflow/dags/supermarket_etl_pipeline.py
[2026-08-27T04:10:02.931+0000] {logging_mixin.py:188} INFO - [2026-08-27T04:10:02.931+0000] {dag.py:3036} INFO - Sync 1 DAGs
[2026-08-27T04:10:02.940+0000] {logging_mixin.py:188} INFO - [2026-08-27T04:10:02.940+0000] {dag.py:3823} INFO - Setting next_dagrun for supermarket_etl_pipeline to None, run_after=None
[2026-08-27T04:10:02.961+0000] {processor.py:183} INFO - Processing /opt/airflow/dags/supermarket_etl_pipeline.py took 0.311 seconds
[2026-08-27T04:10:33.044+0000] {processor.py:161} INFO - Started process (PID=2067) to work on /opt/airflow/dags/supermarket_etl_pipeline.py
[2026-08-27T04:10:33.046+0000] {processor.py:830} INFO - Processing file /opt/airflow/dags/supermarket_etl_pipeline.py for tasks to queue
[2026-08-27T04:10:33.048+0000] {logging_mixin.py:188} INFO - [2026-08-27T04:10:33.048+0000] {dagbag.py:538} INFO - Filling up the DagBag from /opt/airflow/dags/supermarket_etl_pipeline.py
[2026-08-27T04:10:33.287+0000] {processor.py:840} INFO - DAG(s) 'supermarket_etl_pipeline' retrieved from /opt/airflow/dags/supermarket_etl_pipeline.py
[2026-08-27T04:10:33.307+0000] {logging_mixin.py:188} INFO - [2026-08-27T04:10:33.307+0000] {dag.py:3036} INFO - Sync 1 DAGs
[2026-08-27T04:10:33.317+0000] {logging_mixin.py:188} INFO - [2026-08-27T04:10:33.316+0000] {dag.py:3823} INFO - Setting next_dagrun for supermarket_etl_pipeline to None, run_after=None
[2026-08-27T04:10:33.335+0000] {processor.py:183} INFO - Processing /opt/airflow/dags/supermarket_etl_pipeline.py took 0.295 seconds
[2026-08-27T04:11:03.593+0000] {processor.py:161} INFO - Started process (PID=2073) to work on /opt/airflow/dags/supermarket_etl_pipeline.py
[2026-08-27T04:11:03.595+0000] {processor.py:830} INFO - Processing file /opt/airflow/dags/supermarket_etl_pipeline.py for tasks to queue
[2026-08-27T04:11:03.597+0000] {logging_mixin.py:188} INFO - [2026-08-27T04:11:03.597+0000] {dagbag.py:538} INFO - Filling up the DagBag from /opt/airflow/dags/supermarket_etl_pipeline.py
[2026-08-27T04:11:03.817+0000] {processor.py:840} INFO - DAG(s) 'supermarket_etl_pipeline' retrieved from /opt/airflow/dags/supermarket_etl_pipeline.py
[2026-08-27T04:11:03.841+0000] {logging_mixin.py:188} INFO - [2026-08-27T04:11:03.840+0000] {dag.py:3036} INFO - Sync 1 DAGs
[2026-08-27T04:11:03.852+0000] {logging_mixin.py:188} INFO - [2026-08-27T04:11:03.851+0000] {dag.py:3823} INFO - Setting next_dagrun for supermarket_etl_pipeline to None, run_after=None
[2026-08-27T04:11:03.873+0000] {processor.py:183} INFO - Processing /opt/airflow/dags/supermarket_etl_pipeline.py took 0.282 seconds
[2026-08-27T04:11:34.201+0000] {processor.py:161} INFO - Started process (PID=2079) to work on /opt/airflow/dags/supermarket_etl_pipeline.py
[2026-08-27T04:11:34.203+0000] {processor.py:830} INFO - Processing file /opt/airflow/dags/supermarket_etl_pipeline.py for tasks to queue
[2026-08-27T04:11:34.204+0000] {logging_mixin.py:188} INFO - [2026-08-27T04:11:34.204+0000] {dagbag.py:538} INFO - Filling up the DagBag from /opt/airflow/dags/supermarket_etl_pipeline.py
[2026-08-27T04:11:34.419+0000] {processor.py:840} INFO - DAG(s) 'supermarket_etl_pipeline' retrieved from /opt/airflow/dags/supermarket_etl_pipeline.py
[2026-08-27T04:11:34.442+0000] {logging_mixin.py:188} INFO - [2026-08-27T04:11:34.442+0000] {dag.py:3036} INFO - Sync 1 DAGs
[2026-08-27T04:11:34.453+0000] {logging_mixin.py:188} INFO - [2026-08-27T04:11:34.453+0000] {dag.py:3823} INFO - Setting next_dagrun for supermarket_etl_pipeline to None, run_after=None
[2026-08-27T04:11:34.469+0000] {processor.py:183} INFO - Processing /opt/airflow/dags/supermarket_etl_pipeline.py took 0.272 seconds
[2026-08-27T04:12:04.812+0000] {processor.py:161} INFO - Started process (PID=2085) to work on /opt/airflow/dags/supermarket_etl_pipeline.py
[2026-08-27T04:12:04.813+0000] {processor.py:830} INFO - Processing file /opt/airflow/dags/supermarket_etl_pipeline.py for tasks to queue
[2026-08-27T04:12:04.815+0000] {logging_mixin.py:188} INFO - [2026-08-27T04:12:04.815+0000] {dagbag.py:538} INFO - Filling up the DagBag from /opt/airflow/dags/supermarket_etl_pipeline.py
[2026-08-27T04:12:05.038+0000] {processor.py:840} INFO - DAG(s) 'supermarket_etl_pipeline' retrieved from /opt/airflow/dags/supermarket_etl_pipeline.py
[2026-08-27T04:12:05.059+0000] {logging_mixin.py:188} INFO - [2026-08-27T04:12:05.059+0000] {dag.py:3036} INFO - Sync 1 DAGs
[2026-08-27T04:12:05.069+0000] {logging_mixin.py:188} INFO - [2026-08-27T04:12:05.069+0000] {dag.py:3823} INFO - Setting next_dagrun for supermarket_etl_pipeline to None, run_after=None
[2026-08-27T04:12:05.090+0000] {processor.py:183} INFO - Processing /opt/airflow/dags/supermarket_etl_pipeline.py took 0.281 seconds
[2026-08-27T04:12:35.437+0000] {processor.py:161} INFO - Started process (PID=2091) to work on /opt/airflow/dags/supermarket_etl_pipeline.py
[2026-08-27T04:12:35.439+0000] {processor.py:830} INFO - Processing file /opt/airflow/dags/supermarket_etl_pipeline.py for tasks to queue
[2026-08-27T04:12:35.440+0000] {logging_mixin.py:188} INFO - [2026-08-27T04:12:35.440+0000] {dagbag.py:538} INFO - Filling up the DagBag from /opt/airflow/dags/supermarket_etl_pipeline.py
[2026-08-27T04:12:35.682+0000] {processor.py:840} INFO - DAG(s) 'supermarket_etl_pipeline' retrieved from /opt/airflow/dags/supermarket_etl_pipeline.py
[2026-08-27T04:12:35.717+0000] {logging_mixin.py:188} INFO - [2026-08-27T04:12:35.717+0000] {dag.py:3036} INFO - Sync 1 DAGs
[2026-08-27T04:12:35.727+0000] {logging_mixin.py:188} INFO - [2026-08-27T04:12:35.727+0000] {dag.py:3823} INFO - Setting next_dagrun for supermarket_etl_pipeline to None, run_after=None
[2026-08-27T04:12:35.745+0000] {processor.py:183} INFO - Processing /opt/airflow/dags/supermarket_etl_pipeline.py took 0.312 seconds
[2026-08-27T04:13:06.007+0000] {processor.py:161} INFO - Started process (PID=2097) to work on /opt/airflow/dags/supermarket_etl_pipeline.py
[2026-08-27T04:13:06.011+0000] {processor.py:830} INFO - Processing file /opt/airflow/dags/supermarket_etl_pipeline.py for tasks to queue
[2026-08-27T04:13:06.013+0000] {logging_mixin.py:188} INFO - [2026-08-27T04:13:06.013+0000] {dagbag.py:538} INFO - Filling up the DagBag from /opt/airflow/dags/supermarket_etl_pipeline.py
[2026-08-27T04:13:06.296+0000] {processor.py:840} INFO - DAG(s) 'supermarket_etl_pipeline' retrieved from /opt/airflow/dags/supermarket_etl_pipeline.py
[2026-08-27T04:13:06.327+0000] {logging_mixin.py:188} INFO - [2026-08-27T04:13:06.327+0000] {dag.py:3036} INFO - Sync 1 DAGs
[2026-08-27T04:13:06.340+0000] {logging_mixin.py:188} INFO - [2026-08-27T04:13:06.340+0000] {dag.py:3823} INFO - Setting next_dagrun for supermarket_etl_pipeline to None, run_after=None
[2026-08-27T04:13:06.367+0000] {processor.py:183} INFO - Processing /opt/airflow/dags/supermarket_etl_pipeline.py took 0.362 seconds
[2026-08-27T04:13:36.651+0000] {processor.py:161} INFO - Started process (PID=2103) to work on /opt/airflow/dags/supermarket_etl_pipeline.py
[2026-08-27T04:13:36.653+0000] {processor.py:830} INFO - Processing file /opt/airflow/dags/supermarket_etl_pipeline.py for tasks to queue
[2026-08-27T04:13:36.655+0000] {logging_mixin.py:188} INFO - [2026-08-27T04:13:36.655+0000] {dagbag.py:538} INFO - Filling up the DagBag from /opt/airflow/dags/supermarket_etl_pipeline.py
[2026-08-27T04:13:36.942+0000] {processor.py:840} INFO - DAG(s) 'supermarket_etl_pipeline' retrieved from /opt/airflow/dags/supermarket_etl_pipeline.py
[2026-08-27T04:13:36.969+0000] {logging_mixin.py:188} INFO - [2026-08-27T04:13:36.968+0000] {dag.py:3036} INFO - Sync 1 DAGs
[2026-08-27T04:13:36.979+0000] {logging_mixin.py:188} INFO - [2026-08-27T04:13:36.979+0000] {dag.py:3823} INFO - Setting next_dagrun for supermarket_etl_pipeline to None, run_after=None
[2026-08-27T04:13:36.997+0000] {processor.py:183} INFO - Processing /opt/airflow/dags/supermarket_etl_pipeline.py took 0.349 seconds
[2026-08-27T04:14:07.266+0000] {processor.py:161} INFO - Started process (PID=2109) to work on /opt/airflow/dags/supermarket_etl_pipeline.py
[2026-08-27T04:14:07.268+0000] {processor.py:830} INFO - Processing file /opt/airflow/dags/supermarket_etl_pipeline.py for tasks to queue
[2026-08-27T04:14:07.270+0000] {logging_mixin.py:188} INFO - [2026-08-27T04:14:07.269+0000] {dagbag.py:538} INFO - Filling up the DagBag from /opt/airflow/dags/supermarket_etl_pipeline.py
[2026-08-27T04:14:07.489+0000] {processor.py:840} INFO - DAG(s) 'supermarket_etl_pipeline' retrieved from /opt/airflow/dags/supermarket_etl_pipeline.py
[2026-08-27T04:14:07.517+0000] {logging_mixin.py:188} INFO - [2026-08-27T04:14:07.516+0000] {dag.py:3036} INFO - Sync 1 DAGs
[2026-08-27T04:14:07.530+0000] {logging_mixin.py:188} INFO - [2026-08-27T04:14:07.530+0000] {dag.py:3823} INFO - Setting next_dagrun for supermarket_etl_pipeline to None, run_after=None
[2026-08-27T04:14:07.554+0000] {processor.py:183} INFO - Processing /opt/airflow/dags/supermarket_etl_pipeline.py took 0.290 seconds
[2026-08-27T04:14:37.815+0000] {processor.py:161} INFO - Started process (PID=2115) to work on /opt/airflow/dags/supermarket_etl_pipeline.py
[2026-08-27T04:14:37.817+0000] {processor.py:830} INFO - Processing file /opt/airflow/dags/supermarket_etl_pipeline.py for tasks to queue
[2026-08-27T04:14:37.818+0000] {logging_mixin.py:188} INFO - [2026-08-27T04:14:37.818+0000] {dagbag.py:538} INFO - Filling up the DagBag from /opt/airflow/dags/supermarket_etl_pipeline.py
[2026-08-27T04:14:38.092+0000] {processor.py:840} INFO - DAG(s) 'supermarket_etl_pipeline' retrieved from /opt/airflow/dags/supermarket_etl_pipeline.py
[2026-08-27T04:14:38.132+0000] {logging_mixin.py:188} INFO - [2026-08-27T04:14:38.131+0000] {dag.py:3036} INFO - Sync 1 DAGs
[2026-08-27T04:14:38.145+0000] {logging_mixin.py:188} INFO - [2026-08-27T04:14:38.144+0000] {dag.py:3823} INFO - Setting next_dagrun for supermarket_etl_pipeline to None, run_after=None
[2026-08-27T04:14:38.170+0000] {processor.py:183} INFO - Processing /opt/airflow/dags/supermarket_etl_pipeline.py took 0.361 seconds
[2026-08-27T04:15:08.422+0000] {processor.py:161} INFO - Started process (PID=2121) to work on /opt/airflow/dags/supermarket_etl_pipeline.py
[2026-08-27T04:15:08.425+0000] {processor.py:830} INFO - Processing file /opt/airflow/dags/supermarket_etl_pipeline.py for tasks to queue
[2026-08-27T04:15:08.428+0000] {logging_mixin.py:188} INFO - [2026-08-27T04:15:08.427+0000] {dagbag.py:538} INFO - Filling up the DagBag from /opt/airflow/dags/supermarket_etl_pipeline.py
[2026-08-27T04:15:08.757+0000] {processor.py:840} INFO - DAG(s) 'supermarket_etl_pipeline' retrieved from /opt/airflow/dags/supermarket_etl_pipeline.py
[2026-08-27T04:15:08.791+0000] {logging_mixin.py:188} INFO - [2026-08-27T04:15:08.790+0000] {dag.py:3036} INFO - Sync 1 DAGs
[2026-08-27T04:15:08.804+0000] {logging_mixin.py:188} INFO - [2026-08-27T04:15:08.804+0000] {dag.py:3823} INFO - Setting next_dagrun for supermarket_etl_pipeline to None, run_after=None
[2026-08-27T04:15:08.831+0000] {processor.py:183} INFO - Processing /opt/airflow/dags/supermarket_etl_pipeline.py took 0.416 seconds
[2026-08-27T04:15:39.095+0000] {processor.py:161} INFO - Started process (PID=2127) to work on /opt/airflow/dags/supermarket_etl_pipeline.py
[2026-08-27T04:15:39.097+0000] {processor.py:830} INFO - Processing file /opt/airflow/dags/supermarket_etl_pipeline.py for tasks to queue
[2026-08-27T04:15:39.100+0000] {logging_mixin.py:188} INFO - [2026-08-27T04:15:39.099+0000] {dagbag.py:538} INFO - Filling up the DagBag from /opt/airflow/dags/supermarket_etl_pipeline.py
[2026-08-27T04:15:39.488+0000] {processor.py:840} INFO - DAG(s) 'supermarket_etl_pipeline' retrieved from /opt/airflow/dags/supermarket_etl_pipeline.py
[2026-08-27T04:15:39.532+0000] {logging_mixin.py:188} INFO - [2026-08-27T04:15:39.532+0000] {dag.py:3036} INFO - Sync 1 DAGs
[2026-08-27T04:15:39.552+0000] {logging_mixin.py:188} INFO - [2026-08-27T04:15:39.552+0000] {dag.py:3823} INFO - Setting next_dagrun for supermarket_etl_pipeline to None, run_after=None
[2026-08-27T04:15:39.590+0000] {processor.py:183} INFO - Processing /opt/airflow/dags/supermarket_etl_pipeline.py took 0.499 seconds
[2026-08-27T04:16:09.827+0000] {processor.py:161} INFO - Started process (PID=2133) to work on /opt/airflow/dags/supermarket_etl_pipeline.py
[2026-08-27T04:16:09.830+0000] {processor.py:830} INFO - Processing file /opt/airflow/dags/supermarket_etl_pipeline.py for tasks to queue
[2026-08-27T04:16:09.831+0000] {logging_mixin.py:188} INFO - [2026-08-27T04:16:09.831+0000] {dagbag.py:538} INFO - Filling up the DagBag from /opt/airflow/dags/supermarket_etl_pipeline.py
[2026-08-27T04:16:10.142+0000] {processor.py:840} INFO - DAG(s) 'supermarket_etl_pipeline' retrieved from /opt/airflow/dags/supermarket_etl_pipeline.py
[2026-08-27T04:16:10.177+0000] {logging_mixin.py:188} INFO - [2026-08-27T04:16:10.177+0000] {dag.py:3036} INFO - Sync 1 DAGs
[2026-08-27T04:16:10.193+0000] {logging_mixin.py:188} INFO - [2026-08-27T04:16:10.192+0000] {dag.py:3823} INFO - Setting next_dagrun for supermarket_etl_pipeline to None, run_after=None
[2026-08-27T04:16:10.219+0000] {processor.py:183} INFO - Processing /opt/airflow/dags/supermarket_etl_pipeline.py took 0.394 seconds
[2026-08-27T04:16:40.456+0000] {processor.py:161} INFO - Started process (PID=2139) to work on /opt/airflow/dags/supermarket_etl_pipeline.py
[2026-08-27T04:16:40.460+0000] {processor.py:830} INFO - Processing file /opt/airflow/dags/supermarket_etl_pipeline.py for tasks to queue
[2026-08-27T04:16:40.462+0000] {logging_mixin.py:188} INFO - [2026-08-27T04:16:40.462+0000] {dagbag.py:538} INFO - Filling up the DagBag from /opt/airflow/dags/supermarket_etl_pipeline.py
[2026-08-27T04:16:40.853+0000] {processor.py:840} INFO - DAG(s) 'supermarket_etl_pipeline' retrieved from /opt/airflow/dags/supermarket_etl_pipeline.py
[2026-08-27T04:16:40.903+0000] {logging_mixin.py:188} INFO - [2026-08-27T04:16:40.903+0000] {dag.py:3036} INFO - Sync 1 DAGs
[2026-08-27T04:16:40.929+0000] {logging_mixin.py:188} INFO - [2026-08-27T04:16:40.929+0000] {dag.py:3823} INFO - Setting next_dagrun for supermarket_etl_pipeline to None, run_after=None
[2026-08-27T04:16:40.974+0000] {processor.py:183} INFO - Processing /opt/airflow/dags/supermarket_etl_pipeline.py took 0.520 seconds
[2026-08-27T04:17:11.237+0000] {processor.py:161} INFO - Started process (PID=2145) to work on /opt/airflow/dags/supermarket_etl_pipeline.py
[2026-08-27T04:17:11.239+0000] {processor.py:830} INFO - Processing file /opt/airflow/dags/supermarket_etl_pipeline.py for tasks to queue
[2026-08-27T04:17:11.242+0000] {logging_mixin.py:188} INFO - [2026-08-27T04:17:11.242+0000] {dagbag.py:538} INFO - Filling up the DagBag from /opt/airflow/dags/supermarket_etl_pipeline.py
[2026-08-27T04:17:11.584+0000] {processor.py:840} INFO - DAG(s) 'supermarket_etl_pipeline' retrieved from /opt/airflow/dags/supermarket_etl_pipeline.py
[2026-08-27T04:17:11.621+0000] {logging_mixin.py:188} INFO - [2026-08-27T04:17:11.621+0000] {dag.py:3036} INFO - Sync 1 DAGs
[2026-08-27T04:17:11.638+0000] {logging_mixin.py:188} INFO - [2026-08-27T04:17:11.638+0000] {dag.py:3823} INFO - Setting next_dagrun for supermarket_etl_pipeline to None, run_after=None
[2026-08-27T04:17:11.670+0000] {processor.py:183} INFO - Processing /opt/airflow/dags/supermarket_etl_pipeline.py took 0.439 seconds
[2026-08-27T04:17:42.035+0000] {processor.py:161} INFO - Started process (PID=2151) to work on /opt/airflow/dags/supermarket_etl_pipeline.py
[2026-08-27T04:17:42.037+0000] {processor.py:830} INFO - Processing file /opt/airflow/dags/supermarket_etl_pipeline.py for tasks to queue
[2026-08-27T04:17:42.040+0000] {logging_mixin.py:188} INFO - [2026-08-27T04:17:42.039+0000] {dagbag.py:538} INFO - Filling up the DagBag from /opt/airflow/dags/supermarket_etl_pipeline.py
[2026-08-27T04:17:42.393+0000] {processor.py:840} INFO - DAG(s) 'supermarket_etl_pipeline' retrieved from /opt/airflow/dags/supermarket_etl_pipeline.py
[2026-08-27T04:17:42.426+0000] {logging_mixin.py:188} INFO - [2026-08-27T04:17:42.425+0000] {dag.py:3036} INFO - Sync 1 DAGs
[2026-08-27T04:17:42.440+0000] {logging_mixin.py:188} INFO - [2026-08-27T04:17:42.440+0000] {dag.py:3823} INFO - Setting next_dagrun for supermarket_etl_pipeline to None, run_after=None
[2026-08-27T04:17:42.471+0000] {processor.py:183} INFO - Processing /opt/airflow/dags/supermarket_etl_pipeline.py took 0.439 seconds
[2026-08-27T04:18:12.713+0000] {processor.py:161} INFO - Started process (PID=2157) to work on /opt/airflow/dags/supermarket_etl_pipeline.py
[2026-08-27T04:18:12.716+0000] {processor.py:830} INFO - Processing file /opt/airflow/dags/supermarket_etl_pipeline.py for tasks to queue
[2026-08-27T04:18:12.718+0000] {logging_mixin.py:188} INFO - [2026-08-27T04:18:12.718+0000] {dagbag.py:538} INFO - Filling up the DagBag from /opt/airflow/dags/supermarket_etl_pipeline.py
[2026-08-27T04:18:13.119+0000] {processor.py:840} INFO - DAG(s) 'supermarket_etl_pipeline' retrieved from /opt/airflow/dags/supermarket_etl_pipeline.py
[2026-08-27T04:18:13.162+0000] {logging_mixin.py:188} INFO - [2026-08-27T04:18:13.161+0000] {dag.py:3036} INFO - Sync 1 DAGs
[2026-08-27T04:18:13.188+0000] {logging_mixin.py:188} INFO - [2026-08-27T04:18:13.188+0000] {dag.py:3823} INFO - Setting next_dagrun for supermarket_etl_pipeline to None, run_after=None
[2026-08-27T04:18:13.226+0000] {processor.py:183} INFO - Processing /opt/airflow/dags/supermarket_etl_pipeline.py took 0.517 seconds
[2026-08-27T04:18:43.511+0000] {processor.py:161} INFO - Started process (PID=2163) to work on /opt/airflow/dags/supermarket_etl_pipeline.py
[2026-08-27T04:18:43.515+0000] {processor.py:830} INFO - Processing file /opt/airflow/dags/supermarket_etl_pipeline.py for tasks to queue
[2026-08-27T04:18:43.518+0000] {logging_mixin.py:188} INFO - [2026-08-27T04:18:43.518+0000] {dagbag.py:538} INFO - Filling up the DagBag from /opt/airflow/dags/supermarket_etl_pipeline.py
[2026-08-27T04:18:43.931+0000] {processor.py:840} INFO - DAG(s) 'supermarket_etl_pipeline' retrieved from /opt/airflow/dags/supermarket_etl_pipeline.py
[2026-08-27T04:18:43.976+0000] {logging_mixin.py:188} INFO - [2026-08-27T04:18:43.975+0000] {dag.py:3036} INFO - Sync 1 DAGs
[2026-08-27T04:18:43.994+0000] {logging_mixin.py:188} INFO - [2026-08-27T04:18:43.993+0000] {dag.py:3823} INFO - Setting next_dagrun for supermarket_etl_pipeline to None, run_after=None
[2026-08-27T04:18:44.038+0000] {processor.py:183} INFO - Processing /opt/airflow/dags/supermarket_etl_pipeline.py took 0.532 seconds
[2026-08-27T04:19:14.164+0000] {processor.py:161} INFO - Started process (PID=2169) to work on /opt/airflow/dags/supermarket_etl_pipeline.py
[2026-08-27T04:19:14.165+0000] {processor.py:830} INFO - Processing file /opt/airflow/dags/supermarket_etl_pipeline.py for tasks to queue
[2026-08-27T04:19:14.167+0000] {logging_mixin.py:188} INFO - [2026-08-27T04:19:14.167+0000] {dagbag.py:538} INFO - Filling up the DagBag from /opt/airflow/dags/supermarket_etl_pipeline.py
[2026-08-27T04:19:14.377+0000] {processor.py:840} INFO - DAG(s) 'supermarket_etl_pipeline' retrieved from /opt/airflow/dags/supermarket_etl_pipeline.py
[2026-08-27T04:19:14.396+0000] {logging_mixin.py:188} INFO - [2026-08-27T04:19:14.396+0000] {dag.py:3036} INFO - Sync 1 DAGs
[2026-08-27T04:19:14.406+0000] {logging_mixin.py:188} INFO - [2026-08-27T04:19:14.406+0000] {dag.py:3823} INFO - Setting next_dagrun for supermarket_etl_pipeline to None, run_after=None
[2026-08-27T04:19:14.428+0000] {processor.py:183} INFO - Processing /opt/airflow/dags/supermarket_etl_pipeline.py took 0.267 seconds
[2026-08-27T04:19:44.496+0000] {processor.py:161} INFO - Started process (PID=2175) to work on /opt/airflow/dags/supermarket_etl_pipeline.py
[2026-08-27T04:19:44.499+0000] {processor.py:830} INFO - Processing file /opt/airflow/dags/supermarket_etl_pipeline.py for tasks to queue
[2026-08-27T04:19:44.502+0000] {logging_mixin.py:188} INFO - [2026-08-27T04:19:44.501+0000] {dagbag.py:538} INFO - Filling up the DagBag from /opt/airflow/dags/supermarket_etl_pipeline.py
[2026-08-27T04:19:44.892+0000] {processor.py:840} INFO - DAG(s) 'supermarket_etl_pipeline' retrieved from /opt/airflow/dags/supermarket_etl_pipeline.py
[2026-08-27T04:19:44.939+0000] {logging_mixin.py:188} INFO - [2026-08-27T04:19:44.938+0000] {dag.py:3036} INFO - Sync 1 DAGs
[2026-08-27T04:19:44.961+0000] {logging_mixin.py:188} INFO - [2026-08-27T04:19:44.961+0000] {dag.py:3823} INFO - Setting next_dagrun for supermarket_etl_pipeline to None, run_after=None
[2026-08-27T04:19:45.004+0000] {processor.py:183} INFO - Processing /opt/airflow/dags/supermarket_etl_pipeline.py took 0.511 seconds
[2026-08-27T04:20:15.275+0000] {processor.py:161} INFO - Started process (PID=2181) to work on /opt/airflow/dags/supermarket_etl_pipeline.py
[2026-08-27T04:20:15.277+0000] {processor.py:830} INFO - Processing file /opt/airflow/dags/supermarket_etl_pipeline.py for tasks to queue
[2026-08-27T04:20:15.280+0000] {logging_mixin.py:188} INFO - [2026-08-27T04:20:15.279+0000] {dagbag.py:538} INFO - Filling up the DagBag from /opt/airflow/dags/supermarket_etl_pipeline.py
[2026-08-27T04:20:15.670+0000] {processor.py:840} INFO - DAG(s) 'supermarket_etl_pipeline' retrieved from /opt/airflow/dags/supermarket_etl_pipeline.py
[2026-08-27T04:20:15.722+0000] {logging_mixin.py:188} INFO - [2026-08-27T04:20:15.722+0000] {dag.py:3036} INFO - Sync 1 DAGs
[2026-08-27T04:20:15.750+0000] {logging_mixin.py:188} INFO - [2026-08-27T04:20:15.750+0000] {dag.py:3823} INFO - Setting next_dagrun for supermarket_etl_pipeline to None, run_after=None
[2026-08-27T04:20:15.788+0000] {processor.py:183} INFO - Processing /opt/airflow/dags/supermarket_etl_pipeline.py took 0.518 seconds
[2026-08-27T04:20:46.054+0000] {processor.py:161} INFO - Started process (PID=2187) to work on /opt/airflow/dags/supermarket_etl_pipeline.py
[2026-08-27T04:20:46.056+0000] {processor.py:830} INFO - Processing file /opt/airflow/dags/supermarket_etl_pipeline.py for tasks to queue
[2026-08-27T04:20:46.058+0000] {logging_mixin.py:188} INFO - [2026-08-27T04:20:46.057+0000] {dagbag.py:538} INFO - Filling up the DagBag from /opt/airflow/dags/supermarket_etl_pipeline.py
[2026-08-27T04:20:46.428+0000] {processor.py:840} INFO - DAG(s) 'supermarket_etl_pipeline' retrieved from /opt/airflow/dags/supermarket_etl_pipeline.py
[2026-08-27T04:20:46.460+0000] {logging_mixin.py:188} INFO - [2026-08-27T04:20:46.460+0000] {dag.py:3036} INFO - Sync 1 DAGs
[2026-08-27T04:20:46.477+0000] {logging_mixin.py:188} INFO - [2026-08-27T04:20:46.476+0000] {dag.py:3823} INFO - Setting next_dagrun for supermarket_etl_pipeline to None, run_after=None
[2026-08-27T04:20:46.504+0000] {processor.py:183} INFO - Processing /opt/airflow/dags/supermarket_etl_pipeline.py took 0.454 seconds
[2026-08-27T04:21:16.686+0000] {processor.py:161} INFO - Started process (PID=2193) to work on /opt/airflow/dags/supermarket_etl_pipeline.py
[2026-08-27T04:21:16.689+0000] {processor.py:830} INFO - Processing file /opt/airflow/dags/supermarket_etl_pipeline.py for tasks to queue
[2026-08-27T04:21:16.692+0000] {logging_mixin.py:188} INFO - [2026-08-27T04:21:16.691+0000] {dagbag.py:538} INFO - Filling up the DagBag from /opt/airflow/dags/supermarket_etl_pipeline.py
[2026-08-27T04:21:17.132+0000] {processor.py:840} INFO - DAG(s) 'supermarket_etl_pipeline' retrieved from /opt/airflow/dags/supermarket_etl_pipeline.py
[2026-08-27T04:21:17.180+0000] {logging_mixin.py:188} INFO - [2026-08-27T04:21:17.179+0000] {dag.py:3036} INFO - Sync 1 DAGs
[2026-08-27T04:21:17.196+0000] {logging_mixin.py:188} INFO - [2026-08-27T04:21:17.195+0000] {dag.py:3823} INFO - Setting next_dagrun for supermarket_etl_pipeline to None, run_after=None
[2026-08-27T04:21:17.253+0000] {processor.py:183} INFO - Processing /opt/airflow/dags/supermarket_etl_pipeline.py took 0.571 seconds
[2026-08-27T04:21:47.531+0000] {processor.py:161} INFO - Started process (PID=2199) to work on /opt/airflow/dags/supermarket_etl_pipeline.py
[2026-08-27T04:21:47.535+0000] {processor.py:830} INFO - Processing file /opt/airflow/dags/supermarket_etl_pipeline.py for tasks to queue
[2026-08-27T04:21:47.538+0000] {logging_mixin.py:188} INFO - [2026-08-27T04:21:47.538+0000] {dagbag.py:538} INFO - Filling up the DagBag from /opt/airflow/dags/supermarket_etl_pipeline.py
[2026-08-27T04:21:47.956+0000] {processor.py:840} INFO - DAG(s) 'supermarket_etl_pipeline' retrieved from /opt/airflow/dags/supermarket_etl_pipeline.py
[2026-08-27T04:21:48.001+0000] {logging_mixin.py:188} INFO - [2026-08-27T04:21:48.001+0000] {dag.py:3036} INFO - Sync 1 DAGs
[2026-08-27T04:21:48.024+0000] {logging_mixin.py:188} INFO - [2026-08-27T04:21:48.024+0000] {dag.py:3823} INFO - Setting next_dagrun for supermarket_etl_pipeline to None, run_after=None
[2026-08-27T04:21:48.070+0000] {processor.py:183} INFO - Processing /opt/airflow/dags/supermarket_etl_pipeline.py took 0.547 seconds
[2026-08-27T04:22:18.246+0000] {processor.py:161} INFO - Started process (PID=2205) to work on /opt/airflow/dags/supermarket_etl_pipeline.py
[2026-08-27T04:22:18.249+0000] {processor.py:830} INFO - Processing file /opt/airflow/dags/supermarket_etl_pipeline.py for tasks to queue
[2026-08-27T04:22:18.251+0000] {logging_mixin.py:188} INFO - [2026-08-27T04:22:18.250+0000] {dagbag.py:538} INFO - Filling up the DagBag from /opt/airflow/dags/supermarket_etl_pipeline.py
[2026-08-27T04:22:18.522+0000] {processor.py:840} INFO - DAG(s) 'supermarket_etl_pipeline' retrieved from /opt/airflow/dags/supermarket_etl_pipeline.py
[2026-08-27T04:22:18.553+0000] {logging_mixin.py:188} INFO - [2026-08-27T04:22:18.553+0000] {dag.py:3036} INFO - Sync 1 DAGs
[2026-08-27T04:22:18.565+0000] {logging_mixin.py:188} INFO - [2026-08-27T04:22:18.565+0000] {dag.py:3823} INFO - Setting next_dagrun for supermarket_etl_pipeline to None, run_after=None
[2026-08-27T04:22:18.590+0000] {processor.py:183} INFO - Processing /opt/airflow/dags/supermarket_etl_pipeline.py took 0.349 seconds
[2026-08-27T04:22:48.857+0000] {processor.py:161} INFO - Started process (PID=2211) to work on /opt/airflow/dags/supermarket_etl_pipeline.py
[2026-08-27T04:22:48.859+0000] {processor.py:830} INFO - Processing file /opt/airflow/dags/supermarket_etl_pipeline.py for tasks to queue
[2026-08-27T04:22:48.862+0000] {logging_mixin.py:188} INFO - [2026-08-27T04:22:48.861+0000] {dagbag.py:538} INFO - Filling up the DagBag from /opt/airflow/dags/supermarket_etl_pipeline.py
[2026-08-27T04:22:49.069+0000] {processor.py:840} INFO - DAG(s) 'supermarket_etl_pipeline' retrieved from /opt/airflow/dags/supermarket_etl_pipeline.py
[2026-08-27T04:22:49.093+0000] {logging_mixin.py:188} INFO - [2026-08-27T04:22:49.093+0000] {dag.py:3036} INFO - Sync 1 DAGs
[2026-08-27T04:22:49.102+0000] {logging_mixin.py:188} INFO - [2026-08-27T04:22:49.102+0000] {dag.py:3823} INFO - Setting next_dagrun for supermarket_etl_pipeline to None, run_after=None
[2026-08-27T04:22:49.120+0000] {processor.py:183} INFO - Processing /opt/airflow/dags/supermarket_etl_pipeline.py took 0.265 seconds
[2026-08-27T04:23:19.435+0000] {processor.py:161} INFO - Started process (PID=2217) to work on /opt/airflow/dags/supermarket_etl_pipeline.py
[2026-08-27T04:23:19.437+0000] {processor.py:830} INFO - Processing file /opt/airflow/dags/supermarket_etl_pipeline.py for tasks to queue
[2026-08-27T04:23:19.438+0000] {logging_mixin.py:188} INFO - [2026-08-27T04:23:19.438+0000] {dagbag.py:538} INFO - Filling up the DagBag from /opt/airflow/dags/supermarket_etl_pipeline.py
[2026-08-27T04:23:19.647+0000] {processor.py:840} INFO - DAG(s) 'supermarket_etl_pipeline' retrieved from /opt/airflow/dags/supermarket_etl_pipeline.py
[2026-08-27T04:23:19.668+0000] {logging_mixin.py:188} INFO - [2026-08-27T04:23:19.668+0000] {dag.py:3036} INFO - Sync 1 DAGs
[2026-08-27T04:23:19.678+0000] {logging_mixin.py:188} INFO - [2026-08-27T04:23:19.678+0000] {dag.py:3823} INFO - Setting next_dagrun for supermarket_etl_pipeline to None, run_after=None
[2026-08-27T04:23:19.699+0000] {processor.py:183} INFO - Processing /opt/airflow/dags/supermarket_etl_pipeline.py took 0.267 seconds
[2026-08-27T04:23:49.995+0000] {processor.py:161} INFO - Started process (PID=2223) to work on /opt/airflow/dags/supermarket_etl_pipeline.py
[2026-08-27T04:23:49.996+0000] {processor.py:830} INFO - Processing file /opt/airflow/dags/supermarket_etl_pipeline.py for tasks to queue
[2026-08-27T04:23:49.998+0000] {logging_mixin.py:188} INFO - [2026-08-27T04:23:49.998+0000] {dagbag.py:538} INFO - Filling up the DagBag from /opt/airflow/dags/supermarket_etl_pipeline.py
[2026-08-27T04:23:50.217+0000] {processor.py:840} INFO - DAG(s) 'supermarket_etl_pipeline' retrieved from /opt/airflow/dags/supermarket_etl_pipeline.py
[2026-08-27T04:23:50.239+0000] {logging_mixin.py:188} INFO - [2026-08-27T04:23:50.239+0000] {dag.py:3036} INFO - Sync 1 DAGs
[2026-08-27T04:23:50.250+0000] {logging_mixin.py:188} INFO - [2026-08-27T04:23:50.250+0000] {dag.py:3823} INFO - Setting next_dagrun for supermarket_etl_pipeline to None, run_after=None
[2026-08-27T04:23:50.269+0000] {processor.py:183} INFO - Processing /opt/airflow/dags/supermarket_etl_pipeline.py took 0.277 seconds
[2026-08-27T04:24:20.547+0000] {processor.py:161} INFO - Started process (PID=2229) to work on /opt/airflow/dags/supermarket_etl_pipeline.py
[2026-08-27T04:24:20.548+0000] {processor.py:830} INFO - Processing file /opt/airflow/dags/supermarket_etl_pipeline.py for tasks to queue
[2026-08-27T04:24:20.550+0000] {logging_mixin.py:188} INFO - [2026-08-27T04:24:20.550+0000] {dagbag.py:538} INFO - Filling up the DagBag from /opt/airflow/dags/supermarket_etl_pipeline.py
[2026-08-27T04:24:20.753+0000] {processor.py:840} INFO - DAG(s) 'supermarket_etl_pipeline' retrieved from /opt/airflow/dags/supermarket_etl_pipeline.py
[2026-08-27T04:24:20.775+0000] {logging_mixin.py:188} INFO - [2026-08-27T04:24:20.775+0000] {dag.py:3036} INFO - Sync 1 DAGs
[2026-08-27T04:24:20.785+0000] {logging_mixin.py:188} INFO - [2026-08-27T04:24:20.785+0000] {dag.py:3823} INFO - Setting next_dagrun for supermarket_etl_pipeline to None, run_after=None
[2026-08-27T04:24:20.802+0000] {processor.py:183} INFO - Processing /opt/airflow/dags/supermarket_etl_pipeline.py took 0.257 seconds
[2026-08-27T04:24:51.116+0000] {processor.py:161} INFO - Started process (PID=2235) to work on /opt/airflow/dags/supermarket_etl_pipeline.py
[2026-08-27T04:24:51.118+0000] {processor.py:830} INFO - Processing file /opt/airflow/dags/supermarket_etl_pipeline.py for tasks to queue
[2026-08-27T04:24:51.121+0000] {logging_mixin.py:188} INFO - [2026-08-27T04:24:51.120+0000] {dagbag.py:538} INFO - Filling up the DagBag from /opt/airflow/dags/supermarket_etl_pipeline.py
[2026-08-27T04:24:51.336+0000] {processor.py:840} INFO - DAG(s) 'supermarket_etl_pipeline' retrieved from /opt/airflow/dags/supermarket_etl_pipeline.py
[2026-08-27T04:24:51.358+0000] {logging_mixin.py:188} INFO - [2026-08-27T04:24:51.358+0000] {dag.py:3036} INFO - Sync 1 DAGs
[2026-08-27T04:24:51.367+0000] {logging_mixin.py:188} INFO - [2026-08-27T04:24:51.367+0000] {dag.py:3823} INFO - Setting next_dagrun for supermarket_etl_pipeline to None, run_after=None
[2026-08-27T04:24:51.388+0000] {processor.py:183} INFO - Processing /opt/airflow/dags/supermarket_etl_pipeline.py took 0.275 seconds
[2026-08-27T04:25:21.662+0000] {processor.py:161} INFO - Started process (PID=2241) to work on /opt/airflow/dags/supermarket_etl_pipeline.py
[2026-08-27T04:25:21.664+0000] {processor.py:830} INFO - Processing file /opt/airflow/dags/supermarket_etl_pipeline.py for tasks to queue
[2026-08-27T04:25:21.665+0000] {logging_mixin.py:188} INFO - [2026-08-27T04:25:21.665+0000] {dagbag.py:538} INFO - Filling up the DagBag from /opt/airflow/dags/supermarket_etl_pipeline.py
[2026-08-27T04:25:21.932+0000] {processor.py:840} INFO - DAG(s) 'supermarket_etl_pipeline' retrieved from /opt/airflow/dags/supermarket_etl_pipeline.py
[2026-08-27T04:25:21.973+0000] {logging_mixin.py:188} INFO - [2026-08-27T04:25:21.973+0000] {dag.py:3036} INFO - Sync 1 DAGs
[2026-08-27T04:25:21.990+0000] {logging_mixin.py:188} INFO - [2026-08-27T04:25:21.989+0000] {dag.py:3823} INFO - Setting next_dagrun for supermarket_etl_pipeline to None, run_after=None
[2026-08-27T04:25:22.026+0000] {processor.py:183} INFO - Processing /opt/airflow/dags/supermarket_etl_pipeline.py took 0.367 seconds
[2026-08-27T04:25:52.261+0000] {processor.py:161} INFO - Started process (PID=2247) to work on /opt/airflow/dags/supermarket_etl_pipeline.py
[2026-08-27T04:25:52.263+0000] {processor.py:830} INFO - Processing file /opt/airflow/dags/supermarket_etl_pipeline.py for tasks to queue
[2026-08-27T04:25:52.265+0000] {logging_mixin.py:188} INFO - [2026-08-27T04:25:52.265+0000] {dagbag.py:538} INFO - Filling up the DagBag from /opt/airflow/dags/supermarket_etl_pipeline.py
[2026-08-27T04:25:52.561+0000] {processor.py:840} INFO - DAG(s) 'supermarket_etl_pipeline' retrieved from /opt/airflow/dags/supermarket_etl_pipeline.py
[2026-08-27T04:25:52.593+0000] {logging_mixin.py:188} INFO - [2026-08-27T04:25:52.592+0000] {dag.py:3036} INFO - Sync 1 DAGs
[2026-08-27T04:25:52.607+0000] {logging_mixin.py:188} INFO - [2026-08-27T04:25:52.607+0000] {dag.py:3823} INFO - Setting next_dagrun for supermarket_etl_pipeline to None, run_after=None
[2026-08-27T04:25:52.635+0000] {processor.py:183} INFO - Processing /opt/airflow/dags/supermarket_etl_pipeline.py took 0.378 seconds
[2026-08-27T04:26:22.877+0000] {processor.py:161} INFO - Started process (PID=2253) to work on /opt/airflow/dags/supermarket_etl_pipeline.py
[2026-08-27T04:26:22.879+0000] {processor.py:830} INFO - Processing file /opt/airflow/dags/supermarket_etl_pipeline.py for tasks to queue
[2026-08-27T04:26:22.881+0000] {logging_mixin.py:188} INFO - [2026-08-27T04:26:22.880+0000] {dagbag.py:538} INFO - Filling up the DagBag from /opt/airflow/dags/supermarket_etl_pipeline.py
[2026-08-27T04:26:23.142+0000] {processor.py:840} INFO - DAG(s) 'supermarket_etl_pipeline' retrieved from /opt/airflow/dags/supermarket_etl_pipeline.py
[2026-08-27T04:26:23.175+0000] {logging_mixin.py:188} INFO - [2026-08-27T04:26:23.174+0000] {dag.py:3036} INFO - Sync 1 DAGs
[2026-08-27T04:26:23.189+0000] {logging_mixin.py:188} INFO - [2026-08-27T04:26:23.189+0000] {dag.py:3823} INFO - Setting next_dagrun for supermarket_etl_pipeline to None, run_after=None
[2026-08-27T04:26:23.215+0000] {processor.py:183} INFO - Processing /opt/airflow/dags/supermarket_etl_pipeline.py took 0.340 seconds
[2026-08-27T04:26:53.452+0000] {processor.py:161} INFO - Started process (PID=2259) to work on /opt/airflow/dags/supermarket_etl_pipeline.py
[2026-08-27T04:26:53.454+0000] {processor.py:830} INFO - Processing file /opt/airflow/dags/supermarket_etl_pipeline.py for tasks to queue
[2026-08-27T04:26:53.456+0000] {logging_mixin.py:188} INFO - [2026-08-27T04:26:53.455+0000] {dagbag.py:538} INFO - Filling up the DagBag from /opt/airflow/dags/supermarket_etl_pipeline.py
[2026-08-27T04:26:53.683+0000] {processor.py:840} INFO - DAG(s) 'supermarket_etl_pipeline' retrieved from /opt/airflow/dags/supermarket_etl_pipeline.py
[2026-08-27T04:26:53.705+0000] {logging_mixin.py:188} INFO - [2026-08-27T04:26:53.705+0000] {dag.py:3036} INFO - Sync 1 DAGs
[2026-08-27T04:26:53.716+0000] {logging_mixin.py:188} INFO - [2026-08-27T04:26:53.716+0000] {dag.py:3823} INFO - Setting next_dagrun for supermarket_etl_pipeline to None, run_after=None
[2026-08-27T04:26:53.735+0000] {processor.py:183} INFO - Processing /opt/airflow/dags/supermarket_etl_pipeline.py took 0.286 seconds
[2026-08-27T04:27:24.009+0000] {processor.py:161} INFO - Started process (PID=2265) to work on /opt/airflow/dags/supermarket_etl_pipeline.py
[2026-08-27T04:27:24.010+0000] {processor.py:830} INFO - Processing file /opt/airflow/dags/supermarket_etl_pipeline.py for tasks to queue
[2026-08-27T04:27:24.012+0000] {logging_mixin.py:188} INFO - [2026-08-27T04:27:24.012+0000] {dagbag.py:538} INFO - Filling up the DagBag from /opt/airflow/dags/supermarket_etl_pipeline.py
[2026-08-27T04:27:24.223+0000] {processor.py:840} INFO - DAG(s) 'supermarket_etl_pipeline' retrieved from /opt/airflow/dags/supermarket_etl_pipeline.py
[2026-08-27T04:27:24.243+0000] {logging_mixin.py:188} INFO - [2026-08-27T04:27:24.243+0000] {dag.py:3036} INFO - Sync 1 DAGs
[2026-08-27T04:27:24.252+0000] {logging_mixin.py:188} INFO - [2026-08-27T04:27:24.252+0000] {dag.py:3823} INFO - Setting next_dagrun for supermarket_etl_pipeline to None, run_after=None
[2026-08-27T04:27:24.270+0000] {processor.py:183} INFO - Processing /opt/airflow/dags/supermarket_etl_pipeline.py took 0.264 seconds
[2026-08-27T04:27:54.522+0000] {processor.py:161} INFO - Started process (PID=2271) to work on /opt/airflow/dags/supermarket_etl_pipeline.py
[2026-08-27T04:27:54.524+0000] {processor.py:830} INFO - Processing file /opt/airflow/dags/supermarket_etl_pipeline.py for tasks to queue
[2026-08-27T04:27:54.526+0000] {logging_mixin.py:188} INFO - [2026-08-27T04:27:54.526+0000] {dagbag.py:538} INFO - Filling up the DagBag from /opt/airflow/dags/supermarket_etl_pipeline.py
[2026-08-27T04:27:54.790+0000] {processor.py:840} INFO - DAG(s) 'supermarket_etl_pipeline' retrieved from /opt/airflow/dags/supermarket_etl_pipeline.py
[2026-08-27T04:27:54.819+0000] {logging_mixin.py:188} INFO - [2026-08-27T04:27:54.818+0000] {dag.py:3036} INFO - Sync 1 DAGs
[2026-08-27T04:27:54.834+0000] {logging_mixin.py:188} INFO - [2026-08-27T04:27:54.834+0000] {dag.py:3823} INFO - Setting next_dagrun for supermarket_etl_pipeline to None, run_after=None
[2026-08-27T04:27:54.861+0000] {processor.py:183} INFO - Processing /opt/airflow/dags/supermarket_etl_pipeline.py took 0.343 seconds
[2026-08-27T04:28:25.076+0000] {processor.py:161} INFO - Started process (PID=2277) to work on /opt/airflow/dags/supermarket_etl_pipeline.py
[2026-08-27T04:28:25.077+0000] {processor.py:830} INFO - Processing file /opt/airflow/dags/supermarket_etl_pipeline.py for tasks to queue
[2026-08-27T04:28:25.078+0000] {logging_mixin.py:188} INFO - [2026-08-27T04:28:25.077+0000] {dagbag.py:538} INFO - Filling up the DagBag from /opt/airflow/dags/supermarket_etl_pipeline.py
[2026-08-27T04:28:25.280+0000] {processor.py:840} INFO - DAG(s) 'supermarket_etl_pipeline' retrieved from /opt/airflow/dags/supermarket_etl_pipeline.py
[2026-08-27T04:28:25.303+0000] {logging_mixin.py:188} INFO - [2026-08-27T04:28:25.303+0000] {dag.py:3036} INFO - Sync 1 DAGs
[2026-08-27T04:28:25.313+0000] {logging_mixin.py:188} INFO - [2026-08-27T04:28:25.312+0000] {dag.py:3823} INFO - Setting next_dagrun for supermarket_etl_pipeline to None, run_after=None
[2026-08-27T04:28:25.333+0000] {processor.py:183} INFO - Processing /opt/airflow/dags/supermarket_etl_pipeline.py took 0.260 seconds
[2026-08-27T04:28:55.594+0000] {processor.py:161} INFO - Started process (PID=2283) to work on /opt/airflow/dags/supermarket_etl_pipeline.py
[2026-08-27T04:28:55.597+0000] {processor.py:830} INFO - Processing file /opt/airflow/dags/supermarket_etl_pipeline.py for tasks to queue
[2026-08-27T04:28:55.598+0000] {logging_mixin.py:188} INFO - [2026-08-27T04:28:55.598+0000] {dagbag.py:538} INFO - Filling up the DagBag from /opt/airflow/dags/supermarket_etl_pipeline.py
[2026-08-27T04:28:55.832+0000] {processor.py:840} INFO - DAG(s) 'supermarket_etl_pipeline' retrieved from /opt/airflow/dags/supermarket_etl_pipeline.py
[2026-08-27T04:28:55.860+0000] {logging_mixin.py:188} INFO - [2026-08-27T04:28:55.860+0000] {dag.py:3036} INFO - Sync 1 DAGs
[2026-08-27T04:28:55.872+0000] {logging_mixin.py:188} INFO - [2026-08-27T04:28:55.872+0000] {dag.py:3823} INFO - Setting next_dagrun for supermarket_etl_pipeline to None, run_after=None
[2026-08-27T04:28:55.898+0000] {processor.py:183} INFO - Processing /opt/airflow/dags/supermarket_etl_pipeline.py took 0.306 seconds
[2026-08-27T04:29:26.127+0000] {processor.py:161} INFO - Started process (PID=2289) to work on /opt/airflow/dags/supermarket_etl_pipeline.py
[2026-08-27T04:29:26.129+0000] {processor.py:830} INFO - Processing file /opt/airflow/dags/supermarket_etl_pipeline.py for tasks to queue
[2026-08-27T04:29:26.132+0000] {logging_mixin.py:188} INFO - [2026-08-27T04:29:26.132+0000] {dagbag.py:538} INFO - Filling up the DagBag from /opt/airflow/dags/supermarket_etl_pipeline.py
[2026-08-27T04:29:26.351+0000] {processor.py:840} INFO - DAG(s) 'supermarket_etl_pipeline' retrieved from /opt/airflow/dags/supermarket_etl_pipeline.py
[2026-08-27T04:29:26.374+0000] {logging_mixin.py:188} INFO - [2026-08-27T04:29:26.373+0000] {dag.py:3036} INFO - Sync 1 DAGs
[2026-08-27T04:29:26.385+0000] {logging_mixin.py:188} INFO - [2026-08-27T04:29:26.384+0000] {dag.py:3823} INFO - Setting next_dagrun for supermarket_etl_pipeline to None, run_after=None
[2026-08-27T04:29:26.403+0000] {processor.py:183} INFO - Processing /opt/airflow/dags/supermarket_etl_pipeline.py took 0.279 seconds
[2026-08-27T04:29:56.643+0000] {processor.py:161} INFO - Started process (PID=2295) to work on /opt/airflow/dags/supermarket_etl_pipeline.py
[2026-08-27T04:29:56.645+0000] {processor.py:830} INFO - Processing file /opt/airflow/dags/supermarket_etl_pipeline.py for tasks to queue
[2026-08-27T04:29:56.647+0000] {logging_mixin.py:188} INFO - [2026-08-27T04:29:56.647+0000] {dagbag.py:538} INFO - Filling up the DagBag from /opt/airflow/dags/supermarket_etl_pipeline.py
[2026-08-27T04:29:56.873+0000] {processor.py:840} INFO - DAG(s) 'supermarket_etl_pipeline' retrieved from /opt/airflow/dags/supermarket_etl_pipeline.py
[2026-08-27T04:29:56.902+0000] {logging_mixin.py:188} INFO - [2026-08-27T04:29:56.902+0000] {dag.py:3036} INFO - Sync 1 DAGs
[2026-08-27T04:29:56.914+0000] {logging_mixin.py:188} INFO - [2026-08-27T04:29:56.914+0000] {dag.py:3823} INFO - Setting next_dagrun for supermarket_etl_pipeline to None, run_after=None
[2026-08-27T04:29:56.937+0000] {processor.py:183} INFO - Processing /opt/airflow/dags/supermarket_etl_pipeline.py took 0.296 seconds
[2026-08-27T04:30:27.174+0000] {processor.py:161} INFO - Started process (PID=2301) to work on /opt/airflow/dags/supermarket_etl_pipeline.py
[2026-08-27T04:30:27.176+0000] {processor.py:830} INFO - Processing file /opt/airflow/dags/supermarket_etl_pipeline.py for tasks to queue
[2026-08-27T04:30:27.177+0000] {logging_mixin.py:188} INFO - [2026-08-27T04:30:27.177+0000] {dagbag.py:538} INFO - Filling up the DagBag from /opt/airflow/dags/supermarket_etl_pipeline.py
[2026-08-27T04:30:27.391+0000] {processor.py:840} INFO - DAG(s) 'supermarket_etl_pipeline' retrieved from /opt/airflow/dags/supermarket_etl_pipeline.py
[2026-08-27T04:30:27.416+0000] {logging_mixin.py:188} INFO - [2026-08-27T04:30:27.415+0000] {dag.py:3036} INFO - Sync 1 DAGs
[2026-08-27T04:30:27.424+0000] {logging_mixin.py:188} INFO - [2026-08-27T04:30:27.424+0000] {dag.py:3823} INFO - Setting next_dagrun for supermarket_etl_pipeline to None, run_after=None
[2026-08-27T04:30:27.442+0000] {processor.py:183} INFO - Processing /opt/airflow/dags/supermarket_etl_pipeline.py took 0.270 seconds
[2026-08-27T04:30:57.687+0000] {processor.py:161} INFO - Started process (PID=2307) to work on /opt/airflow/dags/supermarket_etl_pipeline.py
[2026-08-27T04:30:57.689+0000] {processor.py:830} INFO - Processing file /opt/airflow/dags/supermarket_etl_pipeline.py for tasks to queue
[2026-08-27T04:30:57.690+0000] {logging_mixin.py:188} INFO - [2026-08-27T04:30:57.690+0000] {dagbag.py:538} INFO - Filling up the DagBag from /opt/airflow/dags/supermarket_etl_pipeline.py
[2026-08-27T04:30:57.911+0000] {processor.py:840} INFO - DAG(s) 'supermarket_etl_pipeline' retrieved from /opt/airflow/dags/supermarket_etl_pipeline.py
[2026-08-27T04:30:57.943+0000] {logging_mixin.py:188} INFO - [2026-08-27T04:30:57.943+0000] {dag.py:3036} INFO - Sync 1 DAGs
[2026-08-27T04:30:57.958+0000] {logging_mixin.py:188} INFO - [2026-08-27T04:30:57.958+0000] {dag.py:3823} INFO - Setting next_dagrun for supermarket_etl_pipeline to None, run_after=None
[2026-08-27T04:30:57.983+0000] {processor.py:183} INFO - Processing /opt/airflow/dags/supermarket_etl_pipeline.py took 0.299 seconds
[2026-08-27T04:31:28.290+0000] {processor.py:161} INFO - Started process (PID=2313) to work on /opt/airflow/dags/supermarket_etl_pipeline.py
[2026-08-27T04:31:28.291+0000] {processor.py:830} INFO - Processing file /opt/airflow/dags/supermarket_etl_pipeline.py for tasks to queue
[2026-08-27T04:31:28.292+0000] {logging_mixin.py:188} INFO - [2026-08-27T04:31:28.292+0000] {dagbag.py:538} INFO - Filling up the DagBag from /opt/airflow/dags/supermarket_etl_pipeline.py
[2026-08-27T04:31:28.516+0000] {processor.py:840} INFO - DAG(s) 'supermarket_etl_pipeline' retrieved from /opt/airflow/dags/supermarket_etl_pipeline.py
[2026-08-27T04:31:28.537+0000] {logging_mixin.py:188} INFO - [2026-08-27T04:31:28.537+0000] {dag.py:3036} INFO - Sync 1 DAGs
[2026-08-27T04:31:28.547+0000] {logging_mixin.py:188} INFO - [2026-08-27T04:31:28.547+0000] {dag.py:3823} INFO - Setting next_dagrun for supermarket_etl_pipeline to None, run_after=None
[2026-08-27T04:31:28.568+0000] {processor.py:183} INFO - Processing /opt/airflow/dags/supermarket_etl_pipeline.py took 0.281 seconds
[2026-08-27T04:31:58.662+0000] {processor.py:161} INFO - Started process (PID=2319) to work on /opt/airflow/dags/supermarket_etl_pipeline.py
[2026-08-27T04:31:58.665+0000] {processor.py:830} INFO - Processing file /opt/airflow/dags/supermarket_etl_pipeline.py for tasks to queue
[2026-08-27T04:31:58.668+0000] {logging_mixin.py:188} INFO - [2026-08-27T04:31:58.668+0000] {dagbag.py:538} INFO - Filling up the DagBag from /opt/airflow/dags/supermarket_etl_pipeline.py
[2026-08-27T04:31:58.925+0000] {processor.py:840} INFO - DAG(s) 'supermarket_etl_pipeline' retrieved from /opt/airflow/dags/supermarket_etl_pipeline.py
[2026-08-27T04:31:58.951+0000] {logging_mixin.py:188} INFO - [2026-08-27T04:31:58.951+0000] {dag.py:3036} INFO - Sync 1 DAGs
[2026-08-27T04:31:58.963+0000] {logging_mixin.py:188} INFO - [2026-08-27T04:31:58.963+0000] {dag.py:3823} INFO - Setting next_dagrun for supermarket_etl_pipeline to None, run_after=None
[2026-08-27T04:31:58.986+0000] {processor.py:183} INFO - Processing /opt/airflow/dags/supermarket_etl_pipeline.py took 0.329 seconds
[2026-08-27T04:32:29.237+0000] {processor.py:161} INFO - Started process (PID=2325) to work on /opt/airflow/dags/supermarket_etl_pipeline.py
[2026-08-27T04:32:29.239+0000] {processor.py:830} INFO - Processing file /opt/airflow/dags/supermarket_etl_pipeline.py for tasks to queue
[2026-08-27T04:32:29.241+0000] {logging_mixin.py:188} INFO - [2026-08-27T04:32:29.240+0000] {dagbag.py:538} INFO - Filling up the DagBag from /opt/airflow/dags/supermarket_etl_pipeline.py
[2026-08-27T04:32:29.474+0000] {processor.py:840} INFO - DAG(s) 'supermarket_etl_pipeline' retrieved from /opt/airflow/dags/supermarket_etl_pipeline.py
[2026-08-27T04:32:29.502+0000] {logging_mixin.py:188} INFO - [2026-08-27T04:32:29.502+0000] {dag.py:3036} INFO - Sync 1 DAGs
[2026-08-27T04:32:29.513+0000] {logging_mixin.py:188} INFO - [2026-08-27T04:32:29.513+0000] {dag.py:3823} INFO - Setting next_dagrun for supermarket_etl_pipeline to None, run_after=None
[2026-08-27T04:32:29.538+0000] {processor.py:183} INFO - Processing /opt/airflow/dags/supermarket_etl_pipeline.py took 0.303 seconds
[2026-08-27T04:32:59.784+0000] {processor.py:161} INFO - Started process (PID=2331) to work on /opt/airflow/dags/supermarket_etl_pipeline.py
[2026-08-27T04:32:59.786+0000] {processor.py:830} INFO - Processing file /opt/airflow/dags/supermarket_etl_pipeline.py for tasks to queue
[2026-08-27T04:32:59.788+0000] {logging_mixin.py:188} INFO - [2026-08-27T04:32:59.787+0000] {dagbag.py:538} INFO - Filling up the DagBag from /opt/airflow/dags/supermarket_etl_pipeline.py
[2026-08-27T04:33:00.034+0000] {processor.py:840} INFO - DAG(s) 'supermarket_etl_pipeline' retrieved from /opt/airflow/dags/supermarket_etl_pipeline.py
[2026-08-27T04:33:00.081+0000] {logging_mixin.py:188} INFO - [2026-08-27T04:33:00.080+0000] {dag.py:3036} INFO - Sync 1 DAGs
[2026-08-27T04:33:00.098+0000] {logging_mixin.py:188} INFO - [2026-08-27T04:33:00.098+0000] {dag.py:3823} INFO - Setting next_dagrun for supermarket_etl_pipeline to None, run_after=None
[2026-08-27T04:33:00.131+0000] {processor.py:183} INFO - Processing /opt/airflow/dags/supermarket_etl_pipeline.py took 0.351 seconds
[2026-08-27T04:33:30.383+0000] {processor.py:161} INFO - Started process (PID=2337) to work on /opt/airflow/dags/supermarket_etl_pipeline.py
[2026-08-27T04:33:30.385+0000] {processor.py:830} INFO - Processing file /opt/airflow/dags/supermarket_etl_pipeline.py for tasks to queue
[2026-08-27T04:33:30.387+0000] {logging_mixin.py:188} INFO - [2026-08-27T04:33:30.386+0000] {dagbag.py:538} INFO - Filling up the DagBag from /opt/airflow/dags/supermarket_etl_pipeline.py
[2026-08-27T04:33:30.613+0000] {processor.py:840} INFO - DAG(s) 'supermarket_etl_pipeline' retrieved from /opt/airflow/dags/supermarket_etl_pipeline.py
[2026-08-27T04:33:30.637+0000] {logging_mixin.py:188} INFO - [2026-08-27T04:33:30.636+0000] {dag.py:3036} INFO - Sync 1 DAGs
[2026-08-27T04:33:30.649+0000] {logging_mixin.py:188} INFO - [2026-08-27T04:33:30.648+0000] {dag.py:3823} INFO - Setting next_dagrun for supermarket_etl_pipeline to None, run_after=None
[2026-08-27T04:33:30.671+0000] {processor.py:183} INFO - Processing /opt/airflow/dags/supermarket_etl_pipeline.py took 0.290 seconds
[2026-08-27T04:34:00.961+0000] {processor.py:161} INFO - Started process (PID=2343) to work on /opt/airflow/dags/supermarket_etl_pipeline.py
[2026-08-27T04:34:00.963+0000] {processor.py:830} INFO - Processing file /opt/airflow/dags/supermarket_etl_pipeline.py for tasks to queue
[2026-08-27T04:34:00.965+0000] {logging_mixin.py:188} INFO - [2026-08-27T04:34:00.965+0000] {dagbag.py:538} INFO - Filling up the DagBag from /opt/airflow/dags/supermarket_etl_pipeline.py
[2026-08-27T04:34:01.191+0000] {processor.py:840} INFO - DAG(s) 'supermarket_etl_pipeline' retrieved from /opt/airflow/dags/supermarket_etl_pipeline.py
[2026-08-27T04:34:01.212+0000] {logging_mixin.py:188} INFO - [2026-08-27T04:34:01.212+0000] {dag.py:3036} INFO - Sync 1 DAGs
[2026-08-27T04:34:01.223+0000] {logging_mixin.py:188} INFO - [2026-08-27T04:34:01.223+0000] {dag.py:3823} INFO - Setting next_dagrun for supermarket_etl_pipeline to None, run_after=None
[2026-08-27T04:34:01.244+0000] {processor.py:183} INFO - Processing /opt/airflow/dags/supermarket_etl_pipeline.py took 0.287 seconds
[2026-08-27T04:34:31.564+0000] {processor.py:161} INFO - Started process (PID=2349) to work on /opt/airflow/dags/supermarket_etl_pipeline.py
[2026-08-27T04:34:31.565+0000] {processor.py:830} INFO - Processing file /opt/airflow/dags/supermarket_etl_pipeline.py for tasks to queue
[2026-08-27T04:34:31.567+0000] {logging_mixin.py:188} INFO - [2026-08-27T04:34:31.567+0000] {dagbag.py:538} INFO - Filling up the DagBag from /opt/airflow/dags/supermarket_etl_pipeline.py
[2026-08-27T04:34:31.792+0000] {processor.py:840} INFO - DAG(s) 'supermarket_etl_pipeline' retrieved from /opt/airflow/dags/supermarket_etl_pipeline.py
[2026-08-27T04:34:31.823+0000] {logging_mixin.py:188} INFO - [2026-08-27T04:34:31.822+0000] {dag.py:3036} INFO - Sync 1 DAGs
[2026-08-27T04:34:31.835+0000] {logging_mixin.py:188} INFO - [2026-08-27T04:34:31.835+0000] {dag.py:3823} INFO - Setting next_dagrun for supermarket_etl_pipeline to None, run_after=None
[2026-08-27T04:34:31.856+0000] {processor.py:183} INFO - Processing /opt/airflow/dags/supermarket_etl_pipeline.py took 0.295 seconds
[2026-08-27T04:35:02.126+0000] {processor.py:161} INFO - Started process (PID=2355) to work on /opt/airflow/dags/supermarket_etl_pipeline.py
[2026-08-27T04:35:02.128+0000] {processor.py:830} INFO - Processing file /opt/airflow/dags/supermarket_etl_pipeline.py for tasks to queue
[2026-08-27T04:35:02.130+0000] {logging_mixin.py:188} INFO - [2026-08-27T04:35:02.130+0000] {dagbag.py:538} INFO - Filling up the DagBag from /opt/airflow/dags/supermarket_etl_pipeline.py
[2026-08-27T04:35:02.373+0000] {processor.py:840} INFO - DAG(s) 'supermarket_etl_pipeline' retrieved from /opt/airflow/dags/supermarket_etl_pipeline.py
[2026-08-27T04:35:02.397+0000] {logging_mixin.py:188} INFO - [2026-08-27T04:35:02.397+0000] {dag.py:3036} INFO - Sync 1 DAGs
[2026-08-27T04:35:02.406+0000] {logging_mixin.py:188} INFO - [2026-08-27T04:35:02.406+0000] {dag.py:3823} INFO - Setting next_dagrun for supermarket_etl_pipeline to None, run_after=None
[2026-08-27T04:35:02.425+0000] {processor.py:183} INFO - Processing /opt/airflow/dags/supermarket_etl_pipeline.py took 0.303 seconds
[2026-08-27T04:35:32.723+0000] {processor.py:161} INFO - Started process (PID=2361) to work on /opt/airflow/dags/supermarket_etl_pipeline.py
[2026-08-27T04:35:32.725+0000] {processor.py:830} INFO - Processing file /opt/airflow/dags/supermarket_etl_pipeline.py for tasks to queue
[2026-08-27T04:35:32.727+0000] {logging_mixin.py:188} INFO - [2026-08-27T04:35:32.727+0000] {dagbag.py:538} INFO - Filling up the DagBag from /opt/airflow/dags/supermarket_etl_pipeline.py
[2026-08-27T04:35:32.960+0000] {processor.py:840} INFO - DAG(s) 'supermarket_etl_pipeline' retrieved from /opt/airflow/dags/supermarket_etl_pipeline.py
[2026-08-27T04:35:32.983+0000] {logging_mixin.py:188} INFO - [2026-08-27T04:35:32.982+0000] {dag.py:3036} INFO - Sync 1 DAGs
[2026-08-27T04:35:32.993+0000] {logging_mixin.py:188} INFO - [2026-08-27T04:35:32.992+0000] {dag.py:3823} INFO - Setting next_dagrun for supermarket_etl_pipeline to None, run_after=None
[2026-08-27T04:35:33.013+0000] {processor.py:183} INFO - Processing /opt/airflow/dags/supermarket_etl_pipeline.py took 0.294 seconds
[2026-08-27T04:36:03.262+0000] {processor.py:161} INFO - Started process (PID=2367) to work on /opt/airflow/dags/supermarket_etl_pipeline.py
[2026-08-27T04:36:03.264+0000] {processor.py:830} INFO - Processing file /opt/airflow/dags/supermarket_etl_pipeline.py for tasks to queue
[2026-08-27T04:36:03.265+0000] {logging_mixin.py:188} INFO - [2026-08-27T04:36:03.265+0000] {dagbag.py:538} INFO - Filling up the DagBag from /opt/airflow/dags/supermarket_etl_pipeline.py
[2026-08-27T04:36:03.520+0000] {processor.py:840} INFO - DAG(s) 'supermarket_etl_pipeline' retrieved from /opt/airflow/dags/supermarket_etl_pipeline.py
[2026-08-27T04:36:03.547+0000] {logging_mixin.py:188} INFO - [2026-08-27T04:36:03.547+0000] {dag.py:3036} INFO - Sync 1 DAGs
[2026-08-27T04:36:03.560+0000] {logging_mixin.py:188} INFO - [2026-08-27T04:36:03.559+0000] {dag.py:3823} INFO - Setting next_dagrun for supermarket_etl_pipeline to None, run_after=None
[2026-08-27T04:36:03.581+0000] {processor.py:183} INFO - Processing /opt/airflow/dags/supermarket_etl_pipeline.py took 0.322 seconds
[2026-08-27T04:36:33.830+0000] {processor.py:161} INFO - Started process (PID=2373) to work on /opt/airflow/dags/supermarket_etl_pipeline.py
[2026-08-27T04:36:33.833+0000] {processor.py:830} INFO - Processing file /opt/airflow/dags/supermarket_etl_pipeline.py for tasks to queue
[2026-08-27T04:36:33.835+0000] {logging_mixin.py:188} INFO - [2026-08-27T04:36:33.835+0000] {dagbag.py:538} INFO - Filling up the DagBag from /opt/airflow/dags/supermarket_etl_pipeline.py
[2026-08-27T04:36:34.185+0000] {processor.py:840} INFO - DAG(s) 'supermarket_etl_pipeline' retrieved from /opt/airflow/dags/supermarket_etl_pipeline.py
[2026-08-27T04:36:34.224+0000] {logging_mixin.py:188} INFO - [2026-08-27T04:36:34.224+0000] {dag.py:3036} INFO - Sync 1 DAGs
[2026-08-27T04:36:34.239+0000] {logging_mixin.py:188} INFO - [2026-08-27T04:36:34.239+0000] {dag.py:3823} INFO - Setting next_dagrun for supermarket_etl_pipeline to None, run_after=None
[2026-08-27T04:36:34.271+0000] {processor.py:183} INFO - Processing /opt/airflow/dags/supermarket_etl_pipeline.py took 0.445 seconds
[2026-08-27T04:37:04.518+0000] {processor.py:161} INFO - Started process (PID=2379) to work on /opt/airflow/dags/supermarket_etl_pipeline.py
[2026-08-27T04:37:04.520+0000] {processor.py:830} INFO - Processing file /opt/airflow/dags/supermarket_etl_pipeline.py for tasks to queue
[2026-08-27T04:37:04.524+0000] {logging_mixin.py:188} INFO - [2026-08-27T04:37:04.524+0000] {dagbag.py:538} INFO - Filling up the DagBag from /opt/airflow/dags/supermarket_etl_pipeline.py
[2026-08-27T04:37:04.762+0000] {processor.py:840} INFO - DAG(s) 'supermarket_etl_pipeline' retrieved from /opt/airflow/dags/supermarket_etl_pipeline.py
[2026-08-27T04:37:04.784+0000] {logging_mixin.py:188} INFO - [2026-08-27T04:37:04.784+0000] {dag.py:3036} INFO - Sync 1 DAGs
[2026-08-27T04:37:04.796+0000] {logging_mixin.py:188} INFO - [2026-08-27T04:37:04.795+0000] {dag.py:3823} INFO - Setting next_dagrun for supermarket_etl_pipeline to None, run_after=None
[2026-08-27T04:37:04.816+0000] {processor.py:183} INFO - Processing /opt/airflow/dags/supermarket_etl_pipeline.py took 0.300 seconds
[2026-08-27T04:37:35.084+0000] {processor.py:161} INFO - Started process (PID=2385) to work on /opt/airflow/dags/supermarket_etl_pipeline.py
[2026-08-27T04:37:35.086+0000] {processor.py:830} INFO - Processing file /opt/airflow/dags/supermarket_etl_pipeline.py for tasks to queue
[2026-08-27T04:37:35.087+0000] {logging_mixin.py:188} INFO - [2026-08-27T04:37:35.087+0000] {dagbag.py:538} INFO - Filling up the DagBag from /opt/airflow/dags/supermarket_etl_pipeline.py
[2026-08-27T04:37:35.306+0000] {processor.py:840} INFO - DAG(s) 'supermarket_etl_pipeline' retrieved from /opt/airflow/dags/supermarket_etl_pipeline.py
[2026-08-27T04:37:35.333+0000] {logging_mixin.py:188} INFO - [2026-08-27T04:37:35.333+0000] {dag.py:3036} INFO - Sync 1 DAGs
[2026-08-27T04:37:35.344+0000] {logging_mixin.py:188} INFO - [2026-08-27T04:37:35.344+0000] {dag.py:3823} INFO - Setting next_dagrun for supermarket_etl_pipeline to None, run_after=None
[2026-08-27T04:37:35.365+0000] {processor.py:183} INFO - Processing /opt/airflow/dags/supermarket_etl_pipeline.py took 0.283 seconds
[2026-08-27T04:38:05.723+0000] {processor.py:161} INFO - Started process (PID=2391) to work on /opt/airflow/dags/supermarket_etl_pipeline.py
[2026-08-27T04:38:05.725+0000] {processor.py:830} INFO - Processing file /opt/airflow/dags/supermarket_etl_pipeline.py for tasks to queue
[2026-08-27T04:38:05.727+0000] {logging_mixin.py:188} INFO - [2026-08-27T04:38:05.727+0000] {dagbag.py:538} INFO - Filling up the DagBag from /opt/airflow/dags/supermarket_etl_pipeline.py
[2026-08-27T04:38:05.979+0000] {processor.py:840} INFO - DAG(s) 'supermarket_etl_pipeline' retrieved from /opt/airflow/dags/supermarket_etl_pipeline.py
[2026-08-27T04:38:06.004+0000] {logging_mixin.py:188} INFO - [2026-08-27T04:38:06.003+0000] {dag.py:3036} INFO - Sync 1 DAGs
[2026-08-27T04:38:06.016+0000] {logging_mixin.py:188} INFO - [2026-08-27T04:38:06.016+0000] {dag.py:3823} INFO - Setting next_dagrun for supermarket_etl_pipeline to None, run_after=None
[2026-08-27T04:38:06.039+0000] {processor.py:183} INFO - Processing /opt/airflow/dags/supermarket_etl_pipeline.py took 0.321 seconds
[2026-08-27T04:38:36.353+0000] {processor.py:161} INFO - Started process (PID=2397) to work on /opt/airflow/dags/supermarket_etl_pipeline.py
[2026-08-27T04:38:36.354+0000] {processor.py:830} INFO - Processing file /opt/airflow/dags/supermarket_etl_pipeline.py for tasks to queue
[2026-08-27T04:38:36.356+0000] {logging_mixin.py:188} INFO - [2026-08-27T04:38:36.356+0000] {dagbag.py:538} INFO - Filling up the DagBag from /opt/airflow/dags/supermarket_etl_pipeline.py
[2026-08-27T04:38:36.625+0000] {processor.py:840} INFO - DAG(s) 'supermarket_etl_pipeline' retrieved from /opt/airflow/dags/supermarket_etl_pipeline.py
[2026-08-27T04:38:36.649+0000] {logging_mixin.py:188} INFO - [2026-08-27T04:38:36.649+0000] {dag.py:3036} INFO - Sync 1 DAGs
[2026-08-27T04:38:36.659+0000] {logging_mixin.py:188} INFO - [2026-08-27T04:38:36.659+0000] {dag.py:3823} INFO - Setting next_dagrun for supermarket_etl_pipeline to None, run_after=None
[2026-08-27T04:38:36.679+0000] {processor.py:183} INFO - Processing /opt/airflow/dags/supermarket_etl_pipeline.py took 0.330 seconds
[2026-08-27T04:39:06.908+0000] {processor.py:161} INFO - Started process (PID=2403) to work on /opt/airflow/dags/supermarket_etl_pipeline.py
[2026-08-27T04:39:06.911+0000] {processor.py:830} INFO - Processing file /opt/airflow/dags/supermarket_etl_pipeline.py for tasks to queue
[2026-08-27T04:39:06.913+0000] {logging_mixin.py:188} INFO - [2026-08-27T04:39:06.913+0000] {dagbag.py:538} INFO - Filling up the DagBag from /opt/airflow/dags/supermarket_etl_pipeline.py
[2026-08-27T04:39:07.233+0000] {processor.py:840} INFO - DAG(s) 'supermarket_etl_pipeline' retrieved from /opt/airflow/dags/supermarket_etl_pipeline.py
[2026-08-27T04:39:07.266+0000] {logging_mixin.py:188} INFO - [2026-08-27T04:39:07.266+0000] {dag.py:3036} INFO - Sync 1 DAGs
[2026-08-27T04:39:07.283+0000] {logging_mixin.py:188} INFO - [2026-08-27T04:39:07.283+0000] {dag.py:3823} INFO - Setting next_dagrun for supermarket_etl_pipeline to None, run_after=None
[2026-08-27T04:39:07.311+0000] {processor.py:183} INFO - Processing /opt/airflow/dags/supermarket_etl_pipeline.py took 0.407 seconds
[2026-08-27T04:39:37.592+0000] {processor.py:161} INFO - Started process (PID=2409) to work on /opt/airflow/dags/supermarket_etl_pipeline.py
[2026-08-27T04:39:37.594+0000] {processor.py:830} INFO - Processing file /opt/airflow/dags/supermarket_etl_pipeline.py for tasks to queue
[2026-08-27T04:39:37.596+0000] {logging_mixin.py:188} INFO - [2026-08-27T04:39:37.595+0000] {dagbag.py:538} INFO - Filling up the DagBag from /opt/airflow/dags/supermarket_etl_pipeline.py
[2026-08-27T04:39:37.884+0000] {processor.py:840} INFO - DAG(s) 'supermarket_etl_pipeline' retrieved from /opt/airflow/dags/supermarket_etl_pipeline.py
[2026-08-27T04:39:37.919+0000] {logging_mixin.py:188} INFO - [2026-08-27T04:39:37.919+0000] {dag.py:3036} INFO - Sync 1 DAGs
[2026-08-27T04:39:37.934+0000] {logging_mixin.py:188} INFO - [2026-08-27T04:39:37.933+0000] {dag.py:3823} INFO - Setting next_dagrun for supermarket_etl_pipeline to None, run_after=None
[2026-08-27T04:39:37.959+0000] {processor.py:183} INFO - Processing /opt/airflow/dags/supermarket_etl_pipeline.py took 0.371 seconds
[2026-08-27T04:40:08.241+0000] {processor.py:161} INFO - Started process (PID=2415) to work on /opt/airflow/dags/supermarket_etl_pipeline.py
[2026-08-27T04:40:08.243+0000] {processor.py:830} INFO - Processing file /opt/airflow/dags/supermarket_etl_pipeline.py for tasks to queue
[2026-08-27T04:40:08.245+0000] {logging_mixin.py:188} INFO - [2026-08-27T04:40:08.244+0000] {dagbag.py:538} INFO - Filling up the DagBag from /opt/airflow/dags/supermarket_etl_pipeline.py
[2026-08-27T04:40:08.460+0000] {processor.py:840} INFO - DAG(s) 'supermarket_etl_pipeline' retrieved from /opt/airflow/dags/supermarket_etl_pipeline.py
[2026-08-27T04:40:08.480+0000] {logging_mixin.py:188} INFO - [2026-08-27T04:40:08.480+0000] {dag.py:3036} INFO - Sync 1 DAGs
[2026-08-27T04:40:08.490+0000] {logging_mixin.py:188} INFO - [2026-08-27T04:40:08.490+0000] {dag.py:3823} INFO - Setting next_dagrun for supermarket_etl_pipeline to None, run_after=None
[2026-08-27T04:40:08.509+0000] {processor.py:183} INFO - Processing /opt/airflow/dags/supermarket_etl_pipeline.py took 0.271 seconds
[2026-08-27T04:40:38.844+0000] {processor.py:161} INFO - Started process (PID=2421) to work on /opt/airflow/dags/supermarket_etl_pipeline.py
[2026-08-27T04:40:38.846+0000] {processor.py:830} INFO - Processing file /opt/airflow/dags/supermarket_etl_pipeline.py for tasks to queue
[2026-08-27T04:40:38.848+0000] {logging_mixin.py:188} INFO - [2026-08-27T04:40:38.848+0000] {dagbag.py:538} INFO - Filling up the DagBag from /opt/airflow/dags/supermarket_etl_pipeline.py
[2026-08-27T04:40:39.062+0000] {processor.py:840} INFO - DAG(s) 'supermarket_etl_pipeline' retrieved from /opt/airflow/dags/supermarket_etl_pipeline.py
[2026-08-27T04:40:39.084+0000] {logging_mixin.py:188} INFO - [2026-08-27T04:40:39.084+0000] {dag.py:3036} INFO - Sync 1 DAGs
[2026-08-27T04:40:39.094+0000] {logging_mixin.py:188} INFO - [2026-08-27T04:40:39.094+0000] {dag.py:3823} INFO - Setting next_dagrun for supermarket_etl_pipeline to None, run_after=None
[2026-08-27T04:40:39.114+0000] {processor.py:183} INFO - Processing /opt/airflow/dags/supermarket_etl_pipeline.py took 0.273 seconds
[2026-08-27T04:41:09.365+0000] {processor.py:161} INFO - Started process (PID=2427) to work on /opt/airflow/dags/supermarket_etl_pipeline.py
[2026-08-27T04:41:09.367+0000] {processor.py:830} INFO - Processing file /opt/airflow/dags/supermarket_etl_pipeline.py for tasks to queue
[2026-08-27T04:41:09.369+0000] {logging_mixin.py:188} INFO - [2026-08-27T04:41:09.368+0000] {dagbag.py:538} INFO - Filling up the DagBag from /opt/airflow/dags/supermarket_etl_pipeline.py
[2026-08-27T04:41:09.564+0000] {processor.py:840} INFO - DAG(s) 'supermarket_etl_pipeline' retrieved from /opt/airflow/dags/supermarket_etl_pipeline.py
[2026-08-27T04:41:09.585+0000] {logging_mixin.py:188} INFO - [2026-08-27T04:41:09.584+0000] {dag.py:3036} INFO - Sync 1 DAGs
[2026-08-27T04:41:09.594+0000] {logging_mixin.py:188} INFO - [2026-08-27T04:41:09.594+0000] {dag.py:3823} INFO - Setting next_dagrun for supermarket_etl_pipeline to None, run_after=None
[2026-08-27T04:41:09.612+0000] {processor.py:183} INFO - Processing /opt/airflow/dags/supermarket_etl_pipeline.py took 0.250 seconds
[2026-08-27T04:41:39.891+0000] {processor.py:161} INFO - Started process (PID=2433) to work on /opt/airflow/dags/supermarket_etl_pipeline.py
[2026-08-27T04:41:39.894+0000] {processor.py:830} INFO - Processing file /opt/airflow/dags/supermarket_etl_pipeline.py for tasks to queue
[2026-08-27T04:41:39.896+0000] {logging_mixin.py:188} INFO - [2026-08-27T04:41:39.895+0000] {dagbag.py:538} INFO - Filling up the DagBag from /opt/airflow/dags/supermarket_etl_pipeline.py
[2026-08-27T04:41:40.129+0000] {processor.py:840} INFO - DAG(s) 'supermarket_etl_pipeline' retrieved from /opt/airflow/dags/supermarket_etl_pipeline.py
[2026-08-27T04:41:40.152+0000] {logging_mixin.py:188} INFO - [2026-08-27T04:41:40.151+0000] {dag.py:3036} INFO - Sync 1 DAGs
[2026-08-27T04:41:40.162+0000] {logging_mixin.py:188} INFO - [2026-08-27T04:41:40.162+0000] {dag.py:3823} INFO - Setting next_dagrun for supermarket_etl_pipeline to None, run_after=None
[2026-08-27T04:41:40.182+0000] {processor.py:183} INFO - Processing /opt/airflow/dags/supermarket_etl_pipeline.py took 0.294 seconds
[2026-08-27T04:42:10.258+0000] {processor.py:161} INFO - Started process (PID=2439) to work on /opt/airflow/dags/supermarket_etl_pipeline.py
[2026-08-27T04:42:10.261+0000] {processor.py:830} INFO - Processing file /opt/airflow/dags/supermarket_etl_pipeline.py for tasks to queue
[2026-08-27T04:42:10.263+0000] {logging_mixin.py:188} INFO - [2026-08-27T04:42:10.262+0000] {dagbag.py:538} INFO - Filling up the DagBag from /opt/airflow/dags/supermarket_etl_pipeline.py
[2026-08-27T04:42:10.489+0000] {processor.py:840} INFO - DAG(s) 'supermarket_etl_pipeline' retrieved from /opt/airflow/dags/supermarket_etl_pipeline.py
[2026-08-27T04:42:10.509+0000] {logging_mixin.py:188} INFO - [2026-08-27T04:42:10.509+0000] {dag.py:3036} INFO - Sync 1 DAGs
[2026-08-27T04:42:10.521+0000] {logging_mixin.py:188} INFO - [2026-08-27T04:42:10.521+0000] {dag.py:3823} INFO - Setting next_dagrun for supermarket_etl_pipeline to None, run_after=None
[2026-08-27T04:42:10.540+0000] {processor.py:183} INFO - Processing /opt/airflow/dags/supermarket_etl_pipeline.py took 0.284 seconds
[2026-08-27T04:42:40.739+0000] {processor.py:161} INFO - Started process (PID=2445) to work on /opt/airflow/dags/supermarket_etl_pipeline.py
[2026-08-27T04:42:40.740+0000] {processor.py:830} INFO - Processing file /opt/airflow/dags/supermarket_etl_pipeline.py for tasks to queue
[2026-08-27T04:42:40.742+0000] {logging_mixin.py:188} INFO - [2026-08-27T04:42:40.742+0000] {dagbag.py:538} INFO - Filling up the DagBag from /opt/airflow/dags/supermarket_etl_pipeline.py
[2026-08-27T04:42:40.997+0000] {processor.py:840} INFO - DAG(s) 'supermarket_etl_pipeline' retrieved from /opt/airflow/dags/supermarket_etl_pipeline.py
[2026-08-27T04:42:41.028+0000] {logging_mixin.py:188} INFO - [2026-08-27T04:42:41.028+0000] {dag.py:3036} INFO - Sync 1 DAGs
[2026-08-27T04:42:41.043+0000] {logging_mixin.py:188} INFO - [2026-08-27T04:42:41.042+0000] {dag.py:3823} INFO - Setting next_dagrun for supermarket_etl_pipeline to None, run_after=None
[2026-08-27T04:42:41.068+0000] {processor.py:183} INFO - Processing /opt/airflow/dags/supermarket_etl_pipeline.py took 0.331 seconds
[2026-08-27T04:43:11.365+0000] {processor.py:161} INFO - Started process (PID=2451) to work on /opt/airflow/dags/supermarket_etl_pipeline.py
[2026-08-27T04:43:11.367+0000] {processor.py:830} INFO - Processing file /opt/airflow/dags/supermarket_etl_pipeline.py for tasks to queue
[2026-08-27T04:43:11.369+0000] {logging_mixin.py:188} INFO - [2026-08-27T04:43:11.368+0000] {dagbag.py:538} INFO - Filling up the DagBag from /opt/airflow/dags/supermarket_etl_pipeline.py
[2026-08-27T04:43:11.586+0000] {processor.py:840} INFO - DAG(s) 'supermarket_etl_pipeline' retrieved from /opt/airflow/dags/supermarket_etl_pipeline.py
[2026-08-27T04:43:11.611+0000] {logging_mixin.py:188} INFO - [2026-08-27T04:43:11.610+0000] {dag.py:3036} INFO - Sync 1 DAGs
[2026-08-27T04:43:11.621+0000] {logging_mixin.py:188} INFO - [2026-08-27T04:43:11.621+0000] {dag.py:3823} INFO - Setting next_dagrun for supermarket_etl_pipeline to None, run_after=None
[2026-08-27T04:43:11.640+0000] {processor.py:183} INFO - Processing /opt/airflow/dags/supermarket_etl_pipeline.py took 0.277 seconds
[2026-08-27T04:43:41.934+0000] {processor.py:161} INFO - Started process (PID=2457) to work on /opt/airflow/dags/supermarket_etl_pipeline.py
[2026-08-27T04:43:41.935+0000] {processor.py:830} INFO - Processing file /opt/airflow/dags/supermarket_etl_pipeline.py for tasks to queue
[2026-08-27T04:43:41.938+0000] {logging_mixin.py:188} INFO - [2026-08-27T04:43:41.937+0000] {dagbag.py:538} INFO - Filling up the DagBag from /opt/airflow/dags/supermarket_etl_pipeline.py
[2026-08-27T04:43:42.160+0000] {processor.py:840} INFO - DAG(s) 'supermarket_etl_pipeline' retrieved from /opt/airflow/dags/supermarket_etl_pipeline.py
[2026-08-27T04:43:42.188+0000] {logging_mixin.py:188} INFO - [2026-08-27T04:43:42.188+0000] {dag.py:3036} INFO - Sync 1 DAGs
[2026-08-27T04:43:42.198+0000] {logging_mixin.py:188} INFO - [2026-08-27T04:43:42.198+0000] {dag.py:3823} INFO - Setting next_dagrun for supermarket_etl_pipeline to None, run_after=None
[2026-08-27T04:43:42.217+0000] {processor.py:183} INFO - Processing /opt/airflow/dags/supermarket_etl_pipeline.py took 0.287 seconds
[2026-08-27T04:44:12.468+0000] {processor.py:161} INFO - Started process (PID=2463) to work on /opt/airflow/dags/supermarket_etl_pipeline.py
[2026-08-27T04:44:12.470+0000] {processor.py:830} INFO - Processing file /opt/airflow/dags/supermarket_etl_pipeline.py for tasks to queue
[2026-08-27T04:44:12.471+0000] {logging_mixin.py:188} INFO - [2026-08-27T04:44:12.471+0000] {dagbag.py:538} INFO - Filling up the DagBag from /opt/airflow/dags/supermarket_etl_pipeline.py
[2026-08-27T04:44:12.680+0000] {processor.py:840} INFO - DAG(s) 'supermarket_etl_pipeline' retrieved from /opt/airflow/dags/supermarket_etl_pipeline.py
[2026-08-27T04:44:12.703+0000] {logging_mixin.py:188} INFO - [2026-08-27T04:44:12.703+0000] {dag.py:3036} INFO - Sync 1 DAGs
[2026-08-27T04:44:12.714+0000] {logging_mixin.py:188} INFO - [2026-08-27T04:44:12.714+0000] {dag.py:3823} INFO - Setting next_dagrun for supermarket_etl_pipeline to None, run_after=None
[2026-08-27T04:44:12.732+0000] {processor.py:183} INFO - Processing /opt/airflow/dags/supermarket_etl_pipeline.py took 0.267 seconds
[2026-08-27T04:44:42.989+0000] {processor.py:161} INFO - Started process (PID=2469) to work on /opt/airflow/dags/supermarket_etl_pipeline.py
[2026-08-27T04:44:42.991+0000] {processor.py:830} INFO - Processing file /opt/airflow/dags/supermarket_etl_pipeline.py for tasks to queue
[2026-08-27T04:44:42.992+0000] {logging_mixin.py:188} INFO - [2026-08-27T04:44:42.992+0000] {dagbag.py:538} INFO - Filling up the DagBag from /opt/airflow/dags/supermarket_etl_pipeline.py
[2026-08-27T04:44:43.227+0000] {processor.py:840} INFO - DAG(s) 'supermarket_etl_pipeline' retrieved from /opt/airflow/dags/supermarket_etl_pipeline.py
[2026-08-27T04:44:43.253+0000] {logging_mixin.py:188} INFO - [2026-08-27T04:44:43.253+0000] {dag.py:3036} INFO - Sync 1 DAGs
[2026-08-27T04:44:43.263+0000] {logging_mixin.py:188} INFO - [2026-08-27T04:44:43.263+0000] {dag.py:3823} INFO - Setting next_dagrun for supermarket_etl_pipeline to None, run_after=None
[2026-08-27T04:44:43.287+0000] {processor.py:183} INFO - Processing /opt/airflow/dags/supermarket_etl_pipeline.py took 0.302 seconds
[2026-08-27T04:45:13.591+0000] {processor.py:161} INFO - Started process (PID=2475) to work on /opt/airflow/dags/supermarket_etl_pipeline.py
[2026-08-27T04:45:13.593+0000] {processor.py:830} INFO - Processing file /opt/airflow/dags/supermarket_etl_pipeline.py for tasks to queue
[2026-08-27T04:45:13.594+0000] {logging_mixin.py:188} INFO - [2026-08-27T04:45:13.594+0000] {dagbag.py:538} INFO - Filling up the DagBag from /opt/airflow/dags/supermarket_etl_pipeline.py
[2026-08-27T04:45:13.834+0000] {processor.py:840} INFO - DAG(s) 'supermarket_etl_pipeline' retrieved from /opt/airflow/dags/supermarket_etl_pipeline.py
[2026-08-27T04:45:13.857+0000] {logging_mixin.py:188} INFO - [2026-08-27T04:45:13.856+0000] {dag.py:3036} INFO - Sync 1 DAGs
[2026-08-27T04:45:13.868+0000] {logging_mixin.py:188} INFO - [2026-08-27T04:45:13.868+0000] {dag.py:3823} INFO - Setting next_dagrun for supermarket_etl_pipeline to None, run_after=None
[2026-08-27T04:45:13.889+0000] {processor.py:183} INFO - Processing /opt/airflow/dags/supermarket_etl_pipeline.py took 0.302 seconds
[2026-08-27T04:45:44.224+0000] {processor.py:161} INFO - Started process (PID=2481) to work on /opt/airflow/dags/supermarket_etl_pipeline.py
[2026-08-27T04:45:44.226+0000] {processor.py:830} INFO - Processing file /opt/airflow/dags/supermarket_etl_pipeline.py for tasks to queue
[2026-08-27T04:45:44.228+0000] {logging_mixin.py:188} INFO - [2026-08-27T04:45:44.228+0000] {dagbag.py:538} INFO - Filling up the DagBag from /opt/airflow/dags/supermarket_etl_pipeline.py
[2026-08-27T04:45:44.443+0000] {processor.py:840} INFO - DAG(s) 'supermarket_etl_pipeline' retrieved from /opt/airflow/dags/supermarket_etl_pipeline.py
[2026-08-27T04:45:44.464+0000] {logging_mixin.py:188} INFO - [2026-08-27T04:45:44.463+0000] {dag.py:3036} INFO - Sync 1 DAGs
[2026-08-27T04:45:44.474+0000] {logging_mixin.py:188} INFO - [2026-08-27T04:45:44.474+0000] {dag.py:3823} INFO - Setting next_dagrun for supermarket_etl_pipeline to None, run_after=None
[2026-08-27T04:45:44.494+0000] {processor.py:183} INFO - Processing /opt/airflow/dags/supermarket_etl_pipeline.py took 0.273 seconds
[2026-08-27T04:46:14.832+0000] {processor.py:161} INFO - Started process (PID=2487) to work on /opt/airflow/dags/supermarket_etl_pipeline.py
[2026-08-27T04:46:14.834+0000] {processor.py:830} INFO - Processing file /opt/airflow/dags/supermarket_etl_pipeline.py for tasks to queue
[2026-08-27T04:46:14.836+0000] {logging_mixin.py:188} INFO - [2026-08-27T04:46:14.836+0000] {dagbag.py:538} INFO - Filling up the DagBag from /opt/airflow/dags/supermarket_etl_pipeline.py
[2026-08-27T04:46:15.077+0000] {processor.py:840} INFO - DAG(s) 'supermarket_etl_pipeline' retrieved from /opt/airflow/dags/supermarket_etl_pipeline.py
[2026-08-27T04:46:15.099+0000] {logging_mixin.py:188} INFO - [2026-08-27T04:46:15.098+0000] {dag.py:3036} INFO - Sync 1 DAGs
[2026-08-27T04:46:15.111+0000] {logging_mixin.py:188} INFO - [2026-08-27T04:46:15.110+0000] {dag.py:3823} INFO - Setting next_dagrun for supermarket_etl_pipeline to None, run_after=None
[2026-08-27T04:46:15.130+0000] {processor.py:183} INFO - Processing /opt/airflow/dags/supermarket_etl_pipeline.py took 0.302 seconds
[2026-08-27T04:46:45.468+0000] {processor.py:161} INFO - Started process (PID=2493) to work on /opt/airflow/dags/supermarket_etl_pipeline.py
[2026-08-27T04:46:45.469+0000] {processor.py:830} INFO - Processing file /opt/airflow/dags/supermarket_etl_pipeline.py for tasks to queue
[2026-08-27T04:46:45.471+0000] {logging_mixin.py:188} INFO - [2026-08-27T04:46:45.471+0000] {dagbag.py:538} INFO - Filling up the DagBag from /opt/airflow/dags/supermarket_etl_pipeline.py
[2026-08-27T04:46:45.693+0000] {processor.py:840} INFO - DAG(s) 'supermarket_etl_pipeline' retrieved from /opt/airflow/dags/supermarket_etl_pipeline.py
[2026-08-27T04:46:45.714+0000] {logging_mixin.py:188} INFO - [2026-08-27T04:46:45.714+0000] {dag.py:3036} INFO - Sync 1 DAGs
[2026-08-27T04:46:45.724+0000] {logging_mixin.py:188} INFO - [2026-08-27T04:46:45.724+0000] {dag.py:3823} INFO - Setting next_dagrun for supermarket_etl_pipeline to None, run_after=None
[2026-08-27T04:46:45.745+0000] {processor.py:183} INFO - Processing /opt/airflow/dags/supermarket_etl_pipeline.py took 0.280 seconds
[2026-08-27T04:47:15.833+0000] {processor.py:161} INFO - Started process (PID=2499) to work on /opt/airflow/dags/supermarket_etl_pipeline.py
[2026-08-27T04:47:15.835+0000] {processor.py:830} INFO - Processing file /opt/airflow/dags/supermarket_etl_pipeline.py for tasks to queue
[2026-08-27T04:47:15.837+0000] {logging_mixin.py:188} INFO - [2026-08-27T04:47:15.836+0000] {dagbag.py:538} INFO - Filling up the DagBag from /opt/airflow/dags/supermarket_etl_pipeline.py
[2026-08-27T04:47:16.072+0000] {processor.py:840} INFO - DAG(s) 'supermarket_etl_pipeline' retrieved from /opt/airflow/dags/supermarket_etl_pipeline.py
[2026-08-27T04:47:16.129+0000] {logging_mixin.py:188} INFO - [2026-08-27T04:47:16.128+0000] {dag.py:3036} INFO - Sync 1 DAGs
[2026-08-27T04:47:16.144+0000] {logging_mixin.py:188} INFO - [2026-08-27T04:47:16.144+0000] {dag.py:3823} INFO - Setting next_dagrun for supermarket_etl_pipeline to None, run_after=None
[2026-08-27T04:47:16.200+0000] {processor.py:183} INFO - Processing /opt/airflow/dags/supermarket_etl_pipeline.py took 0.370 seconds
[2026-08-27T04:47:46.260+0000] {processor.py:161} INFO - Started process (PID=2505) to work on /opt/airflow/dags/supermarket_etl_pipeline.py
[2026-08-27T04:47:46.262+0000] {processor.py:830} INFO - Processing file /opt/airflow/dags/supermarket_etl_pipeline.py for tasks to queue
[2026-08-27T04:47:46.264+0000] {logging_mixin.py:188} INFO - [2026-08-27T04:47:46.264+0000] {dagbag.py:538} INFO - Filling up the DagBag from /opt/airflow/dags/supermarket_etl_pipeline.py
[2026-08-27T04:47:46.502+0000] {processor.py:840} INFO - DAG(s) 'supermarket_etl_pipeline' retrieved from /opt/airflow/dags/supermarket_etl_pipeline.py
[2026-08-27T04:47:46.527+0000] {logging_mixin.py:188} INFO - [2026-08-27T04:47:46.527+0000] {dag.py:3036} INFO - Sync 1 DAGs
[2026-08-27T04:47:46.540+0000] {logging_mixin.py:188} INFO - [2026-08-27T04:47:46.540+0000] {dag.py:3823} INFO - Setting next_dagrun for supermarket_etl_pipeline to None, run_after=None
[2026-08-27T04:47:46.562+0000] {processor.py:183} INFO - Processing /opt/airflow/dags/supermarket_etl_pipeline.py took 0.305 seconds
[2026-08-27T04:48:16.671+0000] {processor.py:161} INFO - Started process (PID=2511) to work on /opt/airflow/dags/supermarket_etl_pipeline.py
[2026-08-27T04:48:16.673+0000] {processor.py:830} INFO - Processing file /opt/airflow/dags/supermarket_etl_pipeline.py for tasks to queue
[2026-08-27T04:48:16.676+0000] {logging_mixin.py:188} INFO - [2026-08-27T04:48:16.676+0000] {dagbag.py:538} INFO - Filling up the DagBag from /opt/airflow/dags/supermarket_etl_pipeline.py
[2026-08-27T04:48:16.997+0000] {processor.py:840} INFO - DAG(s) 'supermarket_etl_pipeline' retrieved from /opt/airflow/dags/supermarket_etl_pipeline.py
[2026-08-27T04:48:17.025+0000] {logging_mixin.py:188} INFO - [2026-08-27T04:48:17.024+0000] {dag.py:3036} INFO - Sync 1 DAGs
[2026-08-27T04:48:17.039+0000] {logging_mixin.py:188} INFO - [2026-08-27T04:48:17.039+0000] {dag.py:3823} INFO - Setting next_dagrun for supermarket_etl_pipeline to None, run_after=None
[2026-08-27T04:48:17.064+0000] {processor.py:183} INFO - Processing /opt/airflow/dags/supermarket_etl_pipeline.py took 0.395 seconds
[2026-08-27T04:48:47.295+0000] {processor.py:161} INFO - Started process (PID=2517) to work on /opt/airflow/dags/supermarket_etl_pipeline.py
[2026-08-27T04:48:47.297+0000] {processor.py:830} INFO - Processing file /opt/airflow/dags/supermarket_etl_pipeline.py for tasks to queue
[2026-08-27T04:48:47.298+0000] {logging_mixin.py:188} INFO - [2026-08-27T04:48:47.297+0000] {dagbag.py:538} INFO - Filling up the DagBag from /opt/airflow/dags/supermarket_etl_pipeline.py
[2026-08-27T04:48:47.506+0000] {processor.py:840} INFO - DAG(s) 'supermarket_etl_pipeline' retrieved from /opt/airflow/dags/supermarket_etl_pipeline.py
[2026-08-27T04:48:47.528+0000] {logging_mixin.py:188} INFO - [2026-08-27T04:48:47.527+0000] {dag.py:3036} INFO - Sync 1 DAGs
[2026-08-27T04:48:47.538+0000] {logging_mixin.py:188} INFO - [2026-08-27T04:48:47.537+0000] {dag.py:3823} INFO - Setting next_dagrun for supermarket_etl_pipeline to None, run_after=None
[2026-08-27T04:48:47.557+0000] {processor.py:183} INFO - Processing /opt/airflow/dags/supermarket_etl_pipeline.py took 0.264 seconds
[2026-08-27T04:49:17.808+0000] {processor.py:161} INFO - Started process (PID=2523) to work on /opt/airflow/dags/supermarket_etl_pipeline.py
[2026-08-27T04:49:17.811+0000] {processor.py:830} INFO - Processing file /opt/airflow/dags/supermarket_etl_pipeline.py for tasks to queue
[2026-08-27T04:49:17.814+0000] {logging_mixin.py:188} INFO - [2026-08-27T04:49:17.814+0000] {dagbag.py:538} INFO - Filling up the DagBag from /opt/airflow/dags/supermarket_etl_pipeline.py
[2026-08-27T04:49:18.042+0000] {processor.py:840} INFO - DAG(s) 'supermarket_etl_pipeline' retrieved from /opt/airflow/dags/supermarket_etl_pipeline.py
[2026-08-27T04:49:18.067+0000] {logging_mixin.py:188} INFO - [2026-08-27T04:49:18.066+0000] {dag.py:3036} INFO - Sync 1 DAGs
[2026-08-27T04:49:18.082+0000] {logging_mixin.py:188} INFO - [2026-08-27T04:49:18.082+0000] {dag.py:3823} INFO - Setting next_dagrun for supermarket_etl_pipeline to None, run_after=None
[2026-08-27T04:49:18.103+0000] {processor.py:183} INFO - Processing /opt/airflow/dags/supermarket_etl_pipeline.py took 0.301 seconds
[2026-08-27T04:49:48.367+0000] {processor.py:161} INFO - Started process (PID=2529) to work on /opt/airflow/dags/supermarket_etl_pipeline.py
[2026-08-27T04:49:48.369+0000] {processor.py:830} INFO - Processing file /opt/airflow/dags/supermarket_etl_pipeline.py for tasks to queue
[2026-08-27T04:49:48.371+0000] {logging_mixin.py:188} INFO - [2026-08-27T04:49:48.371+0000] {dagbag.py:538} INFO - Filling up the DagBag from /opt/airflow/dags/supermarket_etl_pipeline.py
[2026-08-27T04:49:48.594+0000] {processor.py:840} INFO - DAG(s) 'supermarket_etl_pipeline' retrieved from /opt/airflow/dags/supermarket_etl_pipeline.py
[2026-08-27T04:49:48.620+0000] {logging_mixin.py:188} INFO - [2026-08-27T04:49:48.620+0000] {dag.py:3036} INFO - Sync 1 DAGs
[2026-08-27T04:49:48.635+0000] {logging_mixin.py:188} INFO - [2026-08-27T04:49:48.633+0000] {dag.py:3823} INFO - Setting next_dagrun for supermarket_etl_pipeline to None, run_after=None
[2026-08-27T04:49:48.660+0000] {processor.py:183} INFO - Processing /opt/airflow/dags/supermarket_etl_pipeline.py took 0.296 seconds
[2026-08-27T04:50:18.936+0000] {processor.py:161} INFO - Started process (PID=2535) to work on /opt/airflow/dags/supermarket_etl_pipeline.py
[2026-08-27T04:50:18.937+0000] {processor.py:830} INFO - Processing file /opt/airflow/dags/supermarket_etl_pipeline.py for tasks to queue
[2026-08-27T04:50:18.939+0000] {logging_mixin.py:188} INFO - [2026-08-27T04:50:18.939+0000] {dagbag.py:538} INFO - Filling up the DagBag from /opt/airflow/dags/supermarket_etl_pipeline.py
[2026-08-27T04:50:19.156+0000] {processor.py:840} INFO - DAG(s) 'supermarket_etl_pipeline' retrieved from /opt/airflow/dags/supermarket_etl_pipeline.py
[2026-08-27T04:50:19.179+0000] {logging_mixin.py:188} INFO - [2026-08-27T04:50:19.179+0000] {dag.py:3036} INFO - Sync 1 DAGs
[2026-08-27T04:50:19.191+0000] {logging_mixin.py:188} INFO - [2026-08-27T04:50:19.191+0000] {dag.py:3823} INFO - Setting next_dagrun for supermarket_etl_pipeline to None, run_after=None
[2026-08-27T04:50:19.211+0000] {processor.py:183} INFO - Processing /opt/airflow/dags/supermarket_etl_pipeline.py took 0.278 seconds
[2026-08-27T04:50:49.494+0000] {processor.py:161} INFO - Started process (PID=2541) to work on /opt/airflow/dags/supermarket_etl_pipeline.py
[2026-08-27T04:50:49.495+0000] {processor.py:830} INFO - Processing file /opt/airflow/dags/supermarket_etl_pipeline.py for tasks to queue
[2026-08-27T04:50:49.498+0000] {logging_mixin.py:188} INFO - [2026-08-27T04:50:49.498+0000] {dagbag.py:538} INFO - Filling up the DagBag from /opt/airflow/dags/supermarket_etl_pipeline.py
[2026-08-27T04:50:49.715+0000] {processor.py:840} INFO - DAG(s) 'supermarket_etl_pipeline' retrieved from /opt/airflow/dags/supermarket_etl_pipeline.py
[2026-08-27T04:50:49.737+0000] {logging_mixin.py:188} INFO - [2026-08-27T04:50:49.737+0000] {dag.py:3036} INFO - Sync 1 DAGs
[2026-08-27T04:50:49.748+0000] {logging_mixin.py:188} INFO - [2026-08-27T04:50:49.748+0000] {dag.py:3823} INFO - Setting next_dagrun for supermarket_etl_pipeline to None, run_after=None
[2026-08-27T04:50:49.771+0000] {processor.py:183} INFO - Processing /opt/airflow/dags/supermarket_etl_pipeline.py took 0.280 seconds
[2026-08-27T04:51:20.074+0000] {processor.py:161} INFO - Started process (PID=2547) to work on /opt/airflow/dags/supermarket_etl_pipeline.py
[2026-08-27T04:51:20.076+0000] {processor.py:830} INFO - Processing file /opt/airflow/dags/supermarket_etl_pipeline.py for tasks to queue
[2026-08-27T04:51:20.078+0000] {logging_mixin.py:188} INFO - [2026-08-27T04:51:20.077+0000] {dagbag.py:538} INFO - Filling up the DagBag from /opt/airflow/dags/supermarket_etl_pipeline.py
[2026-08-27T04:51:20.309+0000] {processor.py:840} INFO - DAG(s) 'supermarket_etl_pipeline' retrieved from /opt/airflow/dags/supermarket_etl_pipeline.py
[2026-08-27T04:51:20.330+0000] {logging_mixin.py:188} INFO - [2026-08-27T04:51:20.330+0000] {dag.py:3036} INFO - Sync 1 DAGs
[2026-08-27T04:51:20.340+0000] {logging_mixin.py:188} INFO - [2026-08-27T04:51:20.340+0000] {dag.py:3823} INFO - Setting next_dagrun for supermarket_etl_pipeline to None, run_after=None
[2026-08-27T04:51:20.360+0000] {processor.py:183} INFO - Processing /opt/airflow/dags/supermarket_etl_pipeline.py took 0.291 seconds
[2026-08-27T04:51:50.690+0000] {processor.py:161} INFO - Started process (PID=2553) to work on /opt/airflow/dags/supermarket_etl_pipeline.py
[2026-08-27T04:51:50.692+0000] {processor.py:830} INFO - Processing file /opt/airflow/dags/supermarket_etl_pipeline.py for tasks to queue
[2026-08-27T04:51:50.694+0000] {logging_mixin.py:188} INFO - [2026-08-27T04:51:50.694+0000] {dagbag.py:538} INFO - Filling up the DagBag from /opt/airflow/dags/supermarket_etl_pipeline.py
[2026-08-27T04:51:51.020+0000] {processor.py:840} INFO - DAG(s) 'supermarket_etl_pipeline' retrieved from /opt/airflow/dags/supermarket_etl_pipeline.py
[2026-08-27T04:51:51.049+0000] {logging_mixin.py:188} INFO - [2026-08-27T04:51:51.048+0000] {dag.py:3036} INFO - Sync 1 DAGs
[2026-08-27T04:51:51.065+0000] {logging_mixin.py:188} INFO - [2026-08-27T04:51:51.064+0000] {dag.py:3823} INFO - Setting next_dagrun for supermarket_etl_pipeline to None, run_after=None
[2026-08-27T04:51:51.086+0000] {processor.py:183} INFO - Processing /opt/airflow/dags/supermarket_etl_pipeline.py took 0.400 seconds
[2026-08-27T04:52:21.409+0000] {processor.py:161} INFO - Started process (PID=2559) to work on /opt/airflow/dags/supermarket_etl_pipeline.py
[2026-08-27T04:52:21.411+0000] {processor.py:830} INFO - Processing file /opt/airflow/dags/supermarket_etl_pipeline.py for tasks to queue
[2026-08-27T04:52:21.413+0000] {logging_mixin.py:188} INFO - [2026-08-27T04:52:21.413+0000] {dagbag.py:538} INFO - Filling up the DagBag from /opt/airflow/dags/supermarket_etl_pipeline.py
[2026-08-27T04:52:21.630+0000] {processor.py:840} INFO - DAG(s) 'supermarket_etl_pipeline' retrieved from /opt/airflow/dags/supermarket_etl_pipeline.py
[2026-08-27T04:52:21.651+0000] {logging_mixin.py:188} INFO - [2026-08-27T04:52:21.651+0000] {dag.py:3036} INFO - Sync 1 DAGs
[2026-08-27T04:52:21.662+0000] {logging_mixin.py:188} INFO - [2026-08-27T04:52:21.661+0000] {dag.py:3823} INFO - Setting next_dagrun for supermarket_etl_pipeline to None, run_after=None
[2026-08-27T04:52:21.681+0000] {processor.py:183} INFO - Processing /opt/airflow/dags/supermarket_etl_pipeline.py took 0.275 seconds
[2026-08-27T04:52:51.958+0000] {processor.py:161} INFO - Started process (PID=2565) to work on /opt/airflow/dags/supermarket_etl_pipeline.py
[2026-08-27T04:52:51.961+0000] {processor.py:830} INFO - Processing file /opt/airflow/dags/supermarket_etl_pipeline.py for tasks to queue
[2026-08-27T04:52:51.962+0000] {logging_mixin.py:188} INFO - [2026-08-27T04:52:51.962+0000] {dagbag.py:538} INFO - Filling up the DagBag from /opt/airflow/dags/supermarket_etl_pipeline.py
[2026-08-27T04:52:52.474+0000] {processor.py:840} INFO - DAG(s) 'supermarket_etl_pipeline' retrieved from /opt/airflow/dags/supermarket_etl_pipeline.py
[2026-08-27T04:52:52.519+0000] {logging_mixin.py:188} INFO - [2026-08-27T04:52:52.519+0000] {dag.py:3036} INFO - Sync 1 DAGs
[2026-08-27T04:52:52.532+0000] {logging_mixin.py:188} INFO - [2026-08-27T04:52:52.531+0000] {dag.py:3823} INFO - Setting next_dagrun for supermarket_etl_pipeline to None, run_after=None
[2026-08-27T04:52:52.555+0000] {processor.py:183} INFO - Processing /opt/airflow/dags/supermarket_etl_pipeline.py took 0.600 seconds
[2026-08-27T04:53:22.878+0000] {processor.py:161} INFO - Started process (PID=2571) to work on /opt/airflow/dags/supermarket_etl_pipeline.py
[2026-08-27T04:53:22.881+0000] {processor.py:830} INFO - Processing file /opt/airflow/dags/supermarket_etl_pipeline.py for tasks to queue
[2026-08-27T04:53:22.883+0000] {logging_mixin.py:188} INFO - [2026-08-27T04:53:22.882+0000] {dagbag.py:538} INFO - Filling up the DagBag from /opt/airflow/dags/supermarket_etl_pipeline.py
[2026-08-27T04:53:23.104+0000] {processor.py:840} INFO - DAG(s) 'supermarket_etl_pipeline' retrieved from /opt/airflow/dags/supermarket_etl_pipeline.py
[2026-08-27T04:53:23.128+0000] {logging_mixin.py:188} INFO - [2026-08-27T04:53:23.128+0000] {dag.py:3036} INFO - Sync 1 DAGs
[2026-08-27T04:53:23.138+0000] {logging_mixin.py:188} INFO - [2026-08-27T04:53:23.138+0000] {dag.py:3823} INFO - Setting next_dagrun for supermarket_etl_pipeline to None, run_after=None
[2026-08-27T04:53:23.157+0000] {processor.py:183} INFO - Processing /opt/airflow/dags/supermarket_etl_pipeline.py took 0.283 seconds
[2026-08-27T04:53:53.491+0000] {processor.py:161} INFO - Started process (PID=2577) to work on /opt/airflow/dags/supermarket_etl_pipeline.py
[2026-08-27T04:53:53.494+0000] {processor.py:830} INFO - Processing file /opt/airflow/dags/supermarket_etl_pipeline.py for tasks to queue
[2026-08-27T04:53:53.495+0000] {logging_mixin.py:188} INFO - [2026-08-27T04:53:53.495+0000] {dagbag.py:538} INFO - Filling up the DagBag from /opt/airflow/dags/supermarket_etl_pipeline.py
[2026-08-27T04:53:53.734+0000] {processor.py:840} INFO - DAG(s) 'supermarket_etl_pipeline' retrieved from /opt/airflow/dags/supermarket_etl_pipeline.py
[2026-08-27T04:53:53.760+0000] {logging_mixin.py:188} INFO - [2026-08-27T04:53:53.760+0000] {dag.py:3036} INFO - Sync 1 DAGs
[2026-08-27T04:53:53.779+0000] {logging_mixin.py:188} INFO - [2026-08-27T04:53:53.779+0000] {dag.py:3823} INFO - Setting next_dagrun for supermarket_etl_pipeline to None, run_after=None
[2026-08-27T04:53:53.809+0000] {processor.py:183} INFO - Processing /opt/airflow/dags/supermarket_etl_pipeline.py took 0.321 seconds
[2026-08-27T04:54:24.142+0000] {processor.py:161} INFO - Started process (PID=2583) to work on /opt/airflow/dags/supermarket_etl_pipeline.py
[2026-08-27T04:54:24.144+0000] {processor.py:830} INFO - Processing file /opt/airflow/dags/supermarket_etl_pipeline.py for tasks to queue
[2026-08-27T04:54:24.146+0000] {logging_mixin.py:188} INFO - [2026-08-27T04:54:24.146+0000] {dagbag.py:538} INFO - Filling up the DagBag from /opt/airflow/dags/supermarket_etl_pipeline.py
[2026-08-27T04:54:24.382+0000] {processor.py:840} INFO - DAG(s) 'supermarket_etl_pipeline' retrieved from /opt/airflow/dags/supermarket_etl_pipeline.py
[2026-08-27T04:54:24.412+0000] {logging_mixin.py:188} INFO - [2026-08-27T04:54:24.412+0000] {dag.py:3036} INFO - Sync 1 DAGs
[2026-08-27T04:54:24.423+0000] {logging_mixin.py:188} INFO - [2026-08-27T04:54:24.423+0000] {dag.py:3823} INFO - Setting next_dagrun for supermarket_etl_pipeline to None, run_after=None
[2026-08-27T04:54:24.448+0000] {processor.py:183} INFO - Processing /opt/airflow/dags/supermarket_etl_pipeline.py took 0.308 seconds
[2026-08-27T04:54:54.802+0000] {processor.py:161} INFO - Started process (PID=2589) to work on /opt/airflow/dags/supermarket_etl_pipeline.py
[2026-08-27T04:54:54.804+0000] {processor.py:830} INFO - Processing file /opt/airflow/dags/supermarket_etl_pipeline.py for tasks to queue
[2026-08-27T04:54:54.807+0000] {logging_mixin.py:188} INFO - [2026-08-27T04:54:54.807+0000] {dagbag.py:538} INFO - Filling up the DagBag from /opt/airflow/dags/supermarket_etl_pipeline.py
[2026-08-27T04:54:55.032+0000] {processor.py:840} INFO - DAG(s) 'supermarket_etl_pipeline' retrieved from /opt/airflow/dags/supermarket_etl_pipeline.py
[2026-08-27T04:54:55.056+0000] {logging_mixin.py:188} INFO - [2026-08-27T04:54:55.056+0000] {dag.py:3036} INFO - Sync 1 DAGs
[2026-08-27T04:54:55.067+0000] {logging_mixin.py:188} INFO - [2026-08-27T04:54:55.067+0000] {dag.py:3823} INFO - Setting next_dagrun for supermarket_etl_pipeline to None, run_after=None
[2026-08-27T04:54:55.090+0000] {processor.py:183} INFO - Processing /opt/airflow/dags/supermarket_etl_pipeline.py took 0.290 seconds
[2026-08-27T04:55:25.447+0000] {processor.py:161} INFO - Started process (PID=2595) to work on /opt/airflow/dags/supermarket_etl_pipeline.py
[2026-08-27T04:55:25.449+0000] {processor.py:830} INFO - Processing file /opt/airflow/dags/supermarket_etl_pipeline.py for tasks to queue
[2026-08-27T04:55:25.450+0000] {logging_mixin.py:188} INFO - [2026-08-27T04:55:25.450+0000] {dagbag.py:538} INFO - Filling up the DagBag from /opt/airflow/dags/supermarket_etl_pipeline.py
[2026-08-27T04:55:25.684+0000] {processor.py:840} INFO - DAG(s) 'supermarket_etl_pipeline' retrieved from /opt/airflow/dags/supermarket_etl_pipeline.py
[2026-08-27T04:55:25.707+0000] {logging_mixin.py:188} INFO - [2026-08-27T04:55:25.707+0000] {dag.py:3036} INFO - Sync 1 DAGs
[2026-08-27T04:55:25.718+0000] {logging_mixin.py:188} INFO - [2026-08-27T04:55:25.718+0000] {dag.py:3823} INFO - Setting next_dagrun for supermarket_etl_pipeline to None, run_after=None
[2026-08-27T04:55:25.738+0000] {processor.py:183} INFO - Processing /opt/airflow/dags/supermarket_etl_pipeline.py took 0.293 seconds
[2026-08-27T04:55:56.092+0000] {processor.py:161} INFO - Started process (PID=2601) to work on /opt/airflow/dags/supermarket_etl_pipeline.py
[2026-08-27T04:55:56.094+0000] {processor.py:830} INFO - Processing file /opt/airflow/dags/supermarket_etl_pipeline.py for tasks to queue
[2026-08-27T04:55:56.096+0000] {logging_mixin.py:188} INFO - [2026-08-27T04:55:56.096+0000] {dagbag.py:538} INFO - Filling up the DagBag from /opt/airflow/dags/supermarket_etl_pipeline.py
[2026-08-27T04:55:56.319+0000] {processor.py:840} INFO - DAG(s) 'supermarket_etl_pipeline' retrieved from /opt/airflow/dags/supermarket_etl_pipeline.py
[2026-08-27T04:55:56.340+0000] {logging_mixin.py:188} INFO - [2026-08-27T04:55:56.340+0000] {dag.py:3036} INFO - Sync 1 DAGs
[2026-08-27T04:55:56.350+0000] {logging_mixin.py:188} INFO - [2026-08-27T04:55:56.349+0000] {dag.py:3823} INFO - Setting next_dagrun for supermarket_etl_pipeline to None, run_after=None
[2026-08-27T04:55:56.370+0000] {processor.py:183} INFO - Processing /opt/airflow/dags/supermarket_etl_pipeline.py took 0.281 seconds
[2026-08-27T04:56:26.690+0000] {processor.py:161} INFO - Started process (PID=2607) to work on /opt/airflow/dags/supermarket_etl_pipeline.py
[2026-08-27T04:56:26.691+0000] {processor.py:830} INFO - Processing file /opt/airflow/dags/supermarket_etl_pipeline.py for tasks to queue
[2026-08-27T04:56:26.693+0000] {logging_mixin.py:188} INFO - [2026-08-27T04:56:26.693+0000] {dagbag.py:538} INFO - Filling up the DagBag from /opt/airflow/dags/supermarket_etl_pipeline.py
[2026-08-27T04:56:26.932+0000] {processor.py:840} INFO - DAG(s) 'supermarket_etl_pipeline' retrieved from /opt/airflow/dags/supermarket_etl_pipeline.py
[2026-08-27T04:56:26.963+0000] {logging_mixin.py:188} INFO - [2026-08-27T04:56:26.963+0000] {dag.py:3036} INFO - Sync 1 DAGs
[2026-08-27T04:56:26.974+0000] {logging_mixin.py:188} INFO - [2026-08-27T04:56:26.974+0000] {dag.py:3823} INFO - Setting next_dagrun for supermarket_etl_pipeline to None, run_after=None
[2026-08-27T04:56:26.994+0000] {processor.py:183} INFO - Processing /opt/airflow/dags/supermarket_etl_pipeline.py took 0.307 seconds
[2026-08-27T04:56:57.294+0000] {processor.py:161} INFO - Started process (PID=2613) to work on /opt/airflow/dags/supermarket_etl_pipeline.py
[2026-08-27T04:56:57.296+0000] {processor.py:830} INFO - Processing file /opt/airflow/dags/supermarket_etl_pipeline.py for tasks to queue
[2026-08-27T04:56:57.297+0000] {logging_mixin.py:188} INFO - [2026-08-27T04:56:57.297+0000] {dagbag.py:538} INFO - Filling up the DagBag from /opt/airflow/dags/supermarket_etl_pipeline.py
[2026-08-27T04:56:57.522+0000] {processor.py:840} INFO - DAG(s) 'supermarket_etl_pipeline' retrieved from /opt/airflow/dags/supermarket_etl_pipeline.py
[2026-08-27T04:56:57.545+0000] {logging_mixin.py:188} INFO - [2026-08-27T04:56:57.545+0000] {dag.py:3036} INFO - Sync 1 DAGs
[2026-08-27T04:56:57.556+0000] {logging_mixin.py:188} INFO - [2026-08-27T04:56:57.556+0000] {dag.py:3823} INFO - Setting next_dagrun for supermarket_etl_pipeline to None, run_after=None
[2026-08-27T04:56:57.574+0000] {processor.py:183} INFO - Processing /opt/airflow/dags/supermarket_etl_pipeline.py took 0.284 seconds
[2026-08-27T04:57:27.882+0000] {processor.py:161} INFO - Started process (PID=2619) to work on /opt/airflow/dags/supermarket_etl_pipeline.py
[2026-08-27T04:57:27.884+0000] {processor.py:830} INFO - Processing file /opt/airflow/dags/supermarket_etl_pipeline.py for tasks to queue
[2026-08-27T04:57:27.886+0000] {logging_mixin.py:188} INFO - [2026-08-27T04:57:27.886+0000] {dagbag.py:538} INFO - Filling up the DagBag from /opt/airflow/dags/supermarket_etl_pipeline.py
[2026-08-27T04:57:28.175+0000] {processor.py:840} INFO - DAG(s) 'supermarket_etl_pipeline' retrieved from /opt/airflow/dags/supermarket_etl_pipeline.py
[2026-08-27T04:57:28.221+0000] {logging_mixin.py:188} INFO - [2026-08-27T04:57:28.220+0000] {dag.py:3036} INFO - Sync 1 DAGs
[2026-08-27T04:57:28.232+0000] {logging_mixin.py:188} INFO - [2026-08-27T04:57:28.232+0000] {dag.py:3823} INFO - Setting next_dagrun for supermarket_etl_pipeline to None, run_after=None
[2026-08-27T04:57:28.255+0000] {processor.py:183} INFO - Processing /opt/airflow/dags/supermarket_etl_pipeline.py took 0.376 seconds
[2026-08-27T04:57:58.590+0000] {processor.py:161} INFO - Started process (PID=2625) to work on /opt/airflow/dags/supermarket_etl_pipeline.py
[2026-08-27T04:57:58.595+0000] {processor.py:830} INFO - Processing file /opt/airflow/dags/supermarket_etl_pipeline.py for tasks to queue
[2026-08-27T04:57:58.602+0000] {logging_mixin.py:188} INFO - [2026-08-27T04:57:58.600+0000] {dagbag.py:538} INFO - Filling up the DagBag from /opt/airflow/dags/supermarket_etl_pipeline.py
[2026-08-27T04:57:58.912+0000] {processor.py:840} INFO - DAG(s) 'supermarket_etl_pipeline' retrieved from /opt/airflow/dags/supermarket_etl_pipeline.py
[2026-08-27T04:57:58.988+0000] {logging_mixin.py:188} INFO - [2026-08-27T04:57:58.988+0000] {dag.py:3036} INFO - Sync 1 DAGs
[2026-08-27T04:57:59.027+0000] {logging_mixin.py:188} INFO - [2026-08-27T04:57:59.026+0000] {dag.py:3823} INFO - Setting next_dagrun for supermarket_etl_pipeline to None, run_after=None
[2026-08-27T04:57:59.113+0000] {processor.py:183} INFO - Processing /opt/airflow/dags/supermarket_etl_pipeline.py took 0.532 seconds
[2026-08-27T04:58:29.421+0000] {processor.py:161} INFO - Started process (PID=2631) to work on /opt/airflow/dags/supermarket_etl_pipeline.py
[2026-08-27T04:58:29.423+0000] {processor.py:830} INFO - Processing file /opt/airflow/dags/supermarket_etl_pipeline.py for tasks to queue
[2026-08-27T04:58:29.425+0000] {logging_mixin.py:188} INFO - [2026-08-27T04:58:29.425+0000] {dagbag.py:538} INFO - Filling up the DagBag from /opt/airflow/dags/supermarket_etl_pipeline.py
[2026-08-27T04:58:29.690+0000] {processor.py:840} INFO - DAG(s) 'supermarket_etl_pipeline' retrieved from /opt/airflow/dags/supermarket_etl_pipeline.py
[2026-08-27T04:58:29.713+0000] {logging_mixin.py:188} INFO - [2026-08-27T04:58:29.712+0000] {dag.py:3036} INFO - Sync 1 DAGs
[2026-08-27T04:58:29.724+0000] {logging_mixin.py:188} INFO - [2026-08-27T04:58:29.724+0000] {dag.py:3823} INFO - Setting next_dagrun for supermarket_etl_pipeline to None, run_after=None
[2026-08-27T04:58:29.746+0000] {processor.py:183} INFO - Processing /opt/airflow/dags/supermarket_etl_pipeline.py took 0.329 seconds
[2026-08-27T04:59:00.089+0000] {processor.py:161} INFO - Started process (PID=2637) to work on /opt/airflow/dags/supermarket_etl_pipeline.py
[2026-08-27T04:59:00.091+0000] {processor.py:830} INFO - Processing file /opt/airflow/dags/supermarket_etl_pipeline.py for tasks to queue
[2026-08-27T04:59:00.093+0000] {logging_mixin.py:188} INFO - [2026-08-27T04:59:00.093+0000] {dagbag.py:538} INFO - Filling up the DagBag from /opt/airflow/dags/supermarket_etl_pipeline.py
[2026-08-27T04:59:00.352+0000] {processor.py:840} INFO - DAG(s) 'supermarket_etl_pipeline' retrieved from /opt/airflow/dags/supermarket_etl_pipeline.py
[2026-08-27T04:59:00.373+0000] {logging_mixin.py:188} INFO - [2026-08-27T04:59:00.373+0000] {dag.py:3036} INFO - Sync 1 DAGs
[2026-08-27T04:59:00.383+0000] {logging_mixin.py:188} INFO - [2026-08-27T04:59:00.383+0000] {dag.py:3823} INFO - Setting next_dagrun for supermarket_etl_pipeline to None, run_after=None
[2026-08-27T04:59:00.401+0000] {processor.py:183} INFO - Processing /opt/airflow/dags/supermarket_etl_pipeline.py took 0.317 seconds
[2026-08-27T04:59:30.791+0000] {processor.py:161} INFO - Started process (PID=2643) to work on /opt/airflow/dags/supermarket_etl_pipeline.py
[2026-08-27T04:59:30.793+0000] {processor.py:830} INFO - Processing file /opt/airflow/dags/supermarket_etl_pipeline.py for tasks to queue
[2026-08-27T04:59:30.795+0000] {logging_mixin.py:188} INFO - [2026-08-27T04:59:30.794+0000] {dagbag.py:538} INFO - Filling up the DagBag from /opt/airflow/dags/supermarket_etl_pipeline.py
[2026-08-27T04:59:31.015+0000] {processor.py:840} INFO - DAG(s) 'supermarket_etl_pipeline' retrieved from /opt/airflow/dags/supermarket_etl_pipeline.py
[2026-08-27T04:59:31.035+0000] {logging_mixin.py:188} INFO - [2026-08-27T04:59:31.035+0000] {dag.py:3036} INFO - Sync 1 DAGs
[2026-08-27T04:59:31.045+0000] {logging_mixin.py:188} INFO - [2026-08-27T04:59:31.045+0000] {dag.py:3823} INFO - Setting next_dagrun for supermarket_etl_pipeline to None, run_after=None
[2026-08-27T04:59:31.065+0000] {processor.py:183} INFO - Processing /opt/airflow/dags/supermarket_etl_pipeline.py took 0.278 seconds
[2026-08-27T05:00:01.396+0000] {processor.py:161} INFO - Started process (PID=2649) to work on /opt/airflow/dags/supermarket_etl_pipeline.py
[2026-08-27T05:00:01.398+0000] {processor.py:830} INFO - Processing file /opt/airflow/dags/supermarket_etl_pipeline.py for tasks to queue
[2026-08-27T05:00:01.400+0000] {logging_mixin.py:188} INFO - [2026-08-27T05:00:01.399+0000] {dagbag.py:538} INFO - Filling up the DagBag from /opt/airflow/dags/supermarket_etl_pipeline.py
[2026-08-27T05:00:01.631+0000] {processor.py:840} INFO - DAG(s) 'supermarket_etl_pipeline' retrieved from /opt/airflow/dags/supermarket_etl_pipeline.py
[2026-08-27T05:00:01.658+0000] {logging_mixin.py:188} INFO - [2026-08-27T05:00:01.657+0000] {dag.py:3036} INFO - Sync 1 DAGs
[2026-08-27T05:00:01.669+0000] {logging_mixin.py:188} INFO - [2026-08-27T05:00:01.669+0000] {dag.py:3823} INFO - Setting next_dagrun for supermarket_etl_pipeline to None, run_after=None
[2026-08-27T05:00:01.693+0000] {processor.py:183} INFO - Processing /opt/airflow/dags/supermarket_etl_pipeline.py took 0.299 seconds
[2026-08-27T05:00:32.033+0000] {processor.py:161} INFO - Started process (PID=2655) to work on /opt/airflow/dags/supermarket_etl_pipeline.py
[2026-08-27T05:00:32.035+0000] {processor.py:830} INFO - Processing file /opt/airflow/dags/supermarket_etl_pipeline.py for tasks to queue
[2026-08-27T05:00:32.038+0000] {logging_mixin.py:188} INFO - [2026-08-27T05:00:32.037+0000] {dagbag.py:538} INFO - Filling up the DagBag from /opt/airflow/dags/supermarket_etl_pipeline.py
[2026-08-27T05:00:32.418+0000] {processor.py:840} INFO - DAG(s) 'supermarket_etl_pipeline' retrieved from /opt/airflow/dags/supermarket_etl_pipeline.py
[2026-08-27T05:00:32.456+0000] {logging_mixin.py:188} INFO - [2026-08-27T05:00:32.455+0000] {dag.py:3036} INFO - Sync 1 DAGs
[2026-08-27T05:00:32.469+0000] {logging_mixin.py:188} INFO - [2026-08-27T05:00:32.469+0000] {dag.py:3823} INFO - Setting next_dagrun for supermarket_etl_pipeline to None, run_after=None
[2026-08-27T05:00:32.493+0000] {processor.py:183} INFO - Processing /opt/airflow/dags/supermarket_etl_pipeline.py took 0.462 seconds
[2026-08-27T05:01:02.800+0000] {processor.py:161} INFO - Started process (PID=2661) to work on /opt/airflow/dags/supermarket_etl_pipeline.py
[2026-08-27T05:01:02.805+0000] {processor.py:830} INFO - Processing file /opt/airflow/dags/supermarket_etl_pipeline.py for tasks to queue
[2026-08-27T05:01:02.815+0000] {logging_mixin.py:188} INFO - [2026-08-27T05:01:02.813+0000] {dagbag.py:538} INFO - Filling up the DagBag from /opt/airflow/dags/supermarket_etl_pipeline.py
[2026-08-27T05:01:03.254+0000] {processor.py:840} INFO - DAG(s) 'supermarket_etl_pipeline' retrieved from /opt/airflow/dags/supermarket_etl_pipeline.py
[2026-08-27T05:01:03.289+0000] {logging_mixin.py:188} INFO - [2026-08-27T05:01:03.288+0000] {dag.py:3036} INFO - Sync 1 DAGs
[2026-08-27T05:01:03.306+0000] {logging_mixin.py:188} INFO - [2026-08-27T05:01:03.306+0000] {dag.py:3823} INFO - Setting next_dagrun for supermarket_etl_pipeline to None, run_after=None
[2026-08-27T05:01:03.332+0000] {processor.py:183} INFO - Processing /opt/airflow/dags/supermarket_etl_pipeline.py took 0.536 seconds
[2026-08-27T05:01:33.568+0000] {processor.py:161} INFO - Started process (PID=2667) to work on /opt/airflow/dags/supermarket_etl_pipeline.py
[2026-08-27T05:01:33.570+0000] {processor.py:830} INFO - Processing file /opt/airflow/dags/supermarket_etl_pipeline.py for tasks to queue
[2026-08-27T05:01:33.573+0000] {logging_mixin.py:188} INFO - [2026-08-27T05:01:33.572+0000] {dagbag.py:538} INFO - Filling up the DagBag from /opt/airflow/dags/supermarket_etl_pipeline.py
[2026-08-27T05:01:33.941+0000] {processor.py:840} INFO - DAG(s) 'supermarket_etl_pipeline' retrieved from /opt/airflow/dags/supermarket_etl_pipeline.py
[2026-08-27T05:01:33.990+0000] {logging_mixin.py:188} INFO - [2026-08-27T05:01:33.989+0000] {dag.py:3036} INFO - Sync 1 DAGs
[2026-08-27T05:01:34.010+0000] {logging_mixin.py:188} INFO - [2026-08-27T05:01:34.009+0000] {dag.py:3823} INFO - Setting next_dagrun for supermarket_etl_pipeline to None, run_after=None
[2026-08-27T05:01:34.031+0000] {processor.py:183} INFO - Processing /opt/airflow/dags/supermarket_etl_pipeline.py took 0.467 seconds
[2026-08-27T05:02:04.435+0000] {processor.py:161} INFO - Started process (PID=2673) to work on /opt/airflow/dags/supermarket_etl_pipeline.py
[2026-08-27T05:02:04.437+0000] {processor.py:830} INFO - Processing file /opt/airflow/dags/supermarket_etl_pipeline.py for tasks to queue
[2026-08-27T05:02:04.438+0000] {logging_mixin.py:188} INFO - [2026-08-27T05:02:04.438+0000] {dagbag.py:538} INFO - Filling up the DagBag from /opt/airflow/dags/supermarket_etl_pipeline.py
[2026-08-27T05:02:04.672+0000] {processor.py:840} INFO - DAG(s) 'supermarket_etl_pipeline' retrieved from /opt/airflow/dags/supermarket_etl_pipeline.py
[2026-08-27T05:02:04.694+0000] {logging_mixin.py:188} INFO - [2026-08-27T05:02:04.694+0000] {dag.py:3036} INFO - Sync 1 DAGs
[2026-08-27T05:02:04.703+0000] {logging_mixin.py:188} INFO - [2026-08-27T05:02:04.703+0000] {dag.py:3823} INFO - Setting next_dagrun for supermarket_etl_pipeline to None, run_after=None
[2026-08-27T05:02:04.722+0000] {processor.py:183} INFO - Processing /opt/airflow/dags/supermarket_etl_pipeline.py took 0.290 seconds
[2026-08-27T05:02:35.061+0000] {processor.py:161} INFO - Started process (PID=2679) to work on /opt/airflow/dags/supermarket_etl_pipeline.py
[2026-08-27T05:02:35.063+0000] {processor.py:830} INFO - Processing file /opt/airflow/dags/supermarket_etl_pipeline.py for tasks to queue
[2026-08-27T05:02:35.065+0000] {logging_mixin.py:188} INFO - [2026-08-27T05:02:35.065+0000] {dagbag.py:538} INFO - Filling up the DagBag from /opt/airflow/dags/supermarket_etl_pipeline.py
[2026-08-27T05:02:35.287+0000] {processor.py:840} INFO - DAG(s) 'supermarket_etl_pipeline' retrieved from /opt/airflow/dags/supermarket_etl_pipeline.py
[2026-08-27T05:02:35.312+0000] {logging_mixin.py:188} INFO - [2026-08-27T05:02:35.311+0000] {dag.py:3036} INFO - Sync 1 DAGs
[2026-08-27T05:02:35.324+0000] {logging_mixin.py:188} INFO - [2026-08-27T05:02:35.324+0000] {dag.py:3823} INFO - Setting next_dagrun for supermarket_etl_pipeline to None, run_after=None
[2026-08-27T05:02:35.346+0000] {processor.py:183} INFO - Processing /opt/airflow/dags/supermarket_etl_pipeline.py took 0.288 seconds
[2026-08-27T05:03:05.691+0000] {processor.py:161} INFO - Started process (PID=2685) to work on /opt/airflow/dags/supermarket_etl_pipeline.py
[2026-08-27T05:03:05.694+0000] {processor.py:830} INFO - Processing file /opt/airflow/dags/supermarket_etl_pipeline.py for tasks to queue
[2026-08-27T05:03:05.696+0000] {logging_mixin.py:188} INFO - [2026-08-27T05:03:05.695+0000] {dagbag.py:538} INFO - Filling up the DagBag from /opt/airflow/dags/supermarket_etl_pipeline.py
[2026-08-27T05:03:05.920+0000] {processor.py:840} INFO - DAG(s) 'supermarket_etl_pipeline' retrieved from /opt/airflow/dags/supermarket_etl_pipeline.py
[2026-08-27T05:03:05.945+0000] {logging_mixin.py:188} INFO - [2026-08-27T05:03:05.945+0000] {dag.py:3036} INFO - Sync 1 DAGs
[2026-08-27T05:03:05.956+0000] {logging_mixin.py:188} INFO - [2026-08-27T05:03:05.956+0000] {dag.py:3823} INFO - Setting next_dagrun for supermarket_etl_pipeline to None, run_after=None
[2026-08-27T05:03:05.976+0000] {processor.py:183} INFO - Processing /opt/airflow/dags/supermarket_etl_pipeline.py took 0.288 seconds
[2026-08-27T05:03:36.326+0000] {processor.py:161} INFO - Started process (PID=2691) to work on /opt/airflow/dags/supermarket_etl_pipeline.py
[2026-08-27T05:03:36.330+0000] {processor.py:830} INFO - Processing file /opt/airflow/dags/supermarket_etl_pipeline.py for tasks to queue
[2026-08-27T05:03:36.333+0000] {logging_mixin.py:188} INFO - [2026-08-27T05:03:36.333+0000] {dagbag.py:538} INFO - Filling up the DagBag from /opt/airflow/dags/supermarket_etl_pipeline.py
[2026-08-27T05:03:36.570+0000] {processor.py:840} INFO - DAG(s) 'supermarket_etl_pipeline' retrieved from /opt/airflow/dags/supermarket_etl_pipeline.py
[2026-08-27T05:03:36.591+0000] {logging_mixin.py:188} INFO - [2026-08-27T05:03:36.590+0000] {dag.py:3036} INFO - Sync 1 DAGs
[2026-08-27T05:03:36.602+0000] {logging_mixin.py:188} INFO - [2026-08-27T05:03:36.602+0000] {dag.py:3823} INFO - Setting next_dagrun for supermarket_etl_pipeline to None, run_after=None
[2026-08-27T05:03:36.622+0000] {processor.py:183} INFO - Processing /opt/airflow/dags/supermarket_etl_pipeline.py took 0.300 seconds
[2026-08-27T05:04:06.923+0000] {processor.py:161} INFO - Started process (PID=2697) to work on /opt/airflow/dags/supermarket_etl_pipeline.py
[2026-08-27T05:04:06.925+0000] {processor.py:830} INFO - Processing file /opt/airflow/dags/supermarket_etl_pipeline.py for tasks to queue
[2026-08-27T05:04:06.926+0000] {logging_mixin.py:188} INFO - [2026-08-27T05:04:06.926+0000] {dagbag.py:538} INFO - Filling up the DagBag from /opt/airflow/dags/supermarket_etl_pipeline.py
[2026-08-27T05:04:07.183+0000] {processor.py:840} INFO - DAG(s) 'supermarket_etl_pipeline' retrieved from /opt/airflow/dags/supermarket_etl_pipeline.py
[2026-08-27T05:04:07.218+0000] {logging_mixin.py:188} INFO - [2026-08-27T05:04:07.218+0000] {dag.py:3036} INFO - Sync 1 DAGs
[2026-08-27T05:04:07.234+0000] {logging_mixin.py:188} INFO - [2026-08-27T05:04:07.234+0000] {dag.py:3823} INFO - Setting next_dagrun for supermarket_etl_pipeline to None, run_after=None
[2026-08-27T05:04:07.256+0000] {processor.py:183} INFO - Processing /opt/airflow/dags/supermarket_etl_pipeline.py took 0.337 seconds
[2026-08-27T05:04:37.583+0000] {processor.py:161} INFO - Started process (PID=2703) to work on /opt/airflow/dags/supermarket_etl_pipeline.py
[2026-08-27T05:04:37.585+0000] {processor.py:830} INFO - Processing file /opt/airflow/dags/supermarket_etl_pipeline.py for tasks to queue
[2026-08-27T05:04:37.587+0000] {logging_mixin.py:188} INFO - [2026-08-27T05:04:37.586+0000] {dagbag.py:538} INFO - Filling up the DagBag from /opt/airflow/dags/supermarket_etl_pipeline.py
[2026-08-27T05:04:37.821+0000] {processor.py:840} INFO - DAG(s) 'supermarket_etl_pipeline' retrieved from /opt/airflow/dags/supermarket_etl_pipeline.py
[2026-08-27T05:04:37.845+0000] {logging_mixin.py:188} INFO - [2026-08-27T05:04:37.844+0000] {dag.py:3036} INFO - Sync 1 DAGs
[2026-08-27T05:04:37.854+0000] {logging_mixin.py:188} INFO - [2026-08-27T05:04:37.854+0000] {dag.py:3823} INFO - Setting next_dagrun for supermarket_etl_pipeline to None, run_after=None
[2026-08-27T05:04:37.875+0000] {processor.py:183} INFO - Processing /opt/airflow/dags/supermarket_etl_pipeline.py took 0.295 seconds
[2026-08-27T05:05:08.217+0000] {processor.py:161} INFO - Started process (PID=2709) to work on /opt/airflow/dags/supermarket_etl_pipeline.py
[2026-08-27T05:05:08.219+0000] {processor.py:830} INFO - Processing file /opt/airflow/dags/supermarket_etl_pipeline.py for tasks to queue
[2026-08-27T05:05:08.220+0000] {logging_mixin.py:188} INFO - [2026-08-27T05:05:08.220+0000] {dagbag.py:538} INFO - Filling up the DagBag from /opt/airflow/dags/supermarket_etl_pipeline.py
[2026-08-27T05:05:08.453+0000] {processor.py:840} INFO - DAG(s) 'supermarket_etl_pipeline' retrieved from /opt/airflow/dags/supermarket_etl_pipeline.py
[2026-08-27T05:05:08.477+0000] {logging_mixin.py:188} INFO - [2026-08-27T05:05:08.477+0000] {dag.py:3036} INFO - Sync 1 DAGs
[2026-08-27T05:05:08.487+0000] {logging_mixin.py:188} INFO - [2026-08-27T05:05:08.487+0000] {dag.py:3823} INFO - Setting next_dagrun for supermarket_etl_pipeline to None, run_after=None
[2026-08-27T05:05:08.507+0000] {processor.py:183} INFO - Processing /opt/airflow/dags/supermarket_etl_pipeline.py took 0.292 seconds
[2026-08-27T05:05:38.850+0000] {processor.py:161} INFO - Started process (PID=2715) to work on /opt/airflow/dags/supermarket_etl_pipeline.py
[2026-08-27T05:05:38.852+0000] {processor.py:830} INFO - Processing file /opt/airflow/dags/supermarket_etl_pipeline.py for tasks to queue
[2026-08-27T05:05:38.855+0000] {logging_mixin.py:188} INFO - [2026-08-27T05:05:38.854+0000] {dagbag.py:538} INFO - Filling up the DagBag from /opt/airflow/dags/supermarket_etl_pipeline.py
[2026-08-27T05:05:39.124+0000] {processor.py:840} INFO - DAG(s) 'supermarket_etl_pipeline' retrieved from /opt/airflow/dags/supermarket_etl_pipeline.py
[2026-08-27T05:05:39.154+0000] {logging_mixin.py:188} INFO - [2026-08-27T05:05:39.154+0000] {dag.py:3036} INFO - Sync 1 DAGs
[2026-08-27T05:05:39.166+0000] {logging_mixin.py:188} INFO - [2026-08-27T05:05:39.166+0000] {dag.py:3823} INFO - Setting next_dagrun for supermarket_etl_pipeline to None, run_after=None
[2026-08-27T05:05:39.188+0000] {processor.py:183} INFO - Processing /opt/airflow/dags/supermarket_etl_pipeline.py took 0.342 seconds
[2026-08-27T05:06:09.546+0000] {processor.py:161} INFO - Started process (PID=2721) to work on /opt/airflow/dags/supermarket_etl_pipeline.py
[2026-08-27T05:06:09.548+0000] {processor.py:830} INFO - Processing file /opt/airflow/dags/supermarket_etl_pipeline.py for tasks to queue
[2026-08-27T05:06:09.550+0000] {logging_mixin.py:188} INFO - [2026-08-27T05:06:09.549+0000] {dagbag.py:538} INFO - Filling up the DagBag from /opt/airflow/dags/supermarket_etl_pipeline.py
[2026-08-27T05:06:09.756+0000] {processor.py:840} INFO - DAG(s) 'supermarket_etl_pipeline' retrieved from /opt/airflow/dags/supermarket_etl_pipeline.py
[2026-08-27T05:06:09.779+0000] {logging_mixin.py:188} INFO - [2026-08-27T05:06:09.778+0000] {dag.py:3036} INFO - Sync 1 DAGs
[2026-08-27T05:06:09.788+0000] {logging_mixin.py:188} INFO - [2026-08-27T05:06:09.788+0000] {dag.py:3823} INFO - Setting next_dagrun for supermarket_etl_pipeline to None, run_after=None
[2026-08-27T05:06:09.806+0000] {processor.py:183} INFO - Processing /opt/airflow/dags/supermarket_etl_pipeline.py took 0.262 seconds
[2026-08-27T05:06:39.860+0000] {processor.py:161} INFO - Started process (PID=2727) to work on /opt/airflow/dags/supermarket_etl_pipeline.py
[2026-08-27T05:06:39.862+0000] {processor.py:830} INFO - Processing file /opt/airflow/dags/supermarket_etl_pipeline.py for tasks to queue
[2026-08-27T05:06:39.864+0000] {logging_mixin.py:188} INFO - [2026-08-27T05:06:39.864+0000] {dagbag.py:538} INFO - Filling up the DagBag from /opt/airflow/dags/supermarket_etl_pipeline.py
[2026-08-27T05:06:40.087+0000] {processor.py:840} INFO - DAG(s) 'supermarket_etl_pipeline' retrieved from /opt/airflow/dags/supermarket_etl_pipeline.py
[2026-08-27T05:06:40.110+0000] {logging_mixin.py:188} INFO - [2026-08-27T05:06:40.110+0000] {dag.py:3036} INFO - Sync 1 DAGs
[2026-08-27T05:06:40.122+0000] {logging_mixin.py:188} INFO - [2026-08-27T05:06:40.122+0000] {dag.py:3823} INFO - Setting next_dagrun for supermarket_etl_pipeline to None, run_after=None
[2026-08-27T05:06:40.154+0000] {processor.py:183} INFO - Processing /opt/airflow/dags/supermarket_etl_pipeline.py took 0.297 seconds
[2026-08-27T05:07:10.521+0000] {processor.py:161} INFO - Started process (PID=2733) to work on /opt/airflow/dags/supermarket_etl_pipeline.py
[2026-08-27T05:07:10.525+0000] {processor.py:830} INFO - Processing file /opt/airflow/dags/supermarket_etl_pipeline.py for tasks to queue
[2026-08-27T05:07:10.528+0000] {logging_mixin.py:188} INFO - [2026-08-27T05:07:10.528+0000] {dagbag.py:538} INFO - Filling up the DagBag from /opt/airflow/dags/supermarket_etl_pipeline.py
[2026-08-27T05:07:10.810+0000] {processor.py:840} INFO - DAG(s) 'supermarket_etl_pipeline' retrieved from /opt/airflow/dags/supermarket_etl_pipeline.py
[2026-08-27T05:07:10.830+0000] {logging_mixin.py:188} INFO - [2026-08-27T05:07:10.830+0000] {dag.py:3036} INFO - Sync 1 DAGs
[2026-08-27T05:07:10.841+0000] {logging_mixin.py:188} INFO - [2026-08-27T05:07:10.841+0000] {dag.py:3823} INFO - Setting next_dagrun for supermarket_etl_pipeline to None, run_after=None
[2026-08-27T05:07:10.859+0000] {processor.py:183} INFO - Processing /opt/airflow/dags/supermarket_etl_pipeline.py took 0.344 seconds
[2026-08-27T05:07:41.172+0000] {processor.py:161} INFO - Started process (PID=2739) to work on /opt/airflow/dags/supermarket_etl_pipeline.py
[2026-08-27T05:07:41.173+0000] {processor.py:830} INFO - Processing file /opt/airflow/dags/supermarket_etl_pipeline.py for tasks to queue
[2026-08-27T05:07:41.175+0000] {logging_mixin.py:188} INFO - [2026-08-27T05:07:41.175+0000] {dagbag.py:538} INFO - Filling up the DagBag from /opt/airflow/dags/supermarket_etl_pipeline.py
[2026-08-27T05:07:41.425+0000] {processor.py:840} INFO - DAG(s) 'supermarket_etl_pipeline' retrieved from /opt/airflow/dags/supermarket_etl_pipeline.py
[2026-08-27T05:07:41.455+0000] {logging_mixin.py:188} INFO - [2026-08-27T05:07:41.455+0000] {dag.py:3036} INFO - Sync 1 DAGs
[2026-08-27T05:07:41.468+0000] {logging_mixin.py:188} INFO - [2026-08-27T05:07:41.467+0000] {dag.py:3823} INFO - Setting next_dagrun for supermarket_etl_pipeline to None, run_after=None
[2026-08-27T05:07:41.489+0000] {processor.py:183} INFO - Processing /opt/airflow/dags/supermarket_etl_pipeline.py took 0.321 seconds
[2026-08-27T05:08:11.804+0000] {processor.py:161} INFO - Started process (PID=2745) to work on /opt/airflow/dags/supermarket_etl_pipeline.py
[2026-08-27T05:08:11.806+0000] {processor.py:830} INFO - Processing file /opt/airflow/dags/supermarket_etl_pipeline.py for tasks to queue
[2026-08-27T05:08:11.808+0000] {logging_mixin.py:188} INFO - [2026-08-27T05:08:11.808+0000] {dagbag.py:538} INFO - Filling up the DagBag from /opt/airflow/dags/supermarket_etl_pipeline.py
[2026-08-27T05:08:12.055+0000] {processor.py:840} INFO - DAG(s) 'supermarket_etl_pipeline' retrieved from /opt/airflow/dags/supermarket_etl_pipeline.py
[2026-08-27T05:08:12.104+0000] {logging_mixin.py:188} INFO - [2026-08-27T05:08:12.103+0000] {dag.py:3036} INFO - Sync 1 DAGs
[2026-08-27T05:08:12.121+0000] {logging_mixin.py:188} INFO - [2026-08-27T05:08:12.121+0000] {dag.py:3823} INFO - Setting next_dagrun for supermarket_etl_pipeline to None, run_after=None
[2026-08-27T05:08:12.156+0000] {processor.py:183} INFO - Processing /opt/airflow/dags/supermarket_etl_pipeline.py took 0.355 seconds
[2026-08-27T05:08:42.500+0000] {processor.py:161} INFO - Started process (PID=2751) to work on /opt/airflow/dags/supermarket_etl_pipeline.py
[2026-08-27T05:08:42.501+0000] {processor.py:830} INFO - Processing file /opt/airflow/dags/supermarket_etl_pipeline.py for tasks to queue
[2026-08-27T05:08:42.503+0000] {logging_mixin.py:188} INFO - [2026-08-27T05:08:42.503+0000] {dagbag.py:538} INFO - Filling up the DagBag from /opt/airflow/dags/supermarket_etl_pipeline.py
[2026-08-27T05:08:42.719+0000] {processor.py:840} INFO - DAG(s) 'supermarket_etl_pipeline' retrieved from /opt/airflow/dags/supermarket_etl_pipeline.py
[2026-08-27T05:08:42.742+0000] {logging_mixin.py:188} INFO - [2026-08-27T05:08:42.742+0000] {dag.py:3036} INFO - Sync 1 DAGs
[2026-08-27T05:08:42.754+0000] {logging_mixin.py:188} INFO - [2026-08-27T05:08:42.754+0000] {dag.py:3823} INFO - Setting next_dagrun for supermarket_etl_pipeline to None, run_after=None
[2026-08-27T05:08:42.772+0000] {processor.py:183} INFO - Processing /opt/airflow/dags/supermarket_etl_pipeline.py took 0.276 seconds
[2026-08-27T05:09:12.910+0000] {processor.py:161} INFO - Started process (PID=2757) to work on /opt/airflow/dags/supermarket_etl_pipeline.py
[2026-08-27T05:09:12.914+0000] {processor.py:830} INFO - Processing file /opt/airflow/dags/supermarket_etl_pipeline.py for tasks to queue
[2026-08-27T05:09:12.917+0000] {logging_mixin.py:188} INFO - [2026-08-27T05:09:12.916+0000] {dagbag.py:538} INFO - Filling up the DagBag from /opt/airflow/dags/supermarket_etl_pipeline.py
[2026-08-27T05:09:13.162+0000] {processor.py:840} INFO - DAG(s) 'supermarket_etl_pipeline' retrieved from /opt/airflow/dags/supermarket_etl_pipeline.py
[2026-08-27T05:09:13.183+0000] {logging_mixin.py:188} INFO - [2026-08-27T05:09:13.183+0000] {dag.py:3036} INFO - Sync 1 DAGs
[2026-08-27T05:09:13.193+0000] {logging_mixin.py:188} INFO - [2026-08-27T05:09:13.193+0000] {dag.py:3823} INFO - Setting next_dagrun for supermarket_etl_pipeline to None, run_after=None
[2026-08-27T05:09:13.214+0000] {processor.py:183} INFO - Processing /opt/airflow/dags/supermarket_etl_pipeline.py took 0.306 seconds
[2026-08-27T05:09:43.494+0000] {processor.py:161} INFO - Started process (PID=2763) to work on /opt/airflow/dags/supermarket_etl_pipeline.py
[2026-08-27T05:09:43.497+0000] {processor.py:830} INFO - Processing file /opt/airflow/dags/supermarket_etl_pipeline.py for tasks to queue
[2026-08-27T05:09:43.498+0000] {logging_mixin.py:188} INFO - [2026-08-27T05:09:43.498+0000] {dagbag.py:538} INFO - Filling up the DagBag from /opt/airflow/dags/supermarket_etl_pipeline.py
[2026-08-27T05:09:43.706+0000] {processor.py:840} INFO - DAG(s) 'supermarket_etl_pipeline' retrieved from /opt/airflow/dags/supermarket_etl_pipeline.py
[2026-08-27T05:09:43.725+0000] {logging_mixin.py:188} INFO - [2026-08-27T05:09:43.725+0000] {dag.py:3036} INFO - Sync 1 DAGs
[2026-08-27T05:09:43.733+0000] {logging_mixin.py:188} INFO - [2026-08-27T05:09:43.733+0000] {dag.py:3823} INFO - Setting next_dagrun for supermarket_etl_pipeline to None, run_after=None
[2026-08-27T05:09:43.752+0000] {processor.py:183} INFO - Processing /opt/airflow/dags/supermarket_etl_pipeline.py took 0.260 seconds
[2026-08-27T05:10:13.880+0000] {processor.py:161} INFO - Started process (PID=2769) to work on /opt/airflow/dags/supermarket_etl_pipeline.py
[2026-08-27T05:10:13.882+0000] {processor.py:830} INFO - Processing file /opt/airflow/dags/supermarket_etl_pipeline.py for tasks to queue
[2026-08-27T05:10:13.884+0000] {logging_mixin.py:188} INFO - [2026-08-27T05:10:13.884+0000] {dagbag.py:538} INFO - Filling up the DagBag from /opt/airflow/dags/supermarket_etl_pipeline.py
[2026-08-27T05:10:14.156+0000] {processor.py:840} INFO - DAG(s) 'supermarket_etl_pipeline' retrieved from /opt/airflow/dags/supermarket_etl_pipeline.py
[2026-08-27T05:10:14.185+0000] {logging_mixin.py:188} INFO - [2026-08-27T05:10:14.185+0000] {dag.py:3036} INFO - Sync 1 DAGs
[2026-08-27T05:10:14.197+0000] {logging_mixin.py:188} INFO - [2026-08-27T05:10:14.197+0000] {dag.py:3823} INFO - Setting next_dagrun for supermarket_etl_pipeline to None, run_after=None
[2026-08-27T05:10:14.221+0000] {processor.py:183} INFO - Processing /opt/airflow/dags/supermarket_etl_pipeline.py took 0.346 seconds
[2026-08-27T05:10:44.447+0000] {processor.py:161} INFO - Started process (PID=2775) to work on /opt/airflow/dags/supermarket_etl_pipeline.py
[2026-08-27T05:10:44.449+0000] {processor.py:830} INFO - Processing file /opt/airflow/dags/supermarket_etl_pipeline.py for tasks to queue
[2026-08-27T05:10:44.450+0000] {logging_mixin.py:188} INFO - [2026-08-27T05:10:44.450+0000] {dagbag.py:538} INFO - Filling up the DagBag from /opt/airflow/dags/supermarket_etl_pipeline.py
[2026-08-27T05:10:44.701+0000] {processor.py:840} INFO - DAG(s) 'supermarket_etl_pipeline' retrieved from /opt/airflow/dags/supermarket_etl_pipeline.py
[2026-08-27T05:10:44.729+0000] {logging_mixin.py:188} INFO - [2026-08-27T05:10:44.728+0000] {dag.py:3036} INFO - Sync 1 DAGs
[2026-08-27T05:10:44.742+0000] {logging_mixin.py:188} INFO - [2026-08-27T05:10:44.742+0000] {dag.py:3823} INFO - Setting next_dagrun for supermarket_etl_pipeline to None, run_after=None
[2026-08-27T05:10:44.765+0000] {processor.py:183} INFO - Processing /opt/airflow/dags/supermarket_etl_pipeline.py took 0.321 seconds
[2026-08-27T05:11:14.981+0000] {processor.py:161} INFO - Started process (PID=2781) to work on /opt/airflow/dags/supermarket_etl_pipeline.py
[2026-08-27T05:11:14.984+0000] {processor.py:830} INFO - Processing file /opt/airflow/dags/supermarket_etl_pipeline.py for tasks to queue
[2026-08-27T05:11:14.986+0000] {logging_mixin.py:188} INFO - [2026-08-27T05:11:14.985+0000] {dagbag.py:538} INFO - Filling up the DagBag from /opt/airflow/dags/supermarket_etl_pipeline.py
[2026-08-27T05:11:15.212+0000] {processor.py:840} INFO - DAG(s) 'supermarket_etl_pipeline' retrieved from /opt/airflow/dags/supermarket_etl_pipeline.py
[2026-08-27T05:11:15.233+0000] {logging_mixin.py:188} INFO - [2026-08-27T05:11:15.233+0000] {dag.py:3036} INFO - Sync 1 DAGs
[2026-08-27T05:11:15.244+0000] {logging_mixin.py:188} INFO - [2026-08-27T05:11:15.243+0000] {dag.py:3823} INFO - Setting next_dagrun for supermarket_etl_pipeline to None, run_after=None
[2026-08-27T05:11:15.265+0000] {processor.py:183} INFO - Processing /opt/airflow/dags/supermarket_etl_pipeline.py took 0.288 seconds
[2026-08-27T05:11:45.479+0000] {processor.py:161} INFO - Started process (PID=2787) to work on /opt/airflow/dags/supermarket_etl_pipeline.py
[2026-08-27T05:11:45.483+0000] {processor.py:830} INFO - Processing file /opt/airflow/dags/supermarket_etl_pipeline.py for tasks to queue
[2026-08-27T05:11:45.485+0000] {logging_mixin.py:188} INFO - [2026-08-27T05:11:45.485+0000] {dagbag.py:538} INFO - Filling up the DagBag from /opt/airflow/dags/supermarket_etl_pipeline.py
[2026-08-27T05:11:45.763+0000] {processor.py:840} INFO - DAG(s) 'supermarket_etl_pipeline' retrieved from /opt/airflow/dags/supermarket_etl_pipeline.py
[2026-08-27T05:11:45.786+0000] {logging_mixin.py:188} INFO - [2026-08-27T05:11:45.786+0000] {dag.py:3036} INFO - Sync 1 DAGs
[2026-08-27T05:11:45.800+0000] {logging_mixin.py:188} INFO - [2026-08-27T05:11:45.800+0000] {dag.py:3823} INFO - Setting next_dagrun for supermarket_etl_pipeline to None, run_after=None
[2026-08-27T05:11:45.822+0000] {processor.py:183} INFO - Processing /opt/airflow/dags/supermarket_etl_pipeline.py took 0.347 seconds
[2026-08-27T05:12:16.126+0000] {processor.py:161} INFO - Started process (PID=2793) to work on /opt/airflow/dags/supermarket_etl_pipeline.py
[2026-08-27T05:12:16.128+0000] {processor.py:830} INFO - Processing file /opt/airflow/dags/supermarket_etl_pipeline.py for tasks to queue
[2026-08-27T05:12:16.130+0000] {logging_mixin.py:188} INFO - [2026-08-27T05:12:16.130+0000] {dagbag.py:538} INFO - Filling up the DagBag from /opt/airflow/dags/supermarket_etl_pipeline.py
[2026-08-27T05:12:16.423+0000] {processor.py:840} INFO - DAG(s) 'supermarket_etl_pipeline' retrieved from /opt/airflow/dags/supermarket_etl_pipeline.py
[2026-08-27T05:12:16.455+0000] {logging_mixin.py:188} INFO - [2026-08-27T05:12:16.455+0000] {dag.py:3036} INFO - Sync 1 DAGs
[2026-08-27T05:12:16.467+0000] {logging_mixin.py:188} INFO - [2026-08-27T05:12:16.467+0000] {dag.py:3823} INFO - Setting next_dagrun for supermarket_etl_pipeline to None, run_after=None
[2026-08-27T05:12:16.489+0000] {processor.py:183} INFO - Processing /opt/airflow/dags/supermarket_etl_pipeline.py took 0.367 seconds
[2026-08-27T05:12:46.838+0000] {processor.py:161} INFO - Started process (PID=2799) to work on /opt/airflow/dags/supermarket_etl_pipeline.py
[2026-08-27T05:12:46.841+0000] {processor.py:830} INFO - Processing file /opt/airflow/dags/supermarket_etl_pipeline.py for tasks to queue
[2026-08-27T05:12:46.844+0000] {logging_mixin.py:188} INFO - [2026-08-27T05:12:46.844+0000] {dagbag.py:538} INFO - Filling up the DagBag from /opt/airflow/dags/supermarket_etl_pipeline.py
[2026-08-27T05:12:47.089+0000] {processor.py:840} INFO - DAG(s) 'supermarket_etl_pipeline' retrieved from /opt/airflow/dags/supermarket_etl_pipeline.py
[2026-08-27T05:12:47.115+0000] {logging_mixin.py:188} INFO - [2026-08-27T05:12:47.115+0000] {dag.py:3036} INFO - Sync 1 DAGs
[2026-08-27T05:12:47.126+0000] {logging_mixin.py:188} INFO - [2026-08-27T05:12:47.126+0000] {dag.py:3823} INFO - Setting next_dagrun for supermarket_etl_pipeline to None, run_after=None
[2026-08-27T05:12:47.147+0000] {processor.py:183} INFO - Processing /opt/airflow/dags/supermarket_etl_pipeline.py took 0.315 seconds
[2026-08-27T06:00:57.073+0000] {processor.py:161} INFO - Started process (PID=2807) to work on /opt/airflow/dags/supermarket_etl_pipeline.py
[2026-08-27T06:00:57.089+0000] {processor.py:830} INFO - Processing file /opt/airflow/dags/supermarket_etl_pipeline.py for tasks to queue
[2026-08-27T06:00:57.140+0000] {logging_mixin.py:188} INFO - [2026-08-27T06:00:57.129+0000] {dagbag.py:538} INFO - Filling up the DagBag from /opt/airflow/dags/supermarket_etl_pipeline.py
[2026-08-27T06:00:58.954+0000] {processor.py:840} INFO - DAG(s) 'supermarket_etl_pipeline' retrieved from /opt/airflow/dags/supermarket_etl_pipeline.py
[2026-08-27T06:00:59.094+0000] {logging_mixin.py:188} INFO - [2026-08-27T06:00:59.093+0000] {dag.py:3036} INFO - Sync 1 DAGs
[2026-08-27T06:00:59.126+0000] {logging_mixin.py:188} INFO - [2026-08-27T06:00:59.126+0000] {dag.py:3823} INFO - Setting next_dagrun for supermarket_etl_pipeline to None, run_after=None
[2026-08-27T06:00:59.198+0000] {processor.py:183} INFO - Processing /opt/airflow/dags/supermarket_etl_pipeline.py took 2.144 seconds
[2026-08-27T06:01:29.631+0000] {processor.py:161} INFO - Started process (PID=2813) to work on /opt/airflow/dags/supermarket_etl_pipeline.py
[2026-08-27T06:01:29.634+0000] {processor.py:830} INFO - Processing file /opt/airflow/dags/supermarket_etl_pipeline.py for tasks to queue
[2026-08-27T06:01:29.636+0000] {logging_mixin.py:188} INFO - [2026-08-27T06:01:29.636+0000] {dagbag.py:538} INFO - Filling up the DagBag from /opt/airflow/dags/supermarket_etl_pipeline.py
[2026-08-27T06:01:29.903+0000] {processor.py:840} INFO - DAG(s) 'supermarket_etl_pipeline' retrieved from /opt/airflow/dags/supermarket_etl_pipeline.py
[2026-08-27T06:01:29.929+0000] {logging_mixin.py:188} INFO - [2026-08-27T06:01:29.929+0000] {dag.py:3036} INFO - Sync 1 DAGs
[2026-08-27T06:01:29.942+0000] {logging_mixin.py:188} INFO - [2026-08-27T06:01:29.941+0000] {dag.py:3823} INFO - Setting next_dagrun for supermarket_etl_pipeline to None, run_after=None
[2026-08-27T06:01:29.961+0000] {processor.py:183} INFO - Processing /opt/airflow/dags/supermarket_etl_pipeline.py took 0.336 seconds
[2026-08-27T06:02:00.267+0000] {processor.py:161} INFO - Started process (PID=2819) to work on /opt/airflow/dags/supermarket_etl_pipeline.py
[2026-08-27T06:02:00.268+0000] {processor.py:830} INFO - Processing file /opt/airflow/dags/supermarket_etl_pipeline.py for tasks to queue
[2026-08-27T06:02:00.270+0000] {logging_mixin.py:188} INFO - [2026-08-27T06:02:00.270+0000] {dagbag.py:538} INFO - Filling up the DagBag from /opt/airflow/dags/supermarket_etl_pipeline.py
[2026-08-27T06:02:00.728+0000] {processor.py:840} INFO - DAG(s) 'supermarket_etl_pipeline' retrieved from /opt/airflow/dags/supermarket_etl_pipeline.py
[2026-08-27T06:02:00.766+0000] {logging_mixin.py:188} INFO - [2026-08-27T06:02:00.766+0000] {dag.py:3036} INFO - Sync 1 DAGs
[2026-08-27T06:02:00.779+0000] {logging_mixin.py:188} INFO - [2026-08-27T06:02:00.779+0000] {dag.py:3823} INFO - Setting next_dagrun for supermarket_etl_pipeline to None, run_after=None
[2026-08-27T06:02:00.802+0000] {processor.py:183} INFO - Processing /opt/airflow/dags/supermarket_etl_pipeline.py took 0.538 seconds
[2026-08-27T06:02:31.231+0000] {processor.py:161} INFO - Started process (PID=2825) to work on /opt/airflow/dags/supermarket_etl_pipeline.py
[2026-08-27T06:02:31.237+0000] {processor.py:830} INFO - Processing file /opt/airflow/dags/supermarket_etl_pipeline.py for tasks to queue
[2026-08-27T06:02:31.245+0000] {logging_mixin.py:188} INFO - [2026-08-27T06:02:31.243+0000] {dagbag.py:538} INFO - Filling up the DagBag from /opt/airflow/dags/supermarket_etl_pipeline.py
[2026-08-27T06:02:31.917+0000] {processor.py:840} INFO - DAG(s) 'supermarket_etl_pipeline' retrieved from /opt/airflow/dags/supermarket_etl_pipeline.py
[2026-08-27T06:02:32.007+0000] {logging_mixin.py:188} INFO - [2026-08-27T06:02:32.006+0000] {dag.py:3036} INFO - Sync 1 DAGs
[2026-08-27T06:02:32.044+0000] {logging_mixin.py:188} INFO - [2026-08-27T06:02:32.044+0000] {dag.py:3823} INFO - Setting next_dagrun for supermarket_etl_pipeline to None, run_after=None
[2026-08-27T06:02:32.108+0000] {processor.py:183} INFO - Processing /opt/airflow/dags/supermarket_etl_pipeline.py took 0.895 seconds
[2026-08-27T06:03:02.440+0000] {processor.py:161} INFO - Started process (PID=2831) to work on /opt/airflow/dags/supermarket_etl_pipeline.py
[2026-08-27T06:03:02.442+0000] {processor.py:830} INFO - Processing file /opt/airflow/dags/supermarket_etl_pipeline.py for tasks to queue
[2026-08-27T06:03:02.444+0000] {logging_mixin.py:188} INFO - [2026-08-27T06:03:02.444+0000] {dagbag.py:538} INFO - Filling up the DagBag from /opt/airflow/dags/supermarket_etl_pipeline.py
[2026-08-27T06:03:02.699+0000] {processor.py:840} INFO - DAG(s) 'supermarket_etl_pipeline' retrieved from /opt/airflow/dags/supermarket_etl_pipeline.py
[2026-08-27T06:03:02.731+0000] {logging_mixin.py:188} INFO - [2026-08-27T06:03:02.730+0000] {dag.py:3036} INFO - Sync 1 DAGs
[2026-08-27T06:03:02.747+0000] {logging_mixin.py:188} INFO - [2026-08-27T06:03:02.746+0000] {dag.py:3823} INFO - Setting next_dagrun for supermarket_etl_pipeline to None, run_after=None
[2026-08-27T06:03:02.767+0000] {processor.py:183} INFO - Processing /opt/airflow/dags/supermarket_etl_pipeline.py took 0.329 seconds
[2026-08-27T06:03:33.109+0000] {processor.py:161} INFO - Started process (PID=2837) to work on /opt/airflow/dags/supermarket_etl_pipeline.py
[2026-08-27T06:03:33.110+0000] {processor.py:830} INFO - Processing file /opt/airflow/dags/supermarket_etl_pipeline.py for tasks to queue
[2026-08-27T06:03:33.111+0000] {logging_mixin.py:188} INFO - [2026-08-27T06:03:33.111+0000] {dagbag.py:538} INFO - Filling up the DagBag from /opt/airflow/dags/supermarket_etl_pipeline.py
[2026-08-27T06:03:33.456+0000] {processor.py:840} INFO - DAG(s) 'supermarket_etl_pipeline' retrieved from /opt/airflow/dags/supermarket_etl_pipeline.py
[2026-08-27T06:03:33.481+0000] {logging_mixin.py:188} INFO - [2026-08-27T06:03:33.481+0000] {dag.py:3036} INFO - Sync 1 DAGs
[2026-08-27T06:03:33.493+0000] {logging_mixin.py:188} INFO - [2026-08-27T06:03:33.492+0000] {dag.py:3823} INFO - Setting next_dagrun for supermarket_etl_pipeline to None, run_after=None
[2026-08-27T06:03:33.513+0000] {processor.py:183} INFO - Processing /opt/airflow/dags/supermarket_etl_pipeline.py took 0.407 seconds
[2026-08-27T06:04:03.993+0000] {processor.py:161} INFO - Started process (PID=2843) to work on /opt/airflow/dags/supermarket_etl_pipeline.py
[2026-08-27T06:04:03.996+0000] {processor.py:830} INFO - Processing file /opt/airflow/dags/supermarket_etl_pipeline.py for tasks to queue
[2026-08-27T06:04:04.002+0000] {logging_mixin.py:188} INFO - [2026-08-27T06:04:04.000+0000] {dagbag.py:538} INFO - Filling up the DagBag from /opt/airflow/dags/supermarket_etl_pipeline.py
[2026-08-27T06:04:04.659+0000] {processor.py:840} INFO - DAG(s) 'supermarket_etl_pipeline' retrieved from /opt/airflow/dags/supermarket_etl_pipeline.py
[2026-08-27T06:04:04.705+0000] {logging_mixin.py:188} INFO - [2026-08-27T06:04:04.705+0000] {dag.py:3036} INFO - Sync 1 DAGs
[2026-08-27T06:04:04.723+0000] {logging_mixin.py:188} INFO - [2026-08-27T06:04:04.723+0000] {dag.py:3823} INFO - Setting next_dagrun for supermarket_etl_pipeline to None, run_after=None
[2026-08-27T06:04:04.750+0000] {processor.py:183} INFO - Processing /opt/airflow/dags/supermarket_etl_pipeline.py took 0.762 seconds
[2026-08-27T06:04:35.052+0000] {processor.py:161} INFO - Started process (PID=2849) to work on /opt/airflow/dags/supermarket_etl_pipeline.py
[2026-08-27T06:04:35.054+0000] {processor.py:830} INFO - Processing file /opt/airflow/dags/supermarket_etl_pipeline.py for tasks to queue
[2026-08-27T06:04:35.056+0000] {logging_mixin.py:188} INFO - [2026-08-27T06:04:35.056+0000] {dagbag.py:538} INFO - Filling up the DagBag from /opt/airflow/dags/supermarket_etl_pipeline.py
[2026-08-27T06:04:35.280+0000] {processor.py:840} INFO - DAG(s) 'supermarket_etl_pipeline' retrieved from /opt/airflow/dags/supermarket_etl_pipeline.py
[2026-08-27T06:04:35.302+0000] {logging_mixin.py:188} INFO - [2026-08-27T06:04:35.302+0000] {dag.py:3036} INFO - Sync 1 DAGs
[2026-08-27T06:04:35.312+0000] {logging_mixin.py:188} INFO - [2026-08-27T06:04:35.312+0000] {dag.py:3823} INFO - Setting next_dagrun for supermarket_etl_pipeline to None, run_after=None
[2026-08-27T06:04:35.334+0000] {processor.py:183} INFO - Processing /opt/airflow/dags/supermarket_etl_pipeline.py took 0.286 seconds
[2026-08-27T06:05:05.688+0000] {processor.py:161} INFO - Started process (PID=2855) to work on /opt/airflow/dags/supermarket_etl_pipeline.py
[2026-08-27T06:05:05.690+0000] {processor.py:830} INFO - Processing file /opt/airflow/dags/supermarket_etl_pipeline.py for tasks to queue
[2026-08-27T06:05:05.692+0000] {logging_mixin.py:188} INFO - [2026-08-27T06:05:05.691+0000] {dagbag.py:538} INFO - Filling up the DagBag from /opt/airflow/dags/supermarket_etl_pipeline.py
[2026-08-27T06:05:05.911+0000] {processor.py:840} INFO - DAG(s) 'supermarket_etl_pipeline' retrieved from /opt/airflow/dags/supermarket_etl_pipeline.py
[2026-08-27T06:05:05.933+0000] {logging_mixin.py:188} INFO - [2026-08-27T06:05:05.932+0000] {dag.py:3036} INFO - Sync 1 DAGs
[2026-08-27T06:05:05.944+0000] {logging_mixin.py:188} INFO - [2026-08-27T06:05:05.944+0000] {dag.py:3823} INFO - Setting next_dagrun for supermarket_etl_pipeline to None, run_after=None
[2026-08-27T06:05:05.965+0000] {processor.py:183} INFO - Processing /opt/airflow/dags/supermarket_etl_pipeline.py took 0.281 seconds
[2026-08-27T06:05:36.318+0000] {processor.py:161} INFO - Started process (PID=2861) to work on /opt/airflow/dags/supermarket_etl_pipeline.py
[2026-08-27T06:05:36.321+0000] {processor.py:830} INFO - Processing file /opt/airflow/dags/supermarket_etl_pipeline.py for tasks to queue
[2026-08-27T06:05:36.323+0000] {logging_mixin.py:188} INFO - [2026-08-27T06:05:36.323+0000] {dagbag.py:538} INFO - Filling up the DagBag from /opt/airflow/dags/supermarket_etl_pipeline.py
[2026-08-27T06:05:36.550+0000] {processor.py:840} INFO - DAG(s) 'supermarket_etl_pipeline' retrieved from /opt/airflow/dags/supermarket_etl_pipeline.py
[2026-08-27T06:05:36.575+0000] {logging_mixin.py:188} INFO - [2026-08-27T06:05:36.575+0000] {dag.py:3036} INFO - Sync 1 DAGs
[2026-08-27T06:05:36.585+0000] {logging_mixin.py:188} INFO - [2026-08-27T06:05:36.585+0000] {dag.py:3823} INFO - Setting next_dagrun for supermarket_etl_pipeline to None, run_after=None
[2026-08-27T06:05:36.606+0000] {processor.py:183} INFO - Processing /opt/airflow/dags/supermarket_etl_pipeline.py took 0.291 seconds
[2026-08-27T06:06:06.692+0000] {processor.py:161} INFO - Started process (PID=2867) to work on /opt/airflow/dags/supermarket_etl_pipeline.py
[2026-08-27T06:06:06.695+0000] {processor.py:830} INFO - Processing file /opt/airflow/dags/supermarket_etl_pipeline.py for tasks to queue
[2026-08-27T06:06:06.696+0000] {logging_mixin.py:188} INFO - [2026-08-27T06:06:06.696+0000] {dagbag.py:538} INFO - Filling up the DagBag from /opt/airflow/dags/supermarket_etl_pipeline.py
[2026-08-27T06:06:06.910+0000] {processor.py:840} INFO - DAG(s) 'supermarket_etl_pipeline' retrieved from /opt/airflow/dags/supermarket_etl_pipeline.py
[2026-08-27T06:06:06.930+0000] {logging_mixin.py:188} INFO - [2026-08-27T06:06:06.930+0000] {dag.py:3036} INFO - Sync 1 DAGs
[2026-08-27T06:06:06.940+0000] {logging_mixin.py:188} INFO - [2026-08-27T06:06:06.940+0000] {dag.py:3823} INFO - Setting next_dagrun for supermarket_etl_pipeline to None, run_after=None
[2026-08-27T06:06:06.961+0000] {processor.py:183} INFO - Processing /opt/airflow/dags/supermarket_etl_pipeline.py took 0.272 seconds
[2026-08-27T06:06:37.242+0000] {processor.py:161} INFO - Started process (PID=2873) to work on /opt/airflow/dags/supermarket_etl_pipeline.py
[2026-08-27T06:06:37.244+0000] {processor.py:830} INFO - Processing file /opt/airflow/dags/supermarket_etl_pipeline.py for tasks to queue
[2026-08-27T06:06:37.246+0000] {logging_mixin.py:188} INFO - [2026-08-27T06:06:37.246+0000] {dagbag.py:538} INFO - Filling up the DagBag from /opt/airflow/dags/supermarket_etl_pipeline.py
[2026-08-27T06:06:37.471+0000] {processor.py:840} INFO - DAG(s) 'supermarket_etl_pipeline' retrieved from /opt/airflow/dags/supermarket_etl_pipeline.py
[2026-08-27T06:06:37.493+0000] {logging_mixin.py:188} INFO - [2026-08-27T06:06:37.493+0000] {dag.py:3036} INFO - Sync 1 DAGs
[2026-08-27T06:06:37.503+0000] {logging_mixin.py:188} INFO - [2026-08-27T06:06:37.503+0000] {dag.py:3823} INFO - Setting next_dagrun for supermarket_etl_pipeline to None, run_after=None
[2026-08-27T06:06:37.523+0000] {processor.py:183} INFO - Processing /opt/airflow/dags/supermarket_etl_pipeline.py took 0.283 seconds
[2026-08-27T06:07:07.859+0000] {processor.py:161} INFO - Started process (PID=2879) to work on /opt/airflow/dags/supermarket_etl_pipeline.py
[2026-08-27T06:07:07.861+0000] {processor.py:830} INFO - Processing file /opt/airflow/dags/supermarket_etl_pipeline.py for tasks to queue
[2026-08-27T06:07:07.863+0000] {logging_mixin.py:188} INFO - [2026-08-27T06:07:07.862+0000] {dagbag.py:538} INFO - Filling up the DagBag from /opt/airflow/dags/supermarket_etl_pipeline.py
[2026-08-27T06:07:08.105+0000] {processor.py:840} INFO - DAG(s) 'supermarket_etl_pipeline' retrieved from /opt/airflow/dags/supermarket_etl_pipeline.py
[2026-08-27T06:07:08.131+0000] {logging_mixin.py:188} INFO - [2026-08-27T06:07:08.130+0000] {dag.py:3036} INFO - Sync 1 DAGs
[2026-08-27T06:07:08.143+0000] {logging_mixin.py:188} INFO - [2026-08-27T06:07:08.143+0000] {dag.py:3823} INFO - Setting next_dagrun for supermarket_etl_pipeline to None, run_after=None
[2026-08-27T06:07:08.162+0000] {processor.py:183} INFO - Processing /opt/airflow/dags/supermarket_etl_pipeline.py took 0.306 seconds
[2026-08-27T06:07:38.468+0000] {processor.py:161} INFO - Started process (PID=2885) to work on /opt/airflow/dags/supermarket_etl_pipeline.py
[2026-08-27T06:07:38.470+0000] {processor.py:830} INFO - Processing file /opt/airflow/dags/supermarket_etl_pipeline.py for tasks to queue
[2026-08-27T06:07:38.472+0000] {logging_mixin.py:188} INFO - [2026-08-27T06:07:38.472+0000] {dagbag.py:538} INFO - Filling up the DagBag from /opt/airflow/dags/supermarket_etl_pipeline.py
[2026-08-27T06:07:38.697+0000] {processor.py:840} INFO - DAG(s) 'supermarket_etl_pipeline' retrieved from /opt/airflow/dags/supermarket_etl_pipeline.py
[2026-08-27T06:07:38.718+0000] {logging_mixin.py:188} INFO - [2026-08-27T06:07:38.718+0000] {dag.py:3036} INFO - Sync 1 DAGs
[2026-08-27T06:07:38.728+0000] {logging_mixin.py:188} INFO - [2026-08-27T06:07:38.728+0000] {dag.py:3823} INFO - Setting next_dagrun for supermarket_etl_pipeline to None, run_after=None
[2026-08-27T06:07:38.748+0000] {processor.py:183} INFO - Processing /opt/airflow/dags/supermarket_etl_pipeline.py took 0.284 seconds
[2026-08-27T06:08:09.130+0000] {processor.py:161} INFO - Started process (PID=2891) to work on /opt/airflow/dags/supermarket_etl_pipeline.py
[2026-08-27T06:08:09.133+0000] {processor.py:830} INFO - Processing file /opt/airflow/dags/supermarket_etl_pipeline.py for tasks to queue
[2026-08-27T06:08:09.134+0000] {logging_mixin.py:188} INFO - [2026-08-27T06:08:09.134+0000] {dagbag.py:538} INFO - Filling up the DagBag from /opt/airflow/dags/supermarket_etl_pipeline.py
[2026-08-27T06:08:09.367+0000] {processor.py:840} INFO - DAG(s) 'supermarket_etl_pipeline' retrieved from /opt/airflow/dags/supermarket_etl_pipeline.py
[2026-08-27T06:08:09.388+0000] {logging_mixin.py:188} INFO - [2026-08-27T06:08:09.388+0000] {dag.py:3036} INFO - Sync 1 DAGs
[2026-08-27T06:08:09.398+0000] {logging_mixin.py:188} INFO - [2026-08-27T06:08:09.398+0000] {dag.py:3823} INFO - Setting next_dagrun for supermarket_etl_pipeline to None, run_after=None
[2026-08-27T06:08:09.416+0000] {processor.py:183} INFO - Processing /opt/airflow/dags/supermarket_etl_pipeline.py took 0.291 seconds
[2026-08-27T06:08:39.769+0000] {processor.py:161} INFO - Started process (PID=2897) to work on /opt/airflow/dags/supermarket_etl_pipeline.py
[2026-08-27T06:08:39.772+0000] {processor.py:830} INFO - Processing file /opt/airflow/dags/supermarket_etl_pipeline.py for tasks to queue
[2026-08-27T06:08:39.774+0000] {logging_mixin.py:188} INFO - [2026-08-27T06:08:39.774+0000] {dagbag.py:538} INFO - Filling up the DagBag from /opt/airflow/dags/supermarket_etl_pipeline.py
[2026-08-27T06:08:40.059+0000] {processor.py:840} INFO - DAG(s) 'supermarket_etl_pipeline' retrieved from /opt/airflow/dags/supermarket_etl_pipeline.py
[2026-08-27T06:08:40.093+0000] {logging_mixin.py:188} INFO - [2026-08-27T06:08:40.092+0000] {dag.py:3036} INFO - Sync 1 DAGs
[2026-08-27T06:08:40.105+0000] {logging_mixin.py:188} INFO - [2026-08-27T06:08:40.104+0000] {dag.py:3823} INFO - Setting next_dagrun for supermarket_etl_pipeline to None, run_after=None
[2026-08-27T06:08:40.133+0000] {processor.py:183} INFO - Processing /opt/airflow/dags/supermarket_etl_pipeline.py took 0.370 seconds
[2026-08-27T06:09:10.478+0000] {processor.py:161} INFO - Started process (PID=2903) to work on /opt/airflow/dags/supermarket_etl_pipeline.py
[2026-08-27T06:09:10.480+0000] {processor.py:830} INFO - Processing file /opt/airflow/dags/supermarket_etl_pipeline.py for tasks to queue
[2026-08-27T06:09:10.482+0000] {logging_mixin.py:188} INFO - [2026-08-27T06:09:10.482+0000] {dagbag.py:538} INFO - Filling up the DagBag from /opt/airflow/dags/supermarket_etl_pipeline.py
[2026-08-27T06:09:10.711+0000] {processor.py:840} INFO - DAG(s) 'supermarket_etl_pipeline' retrieved from /opt/airflow/dags/supermarket_etl_pipeline.py
[2026-08-27T06:09:10.733+0000] {logging_mixin.py:188} INFO - [2026-08-27T06:09:10.733+0000] {dag.py:3036} INFO - Sync 1 DAGs
[2026-08-27T06:09:10.743+0000] {logging_mixin.py:188} INFO - [2026-08-27T06:09:10.743+0000] {dag.py:3823} INFO - Setting next_dagrun for supermarket_etl_pipeline to None, run_after=None
[2026-08-27T06:09:10.764+0000] {processor.py:183} INFO - Processing /opt/airflow/dags/supermarket_etl_pipeline.py took 0.290 seconds
[2026-08-27T06:09:40.852+0000] {processor.py:161} INFO - Started process (PID=2909) to work on /opt/airflow/dags/supermarket_etl_pipeline.py
[2026-08-27T06:09:40.854+0000] {processor.py:830} INFO - Processing file /opt/airflow/dags/supermarket_etl_pipeline.py for tasks to queue
[2026-08-27T06:09:40.856+0000] {logging_mixin.py:188} INFO - [2026-08-27T06:09:40.856+0000] {dagbag.py:538} INFO - Filling up the DagBag from /opt/airflow/dags/supermarket_etl_pipeline.py
[2026-08-27T06:09:41.085+0000] {processor.py:840} INFO - DAG(s) 'supermarket_etl_pipeline' retrieved from /opt/airflow/dags/supermarket_etl_pipeline.py
[2026-08-27T06:09:41.107+0000] {logging_mixin.py:188} INFO - [2026-08-27T06:09:41.106+0000] {dag.py:3036} INFO - Sync 1 DAGs
[2026-08-27T06:09:41.116+0000] {logging_mixin.py:188} INFO - [2026-08-27T06:09:41.116+0000] {dag.py:3823} INFO - Setting next_dagrun for supermarket_etl_pipeline to None, run_after=None
[2026-08-27T06:09:41.135+0000] {processor.py:183} INFO - Processing /opt/airflow/dags/supermarket_etl_pipeline.py took 0.288 seconds
[2026-08-27T06:10:11.416+0000] {processor.py:161} INFO - Started process (PID=2915) to work on /opt/airflow/dags/supermarket_etl_pipeline.py
[2026-08-27T06:10:11.417+0000] {processor.py:830} INFO - Processing file /opt/airflow/dags/supermarket_etl_pipeline.py for tasks to queue
[2026-08-27T06:10:11.418+0000] {logging_mixin.py:188} INFO - [2026-08-27T06:10:11.418+0000] {dagbag.py:538} INFO - Filling up the DagBag from /opt/airflow/dags/supermarket_etl_pipeline.py
[2026-08-27T06:10:11.630+0000] {processor.py:840} INFO - DAG(s) 'supermarket_etl_pipeline' retrieved from /opt/airflow/dags/supermarket_etl_pipeline.py
[2026-08-27T06:10:11.652+0000] {logging_mixin.py:188} INFO - [2026-08-27T06:10:11.652+0000] {dag.py:3036} INFO - Sync 1 DAGs
[2026-08-27T06:10:11.662+0000] {logging_mixin.py:188} INFO - [2026-08-27T06:10:11.662+0000] {dag.py:3823} INFO - Setting next_dagrun for supermarket_etl_pipeline to None, run_after=None
[2026-08-27T06:10:11.679+0000] {processor.py:183} INFO - Processing /opt/airflow/dags/supermarket_etl_pipeline.py took 0.266 seconds
[2026-08-27T06:10:41.809+0000] {processor.py:161} INFO - Started process (PID=2921) to work on /opt/airflow/dags/supermarket_etl_pipeline.py
[2026-08-27T06:10:41.812+0000] {processor.py:830} INFO - Processing file /opt/airflow/dags/supermarket_etl_pipeline.py for tasks to queue
[2026-08-27T06:10:41.815+0000] {logging_mixin.py:188} INFO - [2026-08-27T06:10:41.814+0000] {dagbag.py:538} INFO - Filling up the DagBag from /opt/airflow/dags/supermarket_etl_pipeline.py
[2026-08-27T06:10:42.143+0000] {processor.py:840} INFO - DAG(s) 'supermarket_etl_pipeline' retrieved from /opt/airflow/dags/supermarket_etl_pipeline.py
[2026-08-27T06:10:42.177+0000] {logging_mixin.py:188} INFO - [2026-08-27T06:10:42.177+0000] {dag.py:3036} INFO - Sync 1 DAGs
[2026-08-27T06:10:42.189+0000] {logging_mixin.py:188} INFO - [2026-08-27T06:10:42.189+0000] {dag.py:3823} INFO - Setting next_dagrun for supermarket_etl_pipeline to None, run_after=None
[2026-08-27T06:10:42.212+0000] {processor.py:183} INFO - Processing /opt/airflow/dags/supermarket_etl_pipeline.py took 0.410 seconds
[2026-08-27T06:11:12.462+0000] {processor.py:161} INFO - Started process (PID=2927) to work on /opt/airflow/dags/supermarket_etl_pipeline.py
[2026-08-27T06:11:12.464+0000] {processor.py:830} INFO - Processing file /opt/airflow/dags/supermarket_etl_pipeline.py for tasks to queue
[2026-08-27T06:11:12.467+0000] {logging_mixin.py:188} INFO - [2026-08-27T06:11:12.466+0000] {dagbag.py:538} INFO - Filling up the DagBag from /opt/airflow/dags/supermarket_etl_pipeline.py
[2026-08-27T06:11:12.702+0000] {processor.py:840} INFO - DAG(s) 'supermarket_etl_pipeline' retrieved from /opt/airflow/dags/supermarket_etl_pipeline.py
[2026-08-27T06:11:12.724+0000] {logging_mixin.py:188} INFO - [2026-08-27T06:11:12.723+0000] {dag.py:3036} INFO - Sync 1 DAGs
[2026-08-27T06:11:12.734+0000] {logging_mixin.py:188} INFO - [2026-08-27T06:11:12.734+0000] {dag.py:3823} INFO - Setting next_dagrun for supermarket_etl_pipeline to None, run_after=None
[2026-08-27T06:11:12.754+0000] {processor.py:183} INFO - Processing /opt/airflow/dags/supermarket_etl_pipeline.py took 0.296 seconds
[2026-08-27T06:11:42.811+0000] {processor.py:161} INFO - Started process (PID=2933) to work on /opt/airflow/dags/supermarket_etl_pipeline.py
[2026-08-27T06:11:42.812+0000] {processor.py:830} INFO - Processing file /opt/airflow/dags/supermarket_etl_pipeline.py for tasks to queue
[2026-08-27T06:11:42.814+0000] {logging_mixin.py:188} INFO - [2026-08-27T06:11:42.814+0000] {dagbag.py:538} INFO - Filling up the DagBag from /opt/airflow/dags/supermarket_etl_pipeline.py
[2026-08-27T06:11:43.041+0000] {processor.py:840} INFO - DAG(s) 'supermarket_etl_pipeline' retrieved from /opt/airflow/dags/supermarket_etl_pipeline.py
[2026-08-27T06:11:43.064+0000] {logging_mixin.py:188} INFO - [2026-08-27T06:11:43.063+0000] {dag.py:3036} INFO - Sync 1 DAGs
[2026-08-27T06:11:43.074+0000] {logging_mixin.py:188} INFO - [2026-08-27T06:11:43.074+0000] {dag.py:3823} INFO - Setting next_dagrun for supermarket_etl_pipeline to None, run_after=None
[2026-08-27T06:11:43.096+0000] {processor.py:183} INFO - Processing /opt/airflow/dags/supermarket_etl_pipeline.py took 0.288 seconds
[2026-08-27T06:12:13.429+0000] {processor.py:161} INFO - Started process (PID=2939) to work on /opt/airflow/dags/supermarket_etl_pipeline.py
[2026-08-27T06:12:13.431+0000] {processor.py:830} INFO - Processing file /opt/airflow/dags/supermarket_etl_pipeline.py for tasks to queue
[2026-08-27T06:12:13.433+0000] {logging_mixin.py:188} INFO - [2026-08-27T06:12:13.433+0000] {dagbag.py:538} INFO - Filling up the DagBag from /opt/airflow/dags/supermarket_etl_pipeline.py
[2026-08-27T06:12:13.663+0000] {processor.py:840} INFO - DAG(s) 'supermarket_etl_pipeline' retrieved from /opt/airflow/dags/supermarket_etl_pipeline.py
[2026-08-27T06:12:13.683+0000] {logging_mixin.py:188} INFO - [2026-08-27T06:12:13.683+0000] {dag.py:3036} INFO - Sync 1 DAGs
[2026-08-27T06:12:13.693+0000] {logging_mixin.py:188} INFO - [2026-08-27T06:12:13.693+0000] {dag.py:3823} INFO - Setting next_dagrun for supermarket_etl_pipeline to None, run_after=None
[2026-08-27T06:12:13.710+0000] {processor.py:183} INFO - Processing /opt/airflow/dags/supermarket_etl_pipeline.py took 0.285 seconds
[2026-08-27T06:12:44.097+0000] {processor.py:161} INFO - Started process (PID=2945) to work on /opt/airflow/dags/supermarket_etl_pipeline.py
[2026-08-27T06:12:44.100+0000] {processor.py:830} INFO - Processing file /opt/airflow/dags/supermarket_etl_pipeline.py for tasks to queue
[2026-08-27T06:12:44.104+0000] {logging_mixin.py:188} INFO - [2026-08-27T06:12:44.103+0000] {dagbag.py:538} INFO - Filling up the DagBag from /opt/airflow/dags/supermarket_etl_pipeline.py
[2026-08-27T06:12:44.417+0000] {processor.py:840} INFO - DAG(s) 'supermarket_etl_pipeline' retrieved from /opt/airflow/dags/supermarket_etl_pipeline.py
[2026-08-27T06:12:44.447+0000] {logging_mixin.py:188} INFO - [2026-08-27T06:12:44.446+0000] {dag.py:3036} INFO - Sync 1 DAGs
[2026-08-27T06:12:44.459+0000] {logging_mixin.py:188} INFO - [2026-08-27T06:12:44.459+0000] {dag.py:3823} INFO - Setting next_dagrun for supermarket_etl_pipeline to None, run_after=None
[2026-08-27T06:12:44.484+0000] {processor.py:183} INFO - Processing /opt/airflow/dags/supermarket_etl_pipeline.py took 0.394 seconds
[2026-08-27T06:13:14.831+0000] {processor.py:161} INFO - Started process (PID=2951) to work on /opt/airflow/dags/supermarket_etl_pipeline.py
[2026-08-27T06:13:14.833+0000] {processor.py:830} INFO - Processing file /opt/airflow/dags/supermarket_etl_pipeline.py for tasks to queue
[2026-08-27T06:13:14.835+0000] {logging_mixin.py:188} INFO - [2026-08-27T06:13:14.835+0000] {dagbag.py:538} INFO - Filling up the DagBag from /opt/airflow/dags/supermarket_etl_pipeline.py
[2026-08-27T06:13:15.054+0000] {processor.py:840} INFO - DAG(s) 'supermarket_etl_pipeline' retrieved from /opt/airflow/dags/supermarket_etl_pipeline.py
[2026-08-27T06:13:15.074+0000] {logging_mixin.py:188} INFO - [2026-08-27T06:13:15.074+0000] {dag.py:3036} INFO - Sync 1 DAGs
[2026-08-27T06:13:15.085+0000] {logging_mixin.py:188} INFO - [2026-08-27T06:13:15.085+0000] {dag.py:3823} INFO - Setting next_dagrun for supermarket_etl_pipeline to None, run_after=None
[2026-08-27T06:13:15.107+0000] {processor.py:183} INFO - Processing /opt/airflow/dags/supermarket_etl_pipeline.py took 0.278 seconds
[2026-08-27T06:13:45.447+0000] {processor.py:161} INFO - Started process (PID=2957) to work on /opt/airflow/dags/supermarket_etl_pipeline.py
[2026-08-27T06:13:45.449+0000] {processor.py:830} INFO - Processing file /opt/airflow/dags/supermarket_etl_pipeline.py for tasks to queue
[2026-08-27T06:13:45.450+0000] {logging_mixin.py:188} INFO - [2026-08-27T06:13:45.450+0000] {dagbag.py:538} INFO - Filling up the DagBag from /opt/airflow/dags/supermarket_etl_pipeline.py
[2026-08-27T06:13:45.677+0000] {processor.py:840} INFO - DAG(s) 'supermarket_etl_pipeline' retrieved from /opt/airflow/dags/supermarket_etl_pipeline.py
[2026-08-27T06:13:45.699+0000] {logging_mixin.py:188} INFO - [2026-08-27T06:13:45.699+0000] {dag.py:3036} INFO - Sync 1 DAGs
[2026-08-27T06:13:45.709+0000] {logging_mixin.py:188} INFO - [2026-08-27T06:13:45.709+0000] {dag.py:3823} INFO - Setting next_dagrun for supermarket_etl_pipeline to None, run_after=None
[2026-08-27T06:13:45.730+0000] {processor.py:183} INFO - Processing /opt/airflow/dags/supermarket_etl_pipeline.py took 0.287 seconds
[2026-08-27T06:14:16.088+0000] {processor.py:161} INFO - Started process (PID=2963) to work on /opt/airflow/dags/supermarket_etl_pipeline.py
[2026-08-27T06:14:16.090+0000] {processor.py:830} INFO - Processing file /opt/airflow/dags/supermarket_etl_pipeline.py for tasks to queue
[2026-08-27T06:14:16.092+0000] {logging_mixin.py:188} INFO - [2026-08-27T06:14:16.092+0000] {dagbag.py:538} INFO - Filling up the DagBag from /opt/airflow/dags/supermarket_etl_pipeline.py
[2026-08-27T06:14:16.308+0000] {processor.py:840} INFO - DAG(s) 'supermarket_etl_pipeline' retrieved from /opt/airflow/dags/supermarket_etl_pipeline.py
[2026-08-27T06:14:16.330+0000] {logging_mixin.py:188} INFO - [2026-08-27T06:14:16.330+0000] {dag.py:3036} INFO - Sync 1 DAGs
[2026-08-27T06:14:16.341+0000] {logging_mixin.py:188} INFO - [2026-08-27T06:14:16.340+0000] {dag.py:3823} INFO - Setting next_dagrun for supermarket_etl_pipeline to None, run_after=None
[2026-08-27T06:14:16.360+0000] {processor.py:183} INFO - Processing /opt/airflow/dags/supermarket_etl_pipeline.py took 0.276 seconds
[2026-08-27T06:14:46.689+0000] {processor.py:161} INFO - Started process (PID=2969) to work on /opt/airflow/dags/supermarket_etl_pipeline.py
[2026-08-27T06:14:46.691+0000] {processor.py:830} INFO - Processing file /opt/airflow/dags/supermarket_etl_pipeline.py for tasks to queue
[2026-08-27T06:14:46.693+0000] {logging_mixin.py:188} INFO - [2026-08-27T06:14:46.693+0000] {dagbag.py:538} INFO - Filling up the DagBag from /opt/airflow/dags/supermarket_etl_pipeline.py
[2026-08-27T06:14:46.969+0000] {processor.py:840} INFO - DAG(s) 'supermarket_etl_pipeline' retrieved from /opt/airflow/dags/supermarket_etl_pipeline.py
[2026-08-27T06:14:46.997+0000] {logging_mixin.py:188} INFO - [2026-08-27T06:14:46.996+0000] {dag.py:3036} INFO - Sync 1 DAGs
[2026-08-27T06:14:47.012+0000] {logging_mixin.py:188} INFO - [2026-08-27T06:14:47.011+0000] {dag.py:3823} INFO - Setting next_dagrun for supermarket_etl_pipeline to None, run_after=None
[2026-08-27T06:14:47.056+0000] {processor.py:183} INFO - Processing /opt/airflow/dags/supermarket_etl_pipeline.py took 0.371 seconds
[2026-08-27T06:15:17.326+0000] {processor.py:161} INFO - Started process (PID=2975) to work on /opt/airflow/dags/supermarket_etl_pipeline.py
[2026-08-27T06:15:17.327+0000] {processor.py:830} INFO - Processing file /opt/airflow/dags/supermarket_etl_pipeline.py for tasks to queue
[2026-08-27T06:15:17.329+0000] {logging_mixin.py:188} INFO - [2026-08-27T06:15:17.329+0000] {dagbag.py:538} INFO - Filling up the DagBag from /opt/airflow/dags/supermarket_etl_pipeline.py
[2026-08-27T06:15:17.644+0000] {processor.py:840} INFO - DAG(s) 'supermarket_etl_pipeline' retrieved from /opt/airflow/dags/supermarket_etl_pipeline.py
[2026-08-27T06:15:17.671+0000] {logging_mixin.py:188} INFO - [2026-08-27T06:15:17.671+0000] {dag.py:3036} INFO - Sync 1 DAGs
[2026-08-27T06:15:17.684+0000] {logging_mixin.py:188} INFO - [2026-08-27T06:15:17.683+0000] {dag.py:3823} INFO - Setting next_dagrun for supermarket_etl_pipeline to None, run_after=None
[2026-08-27T06:15:17.713+0000] {processor.py:183} INFO - Processing /opt/airflow/dags/supermarket_etl_pipeline.py took 0.391 seconds
[2026-08-27T06:15:48.027+0000] {processor.py:161} INFO - Started process (PID=2981) to work on /opt/airflow/dags/supermarket_etl_pipeline.py
[2026-08-27T06:15:48.029+0000] {processor.py:830} INFO - Processing file /opt/airflow/dags/supermarket_etl_pipeline.py for tasks to queue
[2026-08-27T06:15:48.031+0000] {logging_mixin.py:188} INFO - [2026-08-27T06:15:48.031+0000] {dagbag.py:538} INFO - Filling up the DagBag from /opt/airflow/dags/supermarket_etl_pipeline.py
[2026-08-27T06:15:48.324+0000] {processor.py:840} INFO - DAG(s) 'supermarket_etl_pipeline' retrieved from /opt/airflow/dags/supermarket_etl_pipeline.py
[2026-08-27T06:15:48.359+0000] {logging_mixin.py:188} INFO - [2026-08-27T06:15:48.358+0000] {dag.py:3036} INFO - Sync 1 DAGs
[2026-08-27T06:15:48.369+0000] {logging_mixin.py:188} INFO - [2026-08-27T06:15:48.369+0000] {dag.py:3823} INFO - Setting next_dagrun for supermarket_etl_pipeline to None, run_after=None
[2026-08-27T06:15:48.387+0000] {processor.py:183} INFO - Processing /opt/airflow/dags/supermarket_etl_pipeline.py took 0.362 seconds
[2026-08-27T06:16:20.092+0000] {processor.py:161} INFO - Started process (PID=2987) to work on /opt/airflow/dags/supermarket_etl_pipeline.py
[2026-08-27T06:16:20.107+0000] {processor.py:830} INFO - Processing file /opt/airflow/dags/supermarket_etl_pipeline.py for tasks to queue
[2026-08-27T06:16:20.117+0000] {logging_mixin.py:188} INFO - [2026-08-27T06:16:20.114+0000] {dagbag.py:538} INFO - Filling up the DagBag from /opt/airflow/dags/supermarket_etl_pipeline.py
[2026-08-27T06:16:21.322+0000] {processor.py:840} INFO - DAG(s) 'supermarket_etl_pipeline' retrieved from /opt/airflow/dags/supermarket_etl_pipeline.py
[2026-08-27T06:16:21.443+0000] {logging_mixin.py:188} INFO - [2026-08-27T06:16:21.442+0000] {dag.py:3036} INFO - Sync 1 DAGs
[2026-08-27T06:16:21.490+0000] {logging_mixin.py:188} INFO - [2026-08-27T06:16:21.490+0000] {dag.py:3823} INFO - Setting next_dagrun for supermarket_etl_pipeline to None, run_after=None
[2026-08-27T06:16:21.552+0000] {processor.py:183} INFO - Processing /opt/airflow/dags/supermarket_etl_pipeline.py took 1.528 seconds
[2026-08-27T06:16:51.923+0000] {processor.py:161} INFO - Started process (PID=2993) to work on /opt/airflow/dags/supermarket_etl_pipeline.py
[2026-08-27T06:16:51.926+0000] {processor.py:830} INFO - Processing file /opt/airflow/dags/supermarket_etl_pipeline.py for tasks to queue
[2026-08-27T06:16:51.929+0000] {logging_mixin.py:188} INFO - [2026-08-27T06:16:51.928+0000] {dagbag.py:538} INFO - Filling up the DagBag from /opt/airflow/dags/supermarket_etl_pipeline.py
[2026-08-27T06:16:52.204+0000] {processor.py:840} INFO - DAG(s) 'supermarket_etl_pipeline' retrieved from /opt/airflow/dags/supermarket_etl_pipeline.py
[2026-08-27T06:16:52.232+0000] {logging_mixin.py:188} INFO - [2026-08-27T06:16:52.232+0000] {dag.py:3036} INFO - Sync 1 DAGs
[2026-08-27T06:16:52.244+0000] {logging_mixin.py:188} INFO - [2026-08-27T06:16:52.243+0000] {dag.py:3823} INFO - Setting next_dagrun for supermarket_etl_pipeline to None, run_after=None
[2026-08-27T06:16:52.264+0000] {processor.py:183} INFO - Processing /opt/airflow/dags/supermarket_etl_pipeline.py took 0.348 seconds
[2026-08-27T06:17:22.611+0000] {processor.py:161} INFO - Started process (PID=2999) to work on /opt/airflow/dags/supermarket_etl_pipeline.py
[2026-08-27T06:17:22.614+0000] {processor.py:830} INFO - Processing file /opt/airflow/dags/supermarket_etl_pipeline.py for tasks to queue
[2026-08-27T06:17:22.616+0000] {logging_mixin.py:188} INFO - [2026-08-27T06:17:22.616+0000] {dagbag.py:538} INFO - Filling up the DagBag from /opt/airflow/dags/supermarket_etl_pipeline.py
[2026-08-27T06:17:23.047+0000] {processor.py:840} INFO - DAG(s) 'supermarket_etl_pipeline' retrieved from /opt/airflow/dags/supermarket_etl_pipeline.py
[2026-08-27T06:17:23.071+0000] {logging_mixin.py:188} INFO - [2026-08-27T06:17:23.071+0000] {dag.py:3036} INFO - Sync 1 DAGs
[2026-08-27T06:17:23.082+0000] {logging_mixin.py:188} INFO - [2026-08-27T06:17:23.082+0000] {dag.py:3823} INFO - Setting next_dagrun for supermarket_etl_pipeline to None, run_after=None
[2026-08-27T06:17:23.102+0000] {processor.py:183} INFO - Processing /opt/airflow/dags/supermarket_etl_pipeline.py took 0.498 seconds
[2026-08-27T06:17:53.458+0000] {processor.py:161} INFO - Started process (PID=3005) to work on /opt/airflow/dags/supermarket_etl_pipeline.py
[2026-08-27T06:17:53.461+0000] {processor.py:830} INFO - Processing file /opt/airflow/dags/supermarket_etl_pipeline.py for tasks to queue
[2026-08-27T06:17:53.462+0000] {logging_mixin.py:188} INFO - [2026-08-27T06:17:53.462+0000] {dagbag.py:538} INFO - Filling up the DagBag from /opt/airflow/dags/supermarket_etl_pipeline.py
[2026-08-27T06:17:53.728+0000] {processor.py:840} INFO - DAG(s) 'supermarket_etl_pipeline' retrieved from /opt/airflow/dags/supermarket_etl_pipeline.py
[2026-08-27T06:17:53.766+0000] {logging_mixin.py:188} INFO - [2026-08-27T06:17:53.766+0000] {dag.py:3036} INFO - Sync 1 DAGs
[2026-08-27T06:17:53.781+0000] {logging_mixin.py:188} INFO - [2026-08-27T06:17:53.781+0000] {dag.py:3823} INFO - Setting next_dagrun for supermarket_etl_pipeline to None, run_after=None
[2026-08-27T06:17:53.814+0000] {processor.py:183} INFO - Processing /opt/airflow/dags/supermarket_etl_pipeline.py took 0.359 seconds
[2026-08-27T06:18:24.167+0000] {processor.py:161} INFO - Started process (PID=3011) to work on /opt/airflow/dags/supermarket_etl_pipeline.py
[2026-08-27T06:18:24.170+0000] {processor.py:830} INFO - Processing file /opt/airflow/dags/supermarket_etl_pipeline.py for tasks to queue
[2026-08-27T06:18:24.168+0000] {logging_mixin.py:188} INFO - [2026-08-27T06:18:24.167+0000] {dagbag.py:538} INFO - Filling up the DagBag from /opt/airflow/dags/supermarket_etl_pipeline.py
[2026-08-27T06:18:24.412+0000] {processor.py:840} INFO - DAG(s) 'supermarket_etl_pipeline' retrieved from /opt/airflow/dags/supermarket_etl_pipeline.py
[2026-08-27T06:18:24.437+0000] {logging_mixin.py:188} INFO - [2026-08-27T06:18:24.437+0000] {dag.py:3036} INFO - Sync 1 DAGs
[2026-08-27T06:18:24.447+0000] {logging_mixin.py:188} INFO - [2026-08-27T06:18:24.447+0000] {dag.py:3823} INFO - Setting next_dagrun for supermarket_etl_pipeline to None, run_after=None
[2026-08-27T06:18:24.468+0000] {processor.py:183} INFO - Processing /opt/airflow/dags/supermarket_etl_pipeline.py took 0.309 seconds
[2026-08-27T06:18:54.793+0000] {processor.py:161} INFO - Started process (PID=3017) to work on /opt/airflow/dags/supermarket_etl_pipeline.py
[2026-08-27T06:18:54.796+0000] {processor.py:830} INFO - Processing file /opt/airflow/dags/supermarket_etl_pipeline.py for tasks to queue
[2026-08-27T06:18:54.799+0000] {logging_mixin.py:188} INFO - [2026-08-27T06:18:54.799+0000] {dagbag.py:538} INFO - Filling up the DagBag from /opt/airflow/dags/supermarket_etl_pipeline.py
[2026-08-27T06:18:55.026+0000] {processor.py:840} INFO - DAG(s) 'supermarket_etl_pipeline' retrieved from /opt/airflow/dags/supermarket_etl_pipeline.py
[2026-08-27T06:18:55.050+0000] {logging_mixin.py:188} INFO - [2026-08-27T06:18:55.050+0000] {dag.py:3036} INFO - Sync 1 DAGs
[2026-08-27T06:18:55.065+0000] {logging_mixin.py:188} INFO - [2026-08-27T06:18:55.065+0000] {dag.py:3823} INFO - Setting next_dagrun for supermarket_etl_pipeline to None, run_after=None
[2026-08-27T06:18:55.088+0000] {processor.py:183} INFO - Processing /opt/airflow/dags/supermarket_etl_pipeline.py took 0.300 seconds
[2026-08-27T06:19:25.430+0000] {processor.py:161} INFO - Started process (PID=3023) to work on /opt/airflow/dags/supermarket_etl_pipeline.py
[2026-08-27T06:19:25.432+0000] {processor.py:830} INFO - Processing file /opt/airflow/dags/supermarket_etl_pipeline.py for tasks to queue
[2026-08-27T06:19:25.435+0000] {logging_mixin.py:188} INFO - [2026-08-27T06:19:25.434+0000] {dagbag.py:538} INFO - Filling up the DagBag from /opt/airflow/dags/supermarket_etl_pipeline.py
[2026-08-27T06:19:25.659+0000] {processor.py:840} INFO - DAG(s) 'supermarket_etl_pipeline' retrieved from /opt/airflow/dags/supermarket_etl_pipeline.py
[2026-08-27T06:19:25.680+0000] {logging_mixin.py:188} INFO - [2026-08-27T06:19:25.680+0000] {dag.py:3036} INFO - Sync 1 DAGs
[2026-08-27T06:19:25.690+0000] {logging_mixin.py:188} INFO - [2026-08-27T06:19:25.690+0000] {dag.py:3823} INFO - Setting next_dagrun for supermarket_etl_pipeline to None, run_after=None
[2026-08-27T06:19:25.712+0000] {processor.py:183} INFO - Processing /opt/airflow/dags/supermarket_etl_pipeline.py took 0.284 seconds
[2026-08-27T06:19:56.071+0000] {processor.py:161} INFO - Started process (PID=3029) to work on /opt/airflow/dags/supermarket_etl_pipeline.py
[2026-08-27T06:19:56.073+0000] {processor.py:830} INFO - Processing file /opt/airflow/dags/supermarket_etl_pipeline.py for tasks to queue
[2026-08-27T06:19:56.075+0000] {logging_mixin.py:188} INFO - [2026-08-27T06:19:56.075+0000] {dagbag.py:538} INFO - Filling up the DagBag from /opt/airflow/dags/supermarket_etl_pipeline.py
[2026-08-27T06:19:56.296+0000] {processor.py:840} INFO - DAG(s) 'supermarket_etl_pipeline' retrieved from /opt/airflow/dags/supermarket_etl_pipeline.py
[2026-08-27T06:19:56.322+0000] {logging_mixin.py:188} INFO - [2026-08-27T06:19:56.322+0000] {dag.py:3036} INFO - Sync 1 DAGs
[2026-08-27T06:19:56.333+0000] {logging_mixin.py:188} INFO - [2026-08-27T06:19:56.333+0000] {dag.py:3823} INFO - Setting next_dagrun for supermarket_etl_pipeline to None, run_after=None
[2026-08-27T06:19:56.363+0000] {processor.py:183} INFO - Processing /opt/airflow/dags/supermarket_etl_pipeline.py took 0.295 seconds
[2026-08-27T06:20:26.689+0000] {processor.py:161} INFO - Started process (PID=3035) to work on /opt/airflow/dags/supermarket_etl_pipeline.py
[2026-08-27T06:20:26.691+0000] {processor.py:830} INFO - Processing file /opt/airflow/dags/supermarket_etl_pipeline.py for tasks to queue
[2026-08-27T06:20:26.693+0000] {logging_mixin.py:188} INFO - [2026-08-27T06:20:26.692+0000] {dagbag.py:538} INFO - Filling up the DagBag from /opt/airflow/dags/supermarket_etl_pipeline.py
[2026-08-27T06:20:26.939+0000] {processor.py:840} INFO - DAG(s) 'supermarket_etl_pipeline' retrieved from /opt/airflow/dags/supermarket_etl_pipeline.py
[2026-08-27T06:20:26.962+0000] {logging_mixin.py:188} INFO - [2026-08-27T06:20:26.962+0000] {dag.py:3036} INFO - Sync 1 DAGs
[2026-08-27T06:20:26.975+0000] {logging_mixin.py:188} INFO - [2026-08-27T06:20:26.975+0000] {dag.py:3823} INFO - Setting next_dagrun for supermarket_etl_pipeline to None, run_after=None
[2026-08-27T06:20:26.992+0000] {processor.py:183} INFO - Processing /opt/airflow/dags/supermarket_etl_pipeline.py took 0.307 seconds
[2026-08-27T06:20:57.292+0000] {processor.py:161} INFO - Started process (PID=3041) to work on /opt/airflow/dags/supermarket_etl_pipeline.py
[2026-08-27T06:20:57.293+0000] {processor.py:830} INFO - Processing file /opt/airflow/dags/supermarket_etl_pipeline.py for tasks to queue
[2026-08-27T06:20:57.294+0000] {logging_mixin.py:188} INFO - [2026-08-27T06:20:57.294+0000] {dagbag.py:538} INFO - Filling up the DagBag from /opt/airflow/dags/supermarket_etl_pipeline.py
[2026-08-27T06:20:57.502+0000] {processor.py:840} INFO - DAG(s) 'supermarket_etl_pipeline' retrieved from /opt/airflow/dags/supermarket_etl_pipeline.py
[2026-08-27T06:20:57.525+0000] {logging_mixin.py:188} INFO - [2026-08-27T06:20:57.524+0000] {dag.py:3036} INFO - Sync 1 DAGs
[2026-08-27T06:20:57.535+0000] {logging_mixin.py:188} INFO - [2026-08-27T06:20:57.535+0000] {dag.py:3823} INFO - Setting next_dagrun for supermarket_etl_pipeline to None, run_after=None
[2026-08-27T06:20:57.552+0000] {processor.py:183} INFO - Processing /opt/airflow/dags/supermarket_etl_pipeline.py took 0.263 seconds
[2026-08-27T06:21:27.684+0000] {processor.py:161} INFO - Started process (PID=3047) to work on /opt/airflow/dags/supermarket_etl_pipeline.py
[2026-08-27T06:21:27.690+0000] {processor.py:830} INFO - Processing file /opt/airflow/dags/supermarket_etl_pipeline.py for tasks to queue
[2026-08-27T06:21:27.695+0000] {logging_mixin.py:188} INFO - [2026-08-27T06:21:27.694+0000] {dagbag.py:538} INFO - Filling up the DagBag from /opt/airflow/dags/supermarket_etl_pipeline.py
[2026-08-27T06:21:27.989+0000] {processor.py:840} INFO - DAG(s) 'supermarket_etl_pipeline' retrieved from /opt/airflow/dags/supermarket_etl_pipeline.py
[2026-08-27T06:21:28.027+0000] {logging_mixin.py:188} INFO - [2026-08-27T06:21:28.026+0000] {dag.py:3036} INFO - Sync 1 DAGs
[2026-08-27T06:21:28.043+0000] {logging_mixin.py:188} INFO - [2026-08-27T06:21:28.042+0000] {dag.py:3823} INFO - Setting next_dagrun for supermarket_etl_pipeline to None, run_after=None
[2026-08-27T06:21:28.065+0000] {processor.py:183} INFO - Processing /opt/airflow/dags/supermarket_etl_pipeline.py took 0.388 seconds
[2026-08-27T06:21:58.187+0000] {processor.py:161} INFO - Started process (PID=3053) to work on /opt/airflow/dags/supermarket_etl_pipeline.py
[2026-08-27T06:21:58.189+0000] {processor.py:830} INFO - Processing file /opt/airflow/dags/supermarket_etl_pipeline.py for tasks to queue
[2026-08-27T06:21:58.191+0000] {logging_mixin.py:188} INFO - [2026-08-27T06:21:58.191+0000] {dagbag.py:538} INFO - Filling up the DagBag from /opt/airflow/dags/supermarket_etl_pipeline.py
[2026-08-27T06:21:58.399+0000] {processor.py:840} INFO - DAG(s) 'supermarket_etl_pipeline' retrieved from /opt/airflow/dags/supermarket_etl_pipeline.py
[2026-08-27T06:21:58.421+0000] {logging_mixin.py:188} INFO - [2026-08-27T06:21:58.421+0000] {dag.py:3036} INFO - Sync 1 DAGs
[2026-08-27T06:21:58.431+0000] {logging_mixin.py:188} INFO - [2026-08-27T06:21:58.431+0000] {dag.py:3823} INFO - Setting next_dagrun for supermarket_etl_pipeline to None, run_after=None
[2026-08-27T06:21:58.449+0000] {processor.py:183} INFO - Processing /opt/airflow/dags/supermarket_etl_pipeline.py took 0.265 seconds
[2026-08-27T06:22:28.754+0000] {processor.py:161} INFO - Started process (PID=3059) to work on /opt/airflow/dags/supermarket_etl_pipeline.py
[2026-08-27T06:22:28.757+0000] {processor.py:830} INFO - Processing file /opt/airflow/dags/supermarket_etl_pipeline.py for tasks to queue
[2026-08-27T06:22:28.760+0000] {logging_mixin.py:188} INFO - [2026-08-27T06:22:28.760+0000] {dagbag.py:538} INFO - Filling up the DagBag from /opt/airflow/dags/supermarket_etl_pipeline.py
[2026-08-27T06:22:29.041+0000] {processor.py:840} INFO - DAG(s) 'supermarket_etl_pipeline' retrieved from /opt/airflow/dags/supermarket_etl_pipeline.py
[2026-08-27T06:22:29.068+0000] {logging_mixin.py:188} INFO - [2026-08-27T06:22:29.068+0000] {dag.py:3036} INFO - Sync 1 DAGs
[2026-08-27T06:22:29.080+0000] {logging_mixin.py:188} INFO - [2026-08-27T06:22:29.080+0000] {dag.py:3823} INFO - Setting next_dagrun for supermarket_etl_pipeline to None, run_after=None
[2026-08-27T06:22:29.103+0000] {processor.py:183} INFO - Processing /opt/airflow/dags/supermarket_etl_pipeline.py took 0.355 seconds
[2026-08-27T06:22:59.457+0000] {processor.py:161} INFO - Started process (PID=3065) to work on /opt/airflow/dags/supermarket_etl_pipeline.py
[2026-08-27T06:22:59.460+0000] {processor.py:830} INFO - Processing file /opt/airflow/dags/supermarket_etl_pipeline.py for tasks to queue
[2026-08-27T06:22:59.463+0000] {logging_mixin.py:188} INFO - [2026-08-27T06:22:59.463+0000] {dagbag.py:538} INFO - Filling up the DagBag from /opt/airflow/dags/supermarket_etl_pipeline.py
[2026-08-27T06:22:59.759+0000] {processor.py:840} INFO - DAG(s) 'supermarket_etl_pipeline' retrieved from /opt/airflow/dags/supermarket_etl_pipeline.py
[2026-08-27T06:22:59.787+0000] {logging_mixin.py:188} INFO - [2026-08-27T06:22:59.786+0000] {dag.py:3036} INFO - Sync 1 DAGs
[2026-08-27T06:22:59.799+0000] {logging_mixin.py:188} INFO - [2026-08-27T06:22:59.799+0000] {dag.py:3823} INFO - Setting next_dagrun for supermarket_etl_pipeline to None, run_after=None
[2026-08-27T06:22:59.825+0000] {processor.py:183} INFO - Processing /opt/airflow/dags/supermarket_etl_pipeline.py took 0.373 seconds
[2026-08-27T06:23:30.185+0000] {processor.py:161} INFO - Started process (PID=3071) to work on /opt/airflow/dags/supermarket_etl_pipeline.py
[2026-08-27T06:23:30.186+0000] {processor.py:830} INFO - Processing file /opt/airflow/dags/supermarket_etl_pipeline.py for tasks to queue
[2026-08-27T06:23:30.188+0000] {logging_mixin.py:188} INFO - [2026-08-27T06:23:30.188+0000] {dagbag.py:538} INFO - Filling up the DagBag from /opt/airflow/dags/supermarket_etl_pipeline.py
[2026-08-27T06:23:30.406+0000] {processor.py:840} INFO - DAG(s) 'supermarket_etl_pipeline' retrieved from /opt/airflow/dags/supermarket_etl_pipeline.py
[2026-08-27T06:23:30.434+0000] {logging_mixin.py:188} INFO - [2026-08-27T06:23:30.433+0000] {dag.py:3036} INFO - Sync 1 DAGs
[2026-08-27T06:23:30.445+0000] {logging_mixin.py:188} INFO - [2026-08-27T06:23:30.445+0000] {dag.py:3823} INFO - Setting next_dagrun for supermarket_etl_pipeline to None, run_after=None
[2026-08-27T06:23:30.466+0000] {processor.py:183} INFO - Processing /opt/airflow/dags/supermarket_etl_pipeline.py took 0.284 seconds
[2026-08-27T06:24:00.809+0000] {processor.py:161} INFO - Started process (PID=3077) to work on /opt/airflow/dags/supermarket_etl_pipeline.py
[2026-08-27T06:24:00.812+0000] {processor.py:830} INFO - Processing file /opt/airflow/dags/supermarket_etl_pipeline.py for tasks to queue
[2026-08-27T06:24:00.813+0000] {logging_mixin.py:188} INFO - [2026-08-27T06:24:00.813+0000] {dagbag.py:538} INFO - Filling up the DagBag from /opt/airflow/dags/supermarket_etl_pipeline.py
[2026-08-27T06:24:01.058+0000] {processor.py:840} INFO - DAG(s) 'supermarket_etl_pipeline' retrieved from /opt/airflow/dags/supermarket_etl_pipeline.py
[2026-08-27T06:24:01.084+0000] {logging_mixin.py:188} INFO - [2026-08-27T06:24:01.084+0000] {dag.py:3036} INFO - Sync 1 DAGs
[2026-08-27T06:24:01.095+0000] {logging_mixin.py:188} INFO - [2026-08-27T06:24:01.094+0000] {dag.py:3823} INFO - Setting next_dagrun for supermarket_etl_pipeline to None, run_after=None
[2026-08-27T06:24:01.114+0000] {processor.py:183} INFO - Processing /opt/airflow/dags/supermarket_etl_pipeline.py took 0.310 seconds
[2026-08-27T06:24:31.421+0000] {processor.py:161} INFO - Started process (PID=3083) to work on /opt/airflow/dags/supermarket_etl_pipeline.py
[2026-08-27T06:24:31.422+0000] {processor.py:830} INFO - Processing file /opt/airflow/dags/supermarket_etl_pipeline.py for tasks to queue
[2026-08-27T06:24:31.424+0000] {logging_mixin.py:188} INFO - [2026-08-27T06:24:31.424+0000] {dagbag.py:538} INFO - Filling up the DagBag from /opt/airflow/dags/supermarket_etl_pipeline.py
[2026-08-27T06:24:31.643+0000] {processor.py:840} INFO - DAG(s) 'supermarket_etl_pipeline' retrieved from /opt/airflow/dags/supermarket_etl_pipeline.py
[2026-08-27T06:24:31.665+0000] {logging_mixin.py:188} INFO - [2026-08-27T06:24:31.664+0000] {dag.py:3036} INFO - Sync 1 DAGs
[2026-08-27T06:24:31.675+0000] {logging_mixin.py:188} INFO - [2026-08-27T06:24:31.674+0000] {dag.py:3823} INFO - Setting next_dagrun for supermarket_etl_pipeline to None, run_after=None
[2026-08-27T06:24:31.697+0000] {processor.py:183} INFO - Processing /opt/airflow/dags/supermarket_etl_pipeline.py took 0.279 seconds
[2026-08-27T06:25:02.051+0000] {processor.py:161} INFO - Started process (PID=3089) to work on /opt/airflow/dags/supermarket_etl_pipeline.py
[2026-08-27T06:25:02.055+0000] {processor.py:830} INFO - Processing file /opt/airflow/dags/supermarket_etl_pipeline.py for tasks to queue
[2026-08-27T06:25:02.058+0000] {logging_mixin.py:188} INFO - [2026-08-27T06:25:02.058+0000] {dagbag.py:538} INFO - Filling up the DagBag from /opt/airflow/dags/supermarket_etl_pipeline.py
[2026-08-27T06:25:02.359+0000] {processor.py:840} INFO - DAG(s) 'supermarket_etl_pipeline' retrieved from /opt/airflow/dags/supermarket_etl_pipeline.py
[2026-08-27T06:25:02.388+0000] {logging_mixin.py:188} INFO - [2026-08-27T06:25:02.388+0000] {dag.py:3036} INFO - Sync 1 DAGs
[2026-08-27T06:25:02.401+0000] {logging_mixin.py:188} INFO - [2026-08-27T06:25:02.400+0000] {dag.py:3823} INFO - Setting next_dagrun for supermarket_etl_pipeline to None, run_after=None
[2026-08-27T06:25:02.426+0000] {processor.py:183} INFO - Processing /opt/airflow/dags/supermarket_etl_pipeline.py took 0.381 seconds
[2026-08-27T06:25:32.816+0000] {processor.py:161} INFO - Started process (PID=3095) to work on /opt/airflow/dags/supermarket_etl_pipeline.py
[2026-08-27T06:25:32.817+0000] {processor.py:830} INFO - Processing file /opt/airflow/dags/supermarket_etl_pipeline.py for tasks to queue
[2026-08-27T06:25:32.819+0000] {logging_mixin.py:188} INFO - [2026-08-27T06:25:32.819+0000] {dagbag.py:538} INFO - Filling up the DagBag from /opt/airflow/dags/supermarket_etl_pipeline.py
[2026-08-27T06:25:33.041+0000] {processor.py:840} INFO - DAG(s) 'supermarket_etl_pipeline' retrieved from /opt/airflow/dags/supermarket_etl_pipeline.py
[2026-08-27T06:25:33.064+0000] {logging_mixin.py:188} INFO - [2026-08-27T06:25:33.064+0000] {dag.py:3036} INFO - Sync 1 DAGs
[2026-08-27T06:25:33.075+0000] {logging_mixin.py:188} INFO - [2026-08-27T06:25:33.075+0000] {dag.py:3823} INFO - Setting next_dagrun for supermarket_etl_pipeline to None, run_after=None
[2026-08-27T06:25:33.095+0000] {processor.py:183} INFO - Processing /opt/airflow/dags/supermarket_etl_pipeline.py took 0.282 seconds
[2026-08-27T06:26:03.180+0000] {processor.py:161} INFO - Started process (PID=3101) to work on /opt/airflow/dags/supermarket_etl_pipeline.py
[2026-08-27T06:26:03.182+0000] {processor.py:830} INFO - Processing file /opt/airflow/dags/supermarket_etl_pipeline.py for tasks to queue
[2026-08-27T06:26:03.183+0000] {logging_mixin.py:188} INFO - [2026-08-27T06:26:03.183+0000] {dagbag.py:538} INFO - Filling up the DagBag from /opt/airflow/dags/supermarket_etl_pipeline.py
[2026-08-27T06:26:03.418+0000] {processor.py:840} INFO - DAG(s) 'supermarket_etl_pipeline' retrieved from /opt/airflow/dags/supermarket_etl_pipeline.py
[2026-08-27T06:26:03.443+0000] {logging_mixin.py:188} INFO - [2026-08-27T06:26:03.443+0000] {dag.py:3036} INFO - Sync 1 DAGs
[2026-08-27T06:26:03.454+0000] {logging_mixin.py:188} INFO - [2026-08-27T06:26:03.454+0000] {dag.py:3823} INFO - Setting next_dagrun for supermarket_etl_pipeline to None, run_after=None
[2026-08-27T06:26:03.477+0000] {processor.py:183} INFO - Processing /opt/airflow/dags/supermarket_etl_pipeline.py took 0.301 seconds
[2026-08-27T06:26:33.638+0000] {processor.py:161} INFO - Started process (PID=3107) to work on /opt/airflow/dags/supermarket_etl_pipeline.py
[2026-08-27T06:26:33.640+0000] {processor.py:830} INFO - Processing file /opt/airflow/dags/supermarket_etl_pipeline.py for tasks to queue
[2026-08-27T06:26:33.643+0000] {logging_mixin.py:188} INFO - [2026-08-27T06:26:33.642+0000] {dagbag.py:538} INFO - Filling up the DagBag from /opt/airflow/dags/supermarket_etl_pipeline.py
[2026-08-27T06:26:33.889+0000] {processor.py:840} INFO - DAG(s) 'supermarket_etl_pipeline' retrieved from /opt/airflow/dags/supermarket_etl_pipeline.py
[2026-08-27T06:26:33.915+0000] {logging_mixin.py:188} INFO - [2026-08-27T06:26:33.914+0000] {dag.py:3036} INFO - Sync 1 DAGs
[2026-08-27T06:26:33.925+0000] {logging_mixin.py:188} INFO - [2026-08-27T06:26:33.925+0000] {dag.py:3823} INFO - Setting next_dagrun for supermarket_etl_pipeline to None, run_after=None
[2026-08-27T06:26:33.946+0000] {processor.py:183} INFO - Processing /opt/airflow/dags/supermarket_etl_pipeline.py took 0.310 seconds
[2026-08-27T06:27:04.093+0000] {processor.py:161} INFO - Started process (PID=3113) to work on /opt/airflow/dags/supermarket_etl_pipeline.py
[2026-08-27T06:27:04.094+0000] {processor.py:830} INFO - Processing file /opt/airflow/dags/supermarket_etl_pipeline.py for tasks to queue
[2026-08-27T06:27:04.096+0000] {logging_mixin.py:188} INFO - [2026-08-27T06:27:04.096+0000] {dagbag.py:538} INFO - Filling up the DagBag from /opt/airflow/dags/supermarket_etl_pipeline.py
[2026-08-27T06:27:04.319+0000] {processor.py:840} INFO - DAG(s) 'supermarket_etl_pipeline' retrieved from /opt/airflow/dags/supermarket_etl_pipeline.py
[2026-08-27T06:27:04.341+0000] {logging_mixin.py:188} INFO - [2026-08-27T06:27:04.341+0000] {dag.py:3036} INFO - Sync 1 DAGs
[2026-08-27T06:27:04.352+0000] {logging_mixin.py:188} INFO - [2026-08-27T06:27:04.352+0000] {dag.py:3823} INFO - Setting next_dagrun for supermarket_etl_pipeline to None, run_after=None
[2026-08-27T06:27:04.370+0000] {processor.py:183} INFO - Processing /opt/airflow/dags/supermarket_etl_pipeline.py took 0.281 seconds
[2026-08-27T06:27:34.561+0000] {processor.py:161} INFO - Started process (PID=3119) to work on /opt/airflow/dags/supermarket_etl_pipeline.py
[2026-08-27T06:27:34.563+0000] {processor.py:830} INFO - Processing file /opt/airflow/dags/supermarket_etl_pipeline.py for tasks to queue
[2026-08-27T06:27:34.565+0000] {logging_mixin.py:188} INFO - [2026-08-27T06:27:34.565+0000] {dagbag.py:538} INFO - Filling up the DagBag from /opt/airflow/dags/supermarket_etl_pipeline.py
[2026-08-27T06:27:34.796+0000] {processor.py:840} INFO - DAG(s) 'supermarket_etl_pipeline' retrieved from /opt/airflow/dags/supermarket_etl_pipeline.py
[2026-08-27T06:27:34.821+0000] {logging_mixin.py:188} INFO - [2026-08-27T06:27:34.820+0000] {dag.py:3036} INFO - Sync 1 DAGs
[2026-08-27T06:27:34.833+0000] {logging_mixin.py:188} INFO - [2026-08-27T06:27:34.833+0000] {dag.py:3823} INFO - Setting next_dagrun for supermarket_etl_pipeline to None, run_after=None
[2026-08-27T06:27:34.850+0000] {processor.py:183} INFO - Processing /opt/airflow/dags/supermarket_etl_pipeline.py took 0.293 seconds
[2026-08-27T06:28:04.981+0000] {processor.py:161} INFO - Started process (PID=3125) to work on /opt/airflow/dags/supermarket_etl_pipeline.py
[2026-08-27T06:28:04.982+0000] {processor.py:830} INFO - Processing file /opt/airflow/dags/supermarket_etl_pipeline.py for tasks to queue
[2026-08-27T06:28:04.983+0000] {logging_mixin.py:188} INFO - [2026-08-27T06:28:04.983+0000] {dagbag.py:538} INFO - Filling up the DagBag from /opt/airflow/dags/supermarket_etl_pipeline.py
[2026-08-27T06:28:05.198+0000] {processor.py:840} INFO - DAG(s) 'supermarket_etl_pipeline' retrieved from /opt/airflow/dags/supermarket_etl_pipeline.py
[2026-08-27T06:28:05.220+0000] {logging_mixin.py:188} INFO - [2026-08-27T06:28:05.220+0000] {dag.py:3036} INFO - Sync 1 DAGs
[2026-08-27T06:28:05.231+0000] {logging_mixin.py:188} INFO - [2026-08-27T06:28:05.231+0000] {dag.py:3823} INFO - Setting next_dagrun for supermarket_etl_pipeline to None, run_after=None
[2026-08-27T06:28:05.251+0000] {processor.py:183} INFO - Processing /opt/airflow/dags/supermarket_etl_pipeline.py took 0.273 seconds
[2026-08-27T06:28:35.472+0000] {processor.py:161} INFO - Started process (PID=3131) to work on /opt/airflow/dags/supermarket_etl_pipeline.py
[2026-08-27T06:28:35.474+0000] {processor.py:830} INFO - Processing file /opt/airflow/dags/supermarket_etl_pipeline.py for tasks to queue
[2026-08-27T06:28:35.476+0000] {logging_mixin.py:188} INFO - [2026-08-27T06:28:35.475+0000] {dagbag.py:538} INFO - Filling up the DagBag from /opt/airflow/dags/supermarket_etl_pipeline.py
[2026-08-27T06:28:35.691+0000] {processor.py:840} INFO - DAG(s) 'supermarket_etl_pipeline' retrieved from /opt/airflow/dags/supermarket_etl_pipeline.py
[2026-08-27T06:28:35.710+0000] {logging_mixin.py:188} INFO - [2026-08-27T06:28:35.709+0000] {dag.py:3036} INFO - Sync 1 DAGs
[2026-08-27T06:28:35.719+0000] {logging_mixin.py:188} INFO - [2026-08-27T06:28:35.719+0000] {dag.py:3823} INFO - Setting next_dagrun for supermarket_etl_pipeline to None, run_after=None
[2026-08-27T06:28:35.738+0000] {processor.py:183} INFO - Processing /opt/airflow/dags/supermarket_etl_pipeline.py took 0.269 seconds
[2026-08-27T06:29:05.935+0000] {processor.py:161} INFO - Started process (PID=3137) to work on /opt/airflow/dags/supermarket_etl_pipeline.py
[2026-08-27T06:29:05.938+0000] {processor.py:830} INFO - Processing file /opt/airflow/dags/supermarket_etl_pipeline.py for tasks to queue
[2026-08-27T06:29:05.942+0000] {logging_mixin.py:188} INFO - [2026-08-27T06:29:05.941+0000] {dagbag.py:538} INFO - Filling up the DagBag from /opt/airflow/dags/supermarket_etl_pipeline.py
[2026-08-27T06:29:06.231+0000] {processor.py:840} INFO - DAG(s) 'supermarket_etl_pipeline' retrieved from /opt/airflow/dags/supermarket_etl_pipeline.py
[2026-08-27T06:29:06.267+0000] {logging_mixin.py:188} INFO - [2026-08-27T06:29:06.267+0000] {dag.py:3036} INFO - Sync 1 DAGs
[2026-08-27T06:29:06.282+0000] {logging_mixin.py:188} INFO - [2026-08-27T06:29:06.282+0000] {dag.py:3823} INFO - Setting next_dagrun for supermarket_etl_pipeline to None, run_after=None
[2026-08-27T06:29:06.304+0000] {processor.py:183} INFO - Processing /opt/airflow/dags/supermarket_etl_pipeline.py took 0.375 seconds
[2026-08-27T06:29:36.434+0000] {processor.py:161} INFO - Started process (PID=3143) to work on /opt/airflow/dags/supermarket_etl_pipeline.py
[2026-08-27T06:29:36.435+0000] {processor.py:830} INFO - Processing file /opt/airflow/dags/supermarket_etl_pipeline.py for tasks to queue
[2026-08-27T06:29:36.437+0000] {logging_mixin.py:188} INFO - [2026-08-27T06:29:36.437+0000] {dagbag.py:538} INFO - Filling up the DagBag from /opt/airflow/dags/supermarket_etl_pipeline.py
[2026-08-27T06:29:36.669+0000] {processor.py:840} INFO - DAG(s) 'supermarket_etl_pipeline' retrieved from /opt/airflow/dags/supermarket_etl_pipeline.py
[2026-08-27T06:29:36.687+0000] {logging_mixin.py:188} INFO - [2026-08-27T06:29:36.687+0000] {dag.py:3036} INFO - Sync 1 DAGs
[2026-08-27T06:29:36.698+0000] {logging_mixin.py:188} INFO - [2026-08-27T06:29:36.697+0000] {dag.py:3823} INFO - Setting next_dagrun for supermarket_etl_pipeline to None, run_after=None
[2026-08-27T06:29:36.715+0000] {processor.py:183} INFO - Processing /opt/airflow/dags/supermarket_etl_pipeline.py took 0.284 seconds
[2026-08-27T06:30:06.964+0000] {processor.py:161} INFO - Started process (PID=3149) to work on /opt/airflow/dags/supermarket_etl_pipeline.py
[2026-08-27T06:30:06.966+0000] {processor.py:830} INFO - Processing file /opt/airflow/dags/supermarket_etl_pipeline.py for tasks to queue
[2026-08-27T06:30:06.967+0000] {logging_mixin.py:188} INFO - [2026-08-27T06:30:06.967+0000] {dagbag.py:538} INFO - Filling up the DagBag from /opt/airflow/dags/supermarket_etl_pipeline.py
[2026-08-27T06:30:07.208+0000] {processor.py:840} INFO - DAG(s) 'supermarket_etl_pipeline' retrieved from /opt/airflow/dags/supermarket_etl_pipeline.py
[2026-08-27T06:30:07.233+0000] {logging_mixin.py:188} INFO - [2026-08-27T06:30:07.233+0000] {dag.py:3036} INFO - Sync 1 DAGs
[2026-08-27T06:30:07.244+0000] {logging_mixin.py:188} INFO - [2026-08-27T06:30:07.243+0000] {dag.py:3823} INFO - Setting next_dagrun for supermarket_etl_pipeline to None, run_after=None
[2026-08-27T06:30:07.262+0000] {processor.py:183} INFO - Processing /opt/airflow/dags/supermarket_etl_pipeline.py took 0.300 seconds
[2026-08-27T06:30:37.611+0000] {processor.py:161} INFO - Started process (PID=3155) to work on /opt/airflow/dags/supermarket_etl_pipeline.py
[2026-08-27T06:30:37.613+0000] {processor.py:830} INFO - Processing file /opt/airflow/dags/supermarket_etl_pipeline.py for tasks to queue
[2026-08-27T06:30:37.615+0000] {logging_mixin.py:188} INFO - [2026-08-27T06:30:37.614+0000] {dagbag.py:538} INFO - Filling up the DagBag from /opt/airflow/dags/supermarket_etl_pipeline.py
[2026-08-27T06:30:37.854+0000] {processor.py:840} INFO - DAG(s) 'supermarket_etl_pipeline' retrieved from /opt/airflow/dags/supermarket_etl_pipeline.py
[2026-08-27T06:30:37.877+0000] {logging_mixin.py:188} INFO - [2026-08-27T06:30:37.877+0000] {dag.py:3036} INFO - Sync 1 DAGs
[2026-08-27T06:30:37.887+0000] {logging_mixin.py:188} INFO - [2026-08-27T06:30:37.887+0000] {dag.py:3823} INFO - Setting next_dagrun for supermarket_etl_pipeline to None, run_after=None
[2026-08-27T06:30:37.904+0000] {processor.py:183} INFO - Processing /opt/airflow/dags/supermarket_etl_pipeline.py took 0.297 seconds
[2026-08-27T06:31:08.338+0000] {processor.py:161} INFO - Started process (PID=3161) to work on /opt/airflow/dags/supermarket_etl_pipeline.py
[2026-08-27T06:31:08.340+0000] {processor.py:830} INFO - Processing file /opt/airflow/dags/supermarket_etl_pipeline.py for tasks to queue
[2026-08-27T06:31:08.342+0000] {logging_mixin.py:188} INFO - [2026-08-27T06:31:08.342+0000] {dagbag.py:538} INFO - Filling up the DagBag from /opt/airflow/dags/supermarket_etl_pipeline.py
[2026-08-27T06:31:08.562+0000] {processor.py:840} INFO - DAG(s) 'supermarket_etl_pipeline' retrieved from /opt/airflow/dags/supermarket_etl_pipeline.py
[2026-08-27T06:31:08.600+0000] {logging_mixin.py:188} INFO - [2026-08-27T06:31:08.600+0000] {dag.py:3036} INFO - Sync 1 DAGs
[2026-08-27T06:31:08.615+0000] {logging_mixin.py:188} INFO - [2026-08-27T06:31:08.614+0000] {dag.py:3823} INFO - Setting next_dagrun for supermarket_etl_pipeline to None, run_after=None
[2026-08-27T06:31:08.639+0000] {processor.py:183} INFO - Processing /opt/airflow/dags/supermarket_etl_pipeline.py took 0.302 seconds
[2026-08-27T06:31:38.947+0000] {processor.py:161} INFO - Started process (PID=3167) to work on /opt/airflow/dags/supermarket_etl_pipeline.py
[2026-08-27T06:31:38.949+0000] {processor.py:830} INFO - Processing file /opt/airflow/dags/supermarket_etl_pipeline.py for tasks to queue
[2026-08-27T06:31:38.951+0000] {logging_mixin.py:188} INFO - [2026-08-27T06:31:38.950+0000] {dagbag.py:538} INFO - Filling up the DagBag from /opt/airflow/dags/supermarket_etl_pipeline.py
[2026-08-27T06:31:39.172+0000] {processor.py:840} INFO - DAG(s) 'supermarket_etl_pipeline' retrieved from /opt/airflow/dags/supermarket_etl_pipeline.py
[2026-08-27T06:31:39.193+0000] {logging_mixin.py:188} INFO - [2026-08-27T06:31:39.193+0000] {dag.py:3036} INFO - Sync 1 DAGs
[2026-08-27T06:31:39.203+0000] {logging_mixin.py:188} INFO - [2026-08-27T06:31:39.203+0000] {dag.py:3823} INFO - Setting next_dagrun for supermarket_etl_pipeline to None, run_after=None
[2026-08-27T06:31:39.221+0000] {processor.py:183} INFO - Processing /opt/airflow/dags/supermarket_etl_pipeline.py took 0.277 seconds
[2026-08-27T06:32:09.525+0000] {processor.py:161} INFO - Started process (PID=3173) to work on /opt/airflow/dags/supermarket_etl_pipeline.py
[2026-08-27T06:32:09.527+0000] {processor.py:830} INFO - Processing file /opt/airflow/dags/supermarket_etl_pipeline.py for tasks to queue
[2026-08-27T06:32:09.529+0000] {logging_mixin.py:188} INFO - [2026-08-27T06:32:09.529+0000] {dagbag.py:538} INFO - Filling up the DagBag from /opt/airflow/dags/supermarket_etl_pipeline.py
[2026-08-27T06:32:09.744+0000] {processor.py:840} INFO - DAG(s) 'supermarket_etl_pipeline' retrieved from /opt/airflow/dags/supermarket_etl_pipeline.py
[2026-08-27T06:32:09.766+0000] {logging_mixin.py:188} INFO - [2026-08-27T06:32:09.766+0000] {dag.py:3036} INFO - Sync 1 DAGs
[2026-08-27T06:32:09.775+0000] {logging_mixin.py:188} INFO - [2026-08-27T06:32:09.775+0000] {dag.py:3823} INFO - Setting next_dagrun for supermarket_etl_pipeline to None, run_after=None
[2026-08-27T06:32:09.798+0000] {processor.py:183} INFO - Processing /opt/airflow/dags/supermarket_etl_pipeline.py took 0.276 seconds
[2026-08-27T06:32:39.864+0000] {processor.py:161} INFO - Started process (PID=3179) to work on /opt/airflow/dags/supermarket_etl_pipeline.py
[2026-08-27T06:32:39.866+0000] {processor.py:830} INFO - Processing file /opt/airflow/dags/supermarket_etl_pipeline.py for tasks to queue
[2026-08-27T06:32:39.868+0000] {logging_mixin.py:188} INFO - [2026-08-27T06:32:39.868+0000] {dagbag.py:538} INFO - Filling up the DagBag from /opt/airflow/dags/supermarket_etl_pipeline.py
[2026-08-27T06:32:40.091+0000] {processor.py:840} INFO - DAG(s) 'supermarket_etl_pipeline' retrieved from /opt/airflow/dags/supermarket_etl_pipeline.py
[2026-08-27T06:32:40.110+0000] {logging_mixin.py:188} INFO - [2026-08-27T06:32:40.110+0000] {dag.py:3036} INFO - Sync 1 DAGs
[2026-08-27T06:32:40.119+0000] {logging_mixin.py:188} INFO - [2026-08-27T06:32:40.119+0000] {dag.py:3823} INFO - Setting next_dagrun for supermarket_etl_pipeline to None, run_after=None
[2026-08-27T06:32:40.140+0000] {processor.py:183} INFO - Processing /opt/airflow/dags/supermarket_etl_pipeline.py took 0.279 seconds
[2026-08-27T06:33:10.439+0000] {processor.py:161} INFO - Started process (PID=3185) to work on /opt/airflow/dags/supermarket_etl_pipeline.py
[2026-08-27T06:33:10.441+0000] {processor.py:830} INFO - Processing file /opt/airflow/dags/supermarket_etl_pipeline.py for tasks to queue
[2026-08-27T06:33:10.445+0000] {logging_mixin.py:188} INFO - [2026-08-27T06:33:10.445+0000] {dagbag.py:538} INFO - Filling up the DagBag from /opt/airflow/dags/supermarket_etl_pipeline.py
[2026-08-27T06:33:10.664+0000] {processor.py:840} INFO - DAG(s) 'supermarket_etl_pipeline' retrieved from /opt/airflow/dags/supermarket_etl_pipeline.py
[2026-08-27T06:33:10.685+0000] {logging_mixin.py:188} INFO - [2026-08-27T06:33:10.685+0000] {dag.py:3036} INFO - Sync 1 DAGs
[2026-08-27T06:33:10.695+0000] {logging_mixin.py:188} INFO - [2026-08-27T06:33:10.695+0000] {dag.py:3823} INFO - Setting next_dagrun for supermarket_etl_pipeline to None, run_after=None
[2026-08-27T06:33:10.716+0000] {processor.py:183} INFO - Processing /opt/airflow/dags/supermarket_etl_pipeline.py took 0.280 seconds
[2026-08-27T06:33:41.042+0000] {processor.py:161} INFO - Started process (PID=3191) to work on /opt/airflow/dags/supermarket_etl_pipeline.py
[2026-08-27T06:33:41.044+0000] {processor.py:830} INFO - Processing file /opt/airflow/dags/supermarket_etl_pipeline.py for tasks to queue
[2026-08-27T06:33:41.045+0000] {logging_mixin.py:188} INFO - [2026-08-27T06:33:41.045+0000] {dagbag.py:538} INFO - Filling up the DagBag from /opt/airflow/dags/supermarket_etl_pipeline.py
[2026-08-27T06:33:41.251+0000] {processor.py:840} INFO - DAG(s) 'supermarket_etl_pipeline' retrieved from /opt/airflow/dags/supermarket_etl_pipeline.py
[2026-08-27T06:33:41.270+0000] {logging_mixin.py:188} INFO - [2026-08-27T06:33:41.270+0000] {dag.py:3036} INFO - Sync 1 DAGs
[2026-08-27T06:33:41.279+0000] {logging_mixin.py:188} INFO - [2026-08-27T06:33:41.279+0000] {dag.py:3823} INFO - Setting next_dagrun for supermarket_etl_pipeline to None, run_after=None
[2026-08-27T06:33:41.299+0000] {processor.py:183} INFO - Processing /opt/airflow/dags/supermarket_etl_pipeline.py took 0.259 seconds
[2026-08-27T06:34:11.656+0000] {processor.py:161} INFO - Started process (PID=3197) to work on /opt/airflow/dags/supermarket_etl_pipeline.py
[2026-08-27T06:34:11.658+0000] {processor.py:830} INFO - Processing file /opt/airflow/dags/supermarket_etl_pipeline.py for tasks to queue
[2026-08-27T06:34:11.660+0000] {logging_mixin.py:188} INFO - [2026-08-27T06:34:11.660+0000] {dagbag.py:538} INFO - Filling up the DagBag from /opt/airflow/dags/supermarket_etl_pipeline.py
[2026-08-27T06:34:11.880+0000] {processor.py:840} INFO - DAG(s) 'supermarket_etl_pipeline' retrieved from /opt/airflow/dags/supermarket_etl_pipeline.py
[2026-08-27T06:34:11.902+0000] {logging_mixin.py:188} INFO - [2026-08-27T06:34:11.902+0000] {dag.py:3036} INFO - Sync 1 DAGs
[2026-08-27T06:34:11.911+0000] {logging_mixin.py:188} INFO - [2026-08-27T06:34:11.911+0000] {dag.py:3823} INFO - Setting next_dagrun for supermarket_etl_pipeline to None, run_after=None
[2026-08-27T06:34:11.930+0000] {processor.py:183} INFO - Processing /opt/airflow/dags/supermarket_etl_pipeline.py took 0.276 seconds
[2026-08-27T06:34:42.268+0000] {processor.py:161} INFO - Started process (PID=3203) to work on /opt/airflow/dags/supermarket_etl_pipeline.py
[2026-08-27T06:34:42.270+0000] {processor.py:830} INFO - Processing file /opt/airflow/dags/supermarket_etl_pipeline.py for tasks to queue
[2026-08-27T06:34:42.272+0000] {logging_mixin.py:188} INFO - [2026-08-27T06:34:42.272+0000] {dagbag.py:538} INFO - Filling up the DagBag from /opt/airflow/dags/supermarket_etl_pipeline.py
[2026-08-27T06:34:42.502+0000] {processor.py:840} INFO - DAG(s) 'supermarket_etl_pipeline' retrieved from /opt/airflow/dags/supermarket_etl_pipeline.py
[2026-08-27T06:34:42.525+0000] {logging_mixin.py:188} INFO - [2026-08-27T06:34:42.525+0000] {dag.py:3036} INFO - Sync 1 DAGs
[2026-08-27T06:34:42.535+0000] {logging_mixin.py:188} INFO - [2026-08-27T06:34:42.535+0000] {dag.py:3823} INFO - Setting next_dagrun for supermarket_etl_pipeline to None, run_after=None
[2026-08-27T06:34:42.555+0000] {processor.py:183} INFO - Processing /opt/airflow/dags/supermarket_etl_pipeline.py took 0.290 seconds
[2026-08-27T06:35:12.953+0000] {processor.py:161} INFO - Started process (PID=3209) to work on /opt/airflow/dags/supermarket_etl_pipeline.py
[2026-08-27T06:35:12.956+0000] {processor.py:830} INFO - Processing file /opt/airflow/dags/supermarket_etl_pipeline.py for tasks to queue
[2026-08-27T06:35:12.959+0000] {logging_mixin.py:188} INFO - [2026-08-27T06:35:12.958+0000] {dagbag.py:538} INFO - Filling up the DagBag from /opt/airflow/dags/supermarket_etl_pipeline.py
[2026-08-27T06:35:13.234+0000] {processor.py:840} INFO - DAG(s) 'supermarket_etl_pipeline' retrieved from /opt/airflow/dags/supermarket_etl_pipeline.py
[2026-08-27T06:35:13.270+0000] {logging_mixin.py:188} INFO - [2026-08-27T06:35:13.270+0000] {dag.py:3036} INFO - Sync 1 DAGs
[2026-08-27T06:35:13.283+0000] {logging_mixin.py:188} INFO - [2026-08-27T06:35:13.283+0000] {dag.py:3823} INFO - Setting next_dagrun for supermarket_etl_pipeline to None, run_after=None
[2026-08-27T06:35:13.307+0000] {processor.py:183} INFO - Processing /opt/airflow/dags/supermarket_etl_pipeline.py took 0.360 seconds
[2026-08-27T06:35:43.669+0000] {processor.py:161} INFO - Started process (PID=3215) to work on /opt/airflow/dags/supermarket_etl_pipeline.py
[2026-08-27T06:35:43.672+0000] {processor.py:830} INFO - Processing file /opt/airflow/dags/supermarket_etl_pipeline.py for tasks to queue
[2026-08-27T06:35:43.674+0000] {logging_mixin.py:188} INFO - [2026-08-27T06:35:43.674+0000] {dagbag.py:538} INFO - Filling up the DagBag from /opt/airflow/dags/supermarket_etl_pipeline.py
[2026-08-27T06:35:43.961+0000] {processor.py:840} INFO - DAG(s) 'supermarket_etl_pipeline' retrieved from /opt/airflow/dags/supermarket_etl_pipeline.py
[2026-08-27T06:35:43.994+0000] {logging_mixin.py:188} INFO - [2026-08-27T06:35:43.993+0000] {dag.py:3036} INFO - Sync 1 DAGs
[2026-08-27T06:35:44.007+0000] {logging_mixin.py:188} INFO - [2026-08-27T06:35:44.006+0000] {dag.py:3823} INFO - Setting next_dagrun for supermarket_etl_pipeline to None, run_after=None
[2026-08-27T06:35:44.029+0000] {processor.py:183} INFO - Processing /opt/airflow/dags/supermarket_etl_pipeline.py took 0.367 seconds
[2026-08-27T06:36:14.455+0000] {processor.py:161} INFO - Started process (PID=3221) to work on /opt/airflow/dags/supermarket_etl_pipeline.py
[2026-08-27T06:36:14.457+0000] {processor.py:830} INFO - Processing file /opt/airflow/dags/supermarket_etl_pipeline.py for tasks to queue
[2026-08-27T06:36:14.459+0000] {logging_mixin.py:188} INFO - [2026-08-27T06:36:14.458+0000] {dagbag.py:538} INFO - Filling up the DagBag from /opt/airflow/dags/supermarket_etl_pipeline.py
[2026-08-27T06:36:14.706+0000] {processor.py:840} INFO - DAG(s) 'supermarket_etl_pipeline' retrieved from /opt/airflow/dags/supermarket_etl_pipeline.py
[2026-08-27T06:36:14.743+0000] {logging_mixin.py:188} INFO - [2026-08-27T06:36:14.743+0000] {dag.py:3036} INFO - Sync 1 DAGs
[2026-08-27T06:36:14.754+0000] {logging_mixin.py:188} INFO - [2026-08-27T06:36:14.754+0000] {dag.py:3823} INFO - Setting next_dagrun for supermarket_etl_pipeline to None, run_after=None
[2026-08-27T06:36:14.776+0000] {processor.py:183} INFO - Processing /opt/airflow/dags/supermarket_etl_pipeline.py took 0.325 seconds
[2026-08-27T06:36:45.119+0000] {processor.py:161} INFO - Started process (PID=3227) to work on /opt/airflow/dags/supermarket_etl_pipeline.py
[2026-08-27T06:36:45.120+0000] {processor.py:830} INFO - Processing file /opt/airflow/dags/supermarket_etl_pipeline.py for tasks to queue
[2026-08-27T06:36:45.122+0000] {logging_mixin.py:188} INFO - [2026-08-27T06:36:45.122+0000] {dagbag.py:538} INFO - Filling up the DagBag from /opt/airflow/dags/supermarket_etl_pipeline.py
[2026-08-27T06:36:45.349+0000] {processor.py:840} INFO - DAG(s) 'supermarket_etl_pipeline' retrieved from /opt/airflow/dags/supermarket_etl_pipeline.py
[2026-08-27T06:36:45.372+0000] {logging_mixin.py:188} INFO - [2026-08-27T06:36:45.372+0000] {dag.py:3036} INFO - Sync 1 DAGs
[2026-08-27T06:36:45.383+0000] {logging_mixin.py:188} INFO - [2026-08-27T06:36:45.383+0000] {dag.py:3823} INFO - Setting next_dagrun for supermarket_etl_pipeline to None, run_after=None
[2026-08-27T06:36:45.399+0000] {processor.py:183} INFO - Processing /opt/airflow/dags/supermarket_etl_pipeline.py took 0.284 seconds
[2026-08-27T06:37:15.697+0000] {processor.py:161} INFO - Started process (PID=3233) to work on /opt/airflow/dags/supermarket_etl_pipeline.py
[2026-08-27T06:37:15.699+0000] {processor.py:830} INFO - Processing file /opt/airflow/dags/supermarket_etl_pipeline.py for tasks to queue
[2026-08-27T06:37:15.702+0000] {logging_mixin.py:188} INFO - [2026-08-27T06:37:15.701+0000] {dagbag.py:538} INFO - Filling up the DagBag from /opt/airflow/dags/supermarket_etl_pipeline.py
[2026-08-27T06:37:15.925+0000] {processor.py:840} INFO - DAG(s) 'supermarket_etl_pipeline' retrieved from /opt/airflow/dags/supermarket_etl_pipeline.py
[2026-08-27T06:37:15.947+0000] {logging_mixin.py:188} INFO - [2026-08-27T06:37:15.947+0000] {dag.py:3036} INFO - Sync 1 DAGs
[2026-08-27T06:37:15.959+0000] {logging_mixin.py:188} INFO - [2026-08-27T06:37:15.959+0000] {dag.py:3823} INFO - Setting next_dagrun for supermarket_etl_pipeline to None, run_after=None
[2026-08-27T06:37:15.980+0000] {processor.py:183} INFO - Processing /opt/airflow/dags/supermarket_etl_pipeline.py took 0.285 seconds
[2026-08-27T06:37:46.266+0000] {processor.py:161} INFO - Started process (PID=3239) to work on /opt/airflow/dags/supermarket_etl_pipeline.py
[2026-08-27T06:37:46.268+0000] {processor.py:830} INFO - Processing file /opt/airflow/dags/supermarket_etl_pipeline.py for tasks to queue
[2026-08-27T06:37:46.269+0000] {logging_mixin.py:188} INFO - [2026-08-27T06:37:46.269+0000] {dagbag.py:538} INFO - Filling up the DagBag from /opt/airflow/dags/supermarket_etl_pipeline.py
[2026-08-27T06:37:46.472+0000] {processor.py:840} INFO - DAG(s) 'supermarket_etl_pipeline' retrieved from /opt/airflow/dags/supermarket_etl_pipeline.py
[2026-08-27T06:37:46.493+0000] {logging_mixin.py:188} INFO - [2026-08-27T06:37:46.493+0000] {dag.py:3036} INFO - Sync 1 DAGs
[2026-08-27T06:37:46.502+0000] {logging_mixin.py:188} INFO - [2026-08-27T06:37:46.502+0000] {dag.py:3823} INFO - Setting next_dagrun for supermarket_etl_pipeline to None, run_after=None
[2026-08-27T06:37:46.520+0000] {processor.py:183} INFO - Processing /opt/airflow/dags/supermarket_etl_pipeline.py took 0.258 seconds
[2026-08-27T06:38:16.830+0000] {processor.py:161} INFO - Started process (PID=3245) to work on /opt/airflow/dags/supermarket_etl_pipeline.py
[2026-08-27T06:38:16.832+0000] {processor.py:830} INFO - Processing file /opt/airflow/dags/supermarket_etl_pipeline.py for tasks to queue
[2026-08-27T06:38:16.834+0000] {logging_mixin.py:188} INFO - [2026-08-27T06:38:16.834+0000] {dagbag.py:538} INFO - Filling up the DagBag from /opt/airflow/dags/supermarket_etl_pipeline.py
[2026-08-27T06:38:17.048+0000] {processor.py:840} INFO - DAG(s) 'supermarket_etl_pipeline' retrieved from /opt/airflow/dags/supermarket_etl_pipeline.py
[2026-08-27T06:38:17.069+0000] {logging_mixin.py:188} INFO - [2026-08-27T06:38:17.069+0000] {dag.py:3036} INFO - Sync 1 DAGs
[2026-08-27T06:38:17.079+0000] {logging_mixin.py:188} INFO - [2026-08-27T06:38:17.079+0000] {dag.py:3823} INFO - Setting next_dagrun for supermarket_etl_pipeline to None, run_after=None
[2026-08-27T06:38:17.099+0000] {processor.py:183} INFO - Processing /opt/airflow/dags/supermarket_etl_pipeline.py took 0.271 seconds
[2026-08-27T06:38:47.441+0000] {processor.py:161} INFO - Started process (PID=3251) to work on /opt/airflow/dags/supermarket_etl_pipeline.py
[2026-08-27T06:38:47.443+0000] {processor.py:830} INFO - Processing file /opt/airflow/dags/supermarket_etl_pipeline.py for tasks to queue
[2026-08-27T06:38:47.445+0000] {logging_mixin.py:188} INFO - [2026-08-27T06:38:47.445+0000] {dagbag.py:538} INFO - Filling up the DagBag from /opt/airflow/dags/supermarket_etl_pipeline.py
[2026-08-27T06:38:47.655+0000] {processor.py:840} INFO - DAG(s) 'supermarket_etl_pipeline' retrieved from /opt/airflow/dags/supermarket_etl_pipeline.py
[2026-08-27T06:38:47.687+0000] {logging_mixin.py:188} INFO - [2026-08-27T06:38:47.687+0000] {dag.py:3036} INFO - Sync 1 DAGs
[2026-08-27T06:38:47.699+0000] {logging_mixin.py:188} INFO - [2026-08-27T06:38:47.699+0000] {dag.py:3823} INFO - Setting next_dagrun for supermarket_etl_pipeline to None, run_after=None
[2026-08-27T06:38:47.721+0000] {processor.py:183} INFO - Processing /opt/airflow/dags/supermarket_etl_pipeline.py took 0.283 seconds
[2026-08-27T06:39:17.818+0000] {processor.py:161} INFO - Started process (PID=3257) to work on /opt/airflow/dags/supermarket_etl_pipeline.py
[2026-08-27T06:39:17.821+0000] {processor.py:830} INFO - Processing file /opt/airflow/dags/supermarket_etl_pipeline.py for tasks to queue
[2026-08-27T06:39:17.825+0000] {logging_mixin.py:188} INFO - [2026-08-27T06:39:17.824+0000] {dagbag.py:538} INFO - Filling up the DagBag from /opt/airflow/dags/supermarket_etl_pipeline.py
[2026-08-27T06:39:18.357+0000] {processor.py:840} INFO - DAG(s) 'supermarket_etl_pipeline' retrieved from /opt/airflow/dags/supermarket_etl_pipeline.py
[2026-08-27T06:39:18.391+0000] {logging_mixin.py:188} INFO - [2026-08-27T06:39:18.391+0000] {dag.py:3036} INFO - Sync 1 DAGs
[2026-08-27T06:39:18.407+0000] {logging_mixin.py:188} INFO - [2026-08-27T06:39:18.407+0000] {dag.py:3823} INFO - Setting next_dagrun for supermarket_etl_pipeline to None, run_after=None
[2026-08-27T06:39:18.436+0000] {processor.py:183} INFO - Processing /opt/airflow/dags/supermarket_etl_pipeline.py took 0.623 seconds
[2026-08-27T06:39:48.767+0000] {processor.py:161} INFO - Started process (PID=3263) to work on /opt/airflow/dags/supermarket_etl_pipeline.py
[2026-08-27T06:39:48.768+0000] {processor.py:830} INFO - Processing file /opt/airflow/dags/supermarket_etl_pipeline.py for tasks to queue
[2026-08-27T06:39:48.770+0000] {logging_mixin.py:188} INFO - [2026-08-27T06:39:48.770+0000] {dagbag.py:538} INFO - Filling up the DagBag from /opt/airflow/dags/supermarket_etl_pipeline.py
[2026-08-27T06:39:49.013+0000] {processor.py:840} INFO - DAG(s) 'supermarket_etl_pipeline' retrieved from /opt/airflow/dags/supermarket_etl_pipeline.py
[2026-08-27T06:39:49.040+0000] {logging_mixin.py:188} INFO - [2026-08-27T06:39:49.039+0000] {dag.py:3036} INFO - Sync 1 DAGs
[2026-08-27T06:39:49.053+0000] {logging_mixin.py:188} INFO - [2026-08-27T06:39:49.053+0000] {dag.py:3823} INFO - Setting next_dagrun for supermarket_etl_pipeline to None, run_after=None
[2026-08-27T06:39:49.081+0000] {processor.py:183} INFO - Processing /opt/airflow/dags/supermarket_etl_pipeline.py took 0.317 seconds
[2026-08-27T06:40:19.427+0000] {processor.py:161} INFO - Started process (PID=3269) to work on /opt/airflow/dags/supermarket_etl_pipeline.py
[2026-08-27T06:40:19.430+0000] {processor.py:830} INFO - Processing file /opt/airflow/dags/supermarket_etl_pipeline.py for tasks to queue
[2026-08-27T06:40:19.432+0000] {logging_mixin.py:188} INFO - [2026-08-27T06:40:19.432+0000] {dagbag.py:538} INFO - Filling up the DagBag from /opt/airflow/dags/supermarket_etl_pipeline.py
[2026-08-27T06:40:19.642+0000] {processor.py:840} INFO - DAG(s) 'supermarket_etl_pipeline' retrieved from /opt/airflow/dags/supermarket_etl_pipeline.py
[2026-08-27T06:40:19.663+0000] {logging_mixin.py:188} INFO - [2026-08-27T06:40:19.663+0000] {dag.py:3036} INFO - Sync 1 DAGs
[2026-08-27T06:40:19.673+0000] {logging_mixin.py:188} INFO - [2026-08-27T06:40:19.673+0000] {dag.py:3823} INFO - Setting next_dagrun for supermarket_etl_pipeline to None, run_after=None
[2026-08-27T06:40:19.695+0000] {processor.py:183} INFO - Processing /opt/airflow/dags/supermarket_etl_pipeline.py took 0.272 seconds
[2026-08-27T06:40:50.063+0000] {processor.py:161} INFO - Started process (PID=3275) to work on /opt/airflow/dags/supermarket_etl_pipeline.py
[2026-08-27T06:40:50.066+0000] {processor.py:830} INFO - Processing file /opt/airflow/dags/supermarket_etl_pipeline.py for tasks to queue
[2026-08-27T06:40:50.069+0000] {logging_mixin.py:188} INFO - [2026-08-27T06:40:50.069+0000] {dagbag.py:538} INFO - Filling up the DagBag from /opt/airflow/dags/supermarket_etl_pipeline.py
[2026-08-27T06:40:50.332+0000] {processor.py:840} INFO - DAG(s) 'supermarket_etl_pipeline' retrieved from /opt/airflow/dags/supermarket_etl_pipeline.py
[2026-08-27T06:40:50.352+0000] {logging_mixin.py:188} INFO - [2026-08-27T06:40:50.352+0000] {dag.py:3036} INFO - Sync 1 DAGs
[2026-08-27T06:40:50.362+0000] {logging_mixin.py:188} INFO - [2026-08-27T06:40:50.361+0000] {dag.py:3823} INFO - Setting next_dagrun for supermarket_etl_pipeline to None, run_after=None
[2026-08-27T06:40:50.381+0000] {processor.py:183} INFO - Processing /opt/airflow/dags/supermarket_etl_pipeline.py took 0.321 seconds
[2026-08-27T06:41:20.827+0000] {processor.py:161} INFO - Started process (PID=3281) to work on /opt/airflow/dags/supermarket_etl_pipeline.py
[2026-08-27T06:41:20.828+0000] {processor.py:830} INFO - Processing file /opt/airflow/dags/supermarket_etl_pipeline.py for tasks to queue
[2026-08-27T06:41:20.830+0000] {logging_mixin.py:188} INFO - [2026-08-27T06:41:20.829+0000] {dagbag.py:538} INFO - Filling up the DagBag from /opt/airflow/dags/supermarket_etl_pipeline.py
[2026-08-27T06:41:21.078+0000] {processor.py:840} INFO - DAG(s) 'supermarket_etl_pipeline' retrieved from /opt/airflow/dags/supermarket_etl_pipeline.py
[2026-08-27T06:41:21.103+0000] {logging_mixin.py:188} INFO - [2026-08-27T06:41:21.102+0000] {dag.py:3036} INFO - Sync 1 DAGs
[2026-08-27T06:41:21.112+0000] {logging_mixin.py:188} INFO - [2026-08-27T06:41:21.112+0000] {dag.py:3823} INFO - Setting next_dagrun for supermarket_etl_pipeline to None, run_after=None
[2026-08-27T06:41:21.135+0000] {processor.py:183} INFO - Processing /opt/airflow/dags/supermarket_etl_pipeline.py took 0.310 seconds
[2026-08-27T06:41:51.465+0000] {processor.py:161} INFO - Started process (PID=3287) to work on /opt/airflow/dags/supermarket_etl_pipeline.py
[2026-08-27T06:41:51.468+0000] {processor.py:830} INFO - Processing file /opt/airflow/dags/supermarket_etl_pipeline.py for tasks to queue
[2026-08-27T06:41:51.470+0000] {logging_mixin.py:188} INFO - [2026-08-27T06:41:51.470+0000] {dagbag.py:538} INFO - Filling up the DagBag from /opt/airflow/dags/supermarket_etl_pipeline.py
[2026-08-27T06:41:51.781+0000] {processor.py:840} INFO - DAG(s) 'supermarket_etl_pipeline' retrieved from /opt/airflow/dags/supermarket_etl_pipeline.py
[2026-08-27T06:41:51.812+0000] {logging_mixin.py:188} INFO - [2026-08-27T06:41:51.812+0000] {dag.py:3036} INFO - Sync 1 DAGs
[2026-08-27T06:41:51.822+0000] {logging_mixin.py:188} INFO - [2026-08-27T06:41:51.822+0000] {dag.py:3823} INFO - Setting next_dagrun for supermarket_etl_pipeline to None, run_after=None
[2026-08-27T06:41:51.842+0000] {processor.py:183} INFO - Processing /opt/airflow/dags/supermarket_etl_pipeline.py took 0.382 seconds
[2026-08-27T06:42:22.203+0000] {processor.py:161} INFO - Started process (PID=3293) to work on /opt/airflow/dags/supermarket_etl_pipeline.py
[2026-08-27T06:42:22.205+0000] {processor.py:830} INFO - Processing file /opt/airflow/dags/supermarket_etl_pipeline.py for tasks to queue
[2026-08-27T06:42:22.208+0000] {logging_mixin.py:188} INFO - [2026-08-27T06:42:22.207+0000] {dagbag.py:538} INFO - Filling up the DagBag from /opt/airflow/dags/supermarket_etl_pipeline.py
[2026-08-27T06:42:22.485+0000] {processor.py:840} INFO - DAG(s) 'supermarket_etl_pipeline' retrieved from /opt/airflow/dags/supermarket_etl_pipeline.py
[2026-08-27T06:42:22.513+0000] {logging_mixin.py:188} INFO - [2026-08-27T06:42:22.512+0000] {dag.py:3036} INFO - Sync 1 DAGs
[2026-08-27T06:42:22.526+0000] {logging_mixin.py:188} INFO - [2026-08-27T06:42:22.526+0000] {dag.py:3823} INFO - Setting next_dagrun for supermarket_etl_pipeline to None, run_after=None
[2026-08-27T06:42:22.547+0000] {processor.py:183} INFO - Processing /opt/airflow/dags/supermarket_etl_pipeline.py took 0.348 seconds
[2026-08-27T06:42:52.939+0000] {processor.py:161} INFO - Started process (PID=3299) to work on /opt/airflow/dags/supermarket_etl_pipeline.py
[2026-08-27T06:42:52.942+0000] {processor.py:830} INFO - Processing file /opt/airflow/dags/supermarket_etl_pipeline.py for tasks to queue
[2026-08-27T06:42:52.944+0000] {logging_mixin.py:188} INFO - [2026-08-27T06:42:52.944+0000] {dagbag.py:538} INFO - Filling up the DagBag from /opt/airflow/dags/supermarket_etl_pipeline.py
[2026-08-27T06:42:53.169+0000] {processor.py:840} INFO - DAG(s) 'supermarket_etl_pipeline' retrieved from /opt/airflow/dags/supermarket_etl_pipeline.py
[2026-08-27T06:42:53.192+0000] {logging_mixin.py:188} INFO - [2026-08-27T06:42:53.192+0000] {dag.py:3036} INFO - Sync 1 DAGs
[2026-08-27T06:42:53.202+0000] {logging_mixin.py:188} INFO - [2026-08-27T06:42:53.202+0000] {dag.py:3823} INFO - Setting next_dagrun for supermarket_etl_pipeline to None, run_after=None
[2026-08-27T06:42:53.219+0000] {processor.py:183} INFO - Processing /opt/airflow/dags/supermarket_etl_pipeline.py took 0.283 seconds
[2026-08-27T06:43:23.617+0000] {processor.py:161} INFO - Started process (PID=3305) to work on /opt/airflow/dags/supermarket_etl_pipeline.py
[2026-08-27T06:43:23.619+0000] {processor.py:830} INFO - Processing file /opt/airflow/dags/supermarket_etl_pipeline.py for tasks to queue
[2026-08-27T06:43:23.621+0000] {logging_mixin.py:188} INFO - [2026-08-27T06:43:23.620+0000] {dagbag.py:538} INFO - Filling up the DagBag from /opt/airflow/dags/supermarket_etl_pipeline.py
[2026-08-27T06:43:23.885+0000] {processor.py:840} INFO - DAG(s) 'supermarket_etl_pipeline' retrieved from /opt/airflow/dags/supermarket_etl_pipeline.py
[2026-08-27T06:43:23.906+0000] {logging_mixin.py:188} INFO - [2026-08-27T06:43:23.906+0000] {dag.py:3036} INFO - Sync 1 DAGs
[2026-08-27T06:43:23.918+0000] {logging_mixin.py:188} INFO - [2026-08-27T06:43:23.918+0000] {dag.py:3823} INFO - Setting next_dagrun for supermarket_etl_pipeline to None, run_after=None
[2026-08-27T06:43:23.939+0000] {processor.py:183} INFO - Processing /opt/airflow/dags/supermarket_etl_pipeline.py took 0.325 seconds
[2026-08-27T06:43:54.351+0000] {processor.py:161} INFO - Started process (PID=3311) to work on /opt/airflow/dags/supermarket_etl_pipeline.py
[2026-08-27T06:43:54.354+0000] {processor.py:830} INFO - Processing file /opt/airflow/dags/supermarket_etl_pipeline.py for tasks to queue
[2026-08-27T06:43:54.357+0000] {logging_mixin.py:188} INFO - [2026-08-27T06:43:54.356+0000] {dagbag.py:538} INFO - Filling up the DagBag from /opt/airflow/dags/supermarket_etl_pipeline.py
[2026-08-27T06:43:54.670+0000] {processor.py:840} INFO - DAG(s) 'supermarket_etl_pipeline' retrieved from /opt/airflow/dags/supermarket_etl_pipeline.py
[2026-08-27T06:43:54.708+0000] {logging_mixin.py:188} INFO - [2026-08-27T06:43:54.708+0000] {dag.py:3036} INFO - Sync 1 DAGs
[2026-08-27T06:43:54.722+0000] {logging_mixin.py:188} INFO - [2026-08-27T06:43:54.721+0000] {dag.py:3823} INFO - Setting next_dagrun for supermarket_etl_pipeline to None, run_after=None
[2026-08-27T06:43:54.746+0000] {processor.py:183} INFO - Processing /opt/airflow/dags/supermarket_etl_pipeline.py took 0.401 seconds
[2026-08-27T06:44:25.128+0000] {processor.py:161} INFO - Started process (PID=3317) to work on /opt/airflow/dags/supermarket_etl_pipeline.py
[2026-08-27T06:44:25.130+0000] {processor.py:830} INFO - Processing file /opt/airflow/dags/supermarket_etl_pipeline.py for tasks to queue
[2026-08-27T06:44:25.132+0000] {logging_mixin.py:188} INFO - [2026-08-27T06:44:25.132+0000] {dagbag.py:538} INFO - Filling up the DagBag from /opt/airflow/dags/supermarket_etl_pipeline.py
[2026-08-27T06:44:25.360+0000] {processor.py:840} INFO - DAG(s) 'supermarket_etl_pipeline' retrieved from /opt/airflow/dags/supermarket_etl_pipeline.py
[2026-08-27T06:44:25.382+0000] {logging_mixin.py:188} INFO - [2026-08-27T06:44:25.382+0000] {dag.py:3036} INFO - Sync 1 DAGs
[2026-08-27T06:44:25.392+0000] {logging_mixin.py:188} INFO - [2026-08-27T06:44:25.392+0000] {dag.py:3823} INFO - Setting next_dagrun for supermarket_etl_pipeline to None, run_after=None
[2026-08-27T06:44:25.412+0000] {processor.py:183} INFO - Processing /opt/airflow/dags/supermarket_etl_pipeline.py took 0.287 seconds
[2026-08-27T06:44:55.735+0000] {processor.py:161} INFO - Started process (PID=3323) to work on /opt/airflow/dags/supermarket_etl_pipeline.py
[2026-08-27T06:44:55.737+0000] {processor.py:830} INFO - Processing file /opt/airflow/dags/supermarket_etl_pipeline.py for tasks to queue
[2026-08-27T06:44:55.739+0000] {logging_mixin.py:188} INFO - [2026-08-27T06:44:55.739+0000] {dagbag.py:538} INFO - Filling up the DagBag from /opt/airflow/dags/supermarket_etl_pipeline.py
[2026-08-27T06:44:55.988+0000] {processor.py:840} INFO - DAG(s) 'supermarket_etl_pipeline' retrieved from /opt/airflow/dags/supermarket_etl_pipeline.py
[2026-08-27T06:44:56.026+0000] {logging_mixin.py:188} INFO - [2026-08-27T06:44:56.025+0000] {dag.py:3036} INFO - Sync 1 DAGs
[2026-08-27T06:44:56.036+0000] {logging_mixin.py:188} INFO - [2026-08-27T06:44:56.036+0000] {dag.py:3823} INFO - Setting next_dagrun for supermarket_etl_pipeline to None, run_after=None
[2026-08-27T06:44:56.057+0000] {processor.py:183} INFO - Processing /opt/airflow/dags/supermarket_etl_pipeline.py took 0.325 seconds
[2026-08-27T06:45:26.425+0000] {processor.py:161} INFO - Started process (PID=3329) to work on /opt/airflow/dags/supermarket_etl_pipeline.py
[2026-08-27T06:45:26.427+0000] {processor.py:830} INFO - Processing file /opt/airflow/dags/supermarket_etl_pipeline.py for tasks to queue
[2026-08-27T06:45:26.428+0000] {logging_mixin.py:188} INFO - [2026-08-27T06:45:26.428+0000] {dagbag.py:538} INFO - Filling up the DagBag from /opt/airflow/dags/supermarket_etl_pipeline.py
[2026-08-27T06:45:26.649+0000] {processor.py:840} INFO - DAG(s) 'supermarket_etl_pipeline' retrieved from /opt/airflow/dags/supermarket_etl_pipeline.py
[2026-08-27T06:45:26.672+0000] {logging_mixin.py:188} INFO - [2026-08-27T06:45:26.671+0000] {dag.py:3036} INFO - Sync 1 DAGs
[2026-08-27T06:45:26.682+0000] {logging_mixin.py:188} INFO - [2026-08-27T06:45:26.682+0000] {dag.py:3823} INFO - Setting next_dagrun for supermarket_etl_pipeline to None, run_after=None
[2026-08-27T06:45:26.724+0000] {processor.py:183} INFO - Processing /opt/airflow/dags/supermarket_etl_pipeline.py took 0.303 seconds
[2026-08-27T06:45:56.868+0000] {processor.py:161} INFO - Started process (PID=3335) to work on /opt/airflow/dags/supermarket_etl_pipeline.py
[2026-08-27T06:45:56.870+0000] {processor.py:830} INFO - Processing file /opt/airflow/dags/supermarket_etl_pipeline.py for tasks to queue
[2026-08-27T06:45:56.872+0000] {logging_mixin.py:188} INFO - [2026-08-27T06:45:56.871+0000] {dagbag.py:538} INFO - Filling up the DagBag from /opt/airflow/dags/supermarket_etl_pipeline.py
[2026-08-27T06:45:57.101+0000] {processor.py:840} INFO - DAG(s) 'supermarket_etl_pipeline' retrieved from /opt/airflow/dags/supermarket_etl_pipeline.py
[2026-08-27T06:45:57.124+0000] {logging_mixin.py:188} INFO - [2026-08-27T06:45:57.124+0000] {dag.py:3036} INFO - Sync 1 DAGs
[2026-08-27T06:45:57.136+0000] {logging_mixin.py:188} INFO - [2026-08-27T06:45:57.136+0000] {dag.py:3823} INFO - Setting next_dagrun for supermarket_etl_pipeline to None, run_after=None
[2026-08-27T06:45:57.157+0000] {processor.py:183} INFO - Processing /opt/airflow/dags/supermarket_etl_pipeline.py took 0.293 seconds
[2026-08-27T06:46:27.355+0000] {processor.py:161} INFO - Started process (PID=3341) to work on /opt/airflow/dags/supermarket_etl_pipeline.py
[2026-08-27T06:46:27.357+0000] {processor.py:830} INFO - Processing file /opt/airflow/dags/supermarket_etl_pipeline.py for tasks to queue
[2026-08-27T06:46:27.359+0000] {logging_mixin.py:188} INFO - [2026-08-27T06:46:27.359+0000] {dagbag.py:538} INFO - Filling up the DagBag from /opt/airflow/dags/supermarket_etl_pipeline.py
[2026-08-27T06:46:27.626+0000] {processor.py:840} INFO - DAG(s) 'supermarket_etl_pipeline' retrieved from /opt/airflow/dags/supermarket_etl_pipeline.py
[2026-08-27T06:46:27.654+0000] {logging_mixin.py:188} INFO - [2026-08-27T06:46:27.654+0000] {dag.py:3036} INFO - Sync 1 DAGs
[2026-08-27T06:46:27.665+0000] {logging_mixin.py:188} INFO - [2026-08-27T06:46:27.665+0000] {dag.py:3823} INFO - Setting next_dagrun for supermarket_etl_pipeline to None, run_after=None
[2026-08-27T06:46:27.686+0000] {processor.py:183} INFO - Processing /opt/airflow/dags/supermarket_etl_pipeline.py took 0.337 seconds
[2026-08-27T06:46:57.831+0000] {processor.py:161} INFO - Started process (PID=3347) to work on /opt/airflow/dags/supermarket_etl_pipeline.py
[2026-08-27T06:46:57.833+0000] {processor.py:830} INFO - Processing file /opt/airflow/dags/supermarket_etl_pipeline.py for tasks to queue
[2026-08-27T06:46:57.835+0000] {logging_mixin.py:188} INFO - [2026-08-27T06:46:57.834+0000] {dagbag.py:538} INFO - Filling up the DagBag from /opt/airflow/dags/supermarket_etl_pipeline.py
[2026-08-27T06:46:58.027+0000] {processor.py:840} INFO - DAG(s) 'supermarket_etl_pipeline' retrieved from /opt/airflow/dags/supermarket_etl_pipeline.py
[2026-08-27T06:46:58.047+0000] {logging_mixin.py:188} INFO - [2026-08-27T06:46:58.046+0000] {dag.py:3036} INFO - Sync 1 DAGs
[2026-08-27T06:46:58.058+0000] {logging_mixin.py:188} INFO - [2026-08-27T06:46:58.058+0000] {dag.py:3823} INFO - Setting next_dagrun for supermarket_etl_pipeline to None, run_after=None
[2026-08-27T06:46:58.077+0000] {processor.py:183} INFO - Processing /opt/airflow/dags/supermarket_etl_pipeline.py took 0.251 seconds
[2026-08-27T06:47:28.357+0000] {processor.py:161} INFO - Started process (PID=3353) to work on /opt/airflow/dags/supermarket_etl_pipeline.py
[2026-08-27T06:47:28.359+0000] {processor.py:830} INFO - Processing file /opt/airflow/dags/supermarket_etl_pipeline.py for tasks to queue
[2026-08-27T06:47:28.364+0000] {logging_mixin.py:188} INFO - [2026-08-27T06:47:28.364+0000] {dagbag.py:538} INFO - Filling up the DagBag from /opt/airflow/dags/supermarket_etl_pipeline.py
[2026-08-27T06:47:28.639+0000] {processor.py:840} INFO - DAG(s) 'supermarket_etl_pipeline' retrieved from /opt/airflow/dags/supermarket_etl_pipeline.py
[2026-08-27T06:47:28.659+0000] {logging_mixin.py:188} INFO - [2026-08-27T06:47:28.659+0000] {dag.py:3036} INFO - Sync 1 DAGs
[2026-08-27T06:47:28.668+0000] {logging_mixin.py:188} INFO - [2026-08-27T06:47:28.668+0000] {dag.py:3823} INFO - Setting next_dagrun for supermarket_etl_pipeline to None, run_after=None
[2026-08-27T06:47:28.687+0000] {processor.py:183} INFO - Processing /opt/airflow/dags/supermarket_etl_pipeline.py took 0.336 seconds
[2026-08-27T06:47:59.076+0000] {processor.py:161} INFO - Started process (PID=3359) to work on /opt/airflow/dags/supermarket_etl_pipeline.py
[2026-08-27T06:47:59.079+0000] {processor.py:830} INFO - Processing file /opt/airflow/dags/supermarket_etl_pipeline.py for tasks to queue
[2026-08-27T06:47:59.082+0000] {logging_mixin.py:188} INFO - [2026-08-27T06:47:59.082+0000] {dagbag.py:538} INFO - Filling up the DagBag from /opt/airflow/dags/supermarket_etl_pipeline.py
[2026-08-27T06:47:59.339+0000] {processor.py:840} INFO - DAG(s) 'supermarket_etl_pipeline' retrieved from /opt/airflow/dags/supermarket_etl_pipeline.py
[2026-08-27T06:47:59.365+0000] {logging_mixin.py:188} INFO - [2026-08-27T06:47:59.365+0000] {dag.py:3036} INFO - Sync 1 DAGs
[2026-08-27T06:47:59.378+0000] {logging_mixin.py:188} INFO - [2026-08-27T06:47:59.378+0000] {dag.py:3823} INFO - Setting next_dagrun for supermarket_etl_pipeline to None, run_after=None
[2026-08-27T06:47:59.399+0000] {processor.py:183} INFO - Processing /opt/airflow/dags/supermarket_etl_pipeline.py took 0.327 seconds
[2026-08-27T06:48:29.775+0000] {processor.py:161} INFO - Started process (PID=3365) to work on /opt/airflow/dags/supermarket_etl_pipeline.py
[2026-08-27T06:48:29.777+0000] {processor.py:830} INFO - Processing file /opt/airflow/dags/supermarket_etl_pipeline.py for tasks to queue
[2026-08-27T06:48:29.779+0000] {logging_mixin.py:188} INFO - [2026-08-27T06:48:29.779+0000] {dagbag.py:538} INFO - Filling up the DagBag from /opt/airflow/dags/supermarket_etl_pipeline.py
[2026-08-27T06:48:30.001+0000] {processor.py:840} INFO - DAG(s) 'supermarket_etl_pipeline' retrieved from /opt/airflow/dags/supermarket_etl_pipeline.py
[2026-08-27T06:48:30.025+0000] {logging_mixin.py:188} INFO - [2026-08-27T06:48:30.024+0000] {dag.py:3036} INFO - Sync 1 DAGs
[2026-08-27T06:48:30.035+0000] {logging_mixin.py:188} INFO - [2026-08-27T06:48:30.035+0000] {dag.py:3823} INFO - Setting next_dagrun for supermarket_etl_pipeline to None, run_after=None
[2026-08-27T06:48:30.054+0000] {processor.py:183} INFO - Processing /opt/airflow/dags/supermarket_etl_pipeline.py took 0.282 seconds
[2026-08-27T06:49:00.400+0000] {processor.py:161} INFO - Started process (PID=3371) to work on /opt/airflow/dags/supermarket_etl_pipeline.py
[2026-08-27T06:49:00.403+0000] {processor.py:830} INFO - Processing file /opt/airflow/dags/supermarket_etl_pipeline.py for tasks to queue
[2026-08-27T06:49:00.404+0000] {logging_mixin.py:188} INFO - [2026-08-27T06:49:00.404+0000] {dagbag.py:538} INFO - Filling up the DagBag from /opt/airflow/dags/supermarket_etl_pipeline.py
[2026-08-27T06:49:00.616+0000] {processor.py:840} INFO - DAG(s) 'supermarket_etl_pipeline' retrieved from /opt/airflow/dags/supermarket_etl_pipeline.py
[2026-08-27T06:49:00.638+0000] {logging_mixin.py:188} INFO - [2026-08-27T06:49:00.637+0000] {dag.py:3036} INFO - Sync 1 DAGs
[2026-08-27T06:49:00.647+0000] {logging_mixin.py:188} INFO - [2026-08-27T06:49:00.647+0000] {dag.py:3823} INFO - Setting next_dagrun for supermarket_etl_pipeline to None, run_after=None
[2026-08-27T06:49:00.668+0000] {processor.py:183} INFO - Processing /opt/airflow/dags/supermarket_etl_pipeline.py took 0.270 seconds
[2026-08-27T06:49:30.723+0000] {processor.py:161} INFO - Started process (PID=3377) to work on /opt/airflow/dags/supermarket_etl_pipeline.py
[2026-08-27T06:49:30.724+0000] {processor.py:830} INFO - Processing file /opt/airflow/dags/supermarket_etl_pipeline.py for tasks to queue
[2026-08-27T06:49:30.725+0000] {logging_mixin.py:188} INFO - [2026-08-27T06:49:30.725+0000] {dagbag.py:538} INFO - Filling up the DagBag from /opt/airflow/dags/supermarket_etl_pipeline.py
[2026-08-27T06:49:30.921+0000] {processor.py:840} INFO - DAG(s) 'supermarket_etl_pipeline' retrieved from /opt/airflow/dags/supermarket_etl_pipeline.py
[2026-08-27T06:49:30.942+0000] {logging_mixin.py:188} INFO - [2026-08-27T06:49:30.942+0000] {dag.py:3036} INFO - Sync 1 DAGs
[2026-08-27T06:49:30.953+0000] {logging_mixin.py:188} INFO - [2026-08-27T06:49:30.953+0000] {dag.py:3823} INFO - Setting next_dagrun for supermarket_etl_pipeline to None, run_after=None
[2026-08-27T06:49:30.969+0000] {processor.py:183} INFO - Processing /opt/airflow/dags/supermarket_etl_pipeline.py took 0.249 seconds
[2026-08-27T06:50:01.289+0000] {processor.py:161} INFO - Started process (PID=3383) to work on /opt/airflow/dags/supermarket_etl_pipeline.py
[2026-08-27T06:50:01.291+0000] {processor.py:830} INFO - Processing file /opt/airflow/dags/supermarket_etl_pipeline.py for tasks to queue
[2026-08-27T06:50:01.294+0000] {logging_mixin.py:188} INFO - [2026-08-27T06:50:01.293+0000] {dagbag.py:538} INFO - Filling up the DagBag from /opt/airflow/dags/supermarket_etl_pipeline.py
[2026-08-27T06:50:01.516+0000] {processor.py:840} INFO - DAG(s) 'supermarket_etl_pipeline' retrieved from /opt/airflow/dags/supermarket_etl_pipeline.py
[2026-08-27T06:50:01.538+0000] {logging_mixin.py:188} INFO - [2026-08-27T06:50:01.538+0000] {dag.py:3036} INFO - Sync 1 DAGs
[2026-08-27T06:50:01.549+0000] {logging_mixin.py:188} INFO - [2026-08-27T06:50:01.549+0000] {dag.py:3823} INFO - Setting next_dagrun for supermarket_etl_pipeline to None, run_after=None
[2026-08-27T06:50:01.569+0000] {processor.py:183} INFO - Processing /opt/airflow/dags/supermarket_etl_pipeline.py took 0.282 seconds
[2026-08-27T06:50:31.896+0000] {processor.py:161} INFO - Started process (PID=3389) to work on /opt/airflow/dags/supermarket_etl_pipeline.py
[2026-08-27T06:50:31.899+0000] {processor.py:830} INFO - Processing file /opt/airflow/dags/supermarket_etl_pipeline.py for tasks to queue
[2026-08-27T06:50:31.901+0000] {logging_mixin.py:188} INFO - [2026-08-27T06:50:31.900+0000] {dagbag.py:538} INFO - Filling up the DagBag from /opt/airflow/dags/supermarket_etl_pipeline.py
[2026-08-27T06:50:32.149+0000] {processor.py:840} INFO - DAG(s) 'supermarket_etl_pipeline' retrieved from /opt/airflow/dags/supermarket_etl_pipeline.py
[2026-08-27T06:50:32.170+0000] {logging_mixin.py:188} INFO - [2026-08-27T06:50:32.170+0000] {dag.py:3036} INFO - Sync 1 DAGs
[2026-08-27T06:50:32.180+0000] {logging_mixin.py:188} INFO - [2026-08-27T06:50:32.179+0000] {dag.py:3823} INFO - Setting next_dagrun for supermarket_etl_pipeline to None, run_after=None
[2026-08-27T06:50:32.203+0000] {processor.py:183} INFO - Processing /opt/airflow/dags/supermarket_etl_pipeline.py took 0.310 seconds
[2026-08-27T06:51:02.279+0000] {processor.py:161} INFO - Started process (PID=3395) to work on /opt/airflow/dags/supermarket_etl_pipeline.py
[2026-08-27T06:51:02.281+0000] {processor.py:830} INFO - Processing file /opt/airflow/dags/supermarket_etl_pipeline.py for tasks to queue
[2026-08-27T06:51:02.284+0000] {logging_mixin.py:188} INFO - [2026-08-27T06:51:02.283+0000] {dagbag.py:538} INFO - Filling up the DagBag from /opt/airflow/dags/supermarket_etl_pipeline.py
[2026-08-27T06:51:02.524+0000] {processor.py:840} INFO - DAG(s) 'supermarket_etl_pipeline' retrieved from /opt/airflow/dags/supermarket_etl_pipeline.py
[2026-08-27T06:51:02.544+0000] {logging_mixin.py:188} INFO - [2026-08-27T06:51:02.544+0000] {dag.py:3036} INFO - Sync 1 DAGs
[2026-08-27T06:51:02.553+0000] {logging_mixin.py:188} INFO - [2026-08-27T06:51:02.553+0000] {dag.py:3823} INFO - Setting next_dagrun for supermarket_etl_pipeline to None, run_after=None
[2026-08-27T06:51:02.575+0000] {processor.py:183} INFO - Processing /opt/airflow/dags/supermarket_etl_pipeline.py took 0.298 seconds
[2026-08-27T06:51:32.843+0000] {processor.py:161} INFO - Started process (PID=3401) to work on /opt/airflow/dags/supermarket_etl_pipeline.py
[2026-08-27T06:51:32.845+0000] {processor.py:830} INFO - Processing file /opt/airflow/dags/supermarket_etl_pipeline.py for tasks to queue
[2026-08-27T06:51:32.847+0000] {logging_mixin.py:188} INFO - [2026-08-27T06:51:32.846+0000] {dagbag.py:538} INFO - Filling up the DagBag from /opt/airflow/dags/supermarket_etl_pipeline.py
[2026-08-27T06:51:33.062+0000] {processor.py:840} INFO - DAG(s) 'supermarket_etl_pipeline' retrieved from /opt/airflow/dags/supermarket_etl_pipeline.py
[2026-08-27T06:51:33.083+0000] {logging_mixin.py:188} INFO - [2026-08-27T06:51:33.082+0000] {dag.py:3036} INFO - Sync 1 DAGs
[2026-08-27T06:51:33.094+0000] {logging_mixin.py:188} INFO - [2026-08-27T06:51:33.094+0000] {dag.py:3823} INFO - Setting next_dagrun for supermarket_etl_pipeline to None, run_after=None
[2026-08-27T06:51:33.111+0000] {processor.py:183} INFO - Processing /opt/airflow/dags/supermarket_etl_pipeline.py took 0.270 seconds
[2026-08-27T06:52:03.399+0000] {processor.py:161} INFO - Started process (PID=3407) to work on /opt/airflow/dags/supermarket_etl_pipeline.py
[2026-08-27T06:52:03.400+0000] {processor.py:830} INFO - Processing file /opt/airflow/dags/supermarket_etl_pipeline.py for tasks to queue
[2026-08-27T06:52:03.402+0000] {logging_mixin.py:188} INFO - [2026-08-27T06:52:03.402+0000] {dagbag.py:538} INFO - Filling up the DagBag from /opt/airflow/dags/supermarket_etl_pipeline.py
[2026-08-27T06:52:03.659+0000] {processor.py:840} INFO - DAG(s) 'supermarket_etl_pipeline' retrieved from /opt/airflow/dags/supermarket_etl_pipeline.py
[2026-08-27T06:52:03.681+0000] {logging_mixin.py:188} INFO - [2026-08-27T06:52:03.681+0000] {dag.py:3036} INFO - Sync 1 DAGs
[2026-08-27T06:52:03.693+0000] {logging_mixin.py:188} INFO - [2026-08-27T06:52:03.693+0000] {dag.py:3823} INFO - Setting next_dagrun for supermarket_etl_pipeline to None, run_after=None
[2026-08-27T06:52:03.713+0000] {processor.py:183} INFO - Processing /opt/airflow/dags/supermarket_etl_pipeline.py took 0.317 seconds
[2026-08-27T06:52:34.019+0000] {processor.py:161} INFO - Started process (PID=3413) to work on /opt/airflow/dags/supermarket_etl_pipeline.py
[2026-08-27T06:52:34.021+0000] {processor.py:830} INFO - Processing file /opt/airflow/dags/supermarket_etl_pipeline.py for tasks to queue
[2026-08-27T06:52:34.023+0000] {logging_mixin.py:188} INFO - [2026-08-27T06:52:34.023+0000] {dagbag.py:538} INFO - Filling up the DagBag from /opt/airflow/dags/supermarket_etl_pipeline.py
[2026-08-27T06:52:34.239+0000] {processor.py:840} INFO - DAG(s) 'supermarket_etl_pipeline' retrieved from /opt/airflow/dags/supermarket_etl_pipeline.py
[2026-08-27T06:52:34.263+0000] {logging_mixin.py:188} INFO - [2026-08-27T06:52:34.263+0000] {dag.py:3036} INFO - Sync 1 DAGs
[2026-08-27T06:52:34.273+0000] {logging_mixin.py:188} INFO - [2026-08-27T06:52:34.273+0000] {dag.py:3823} INFO - Setting next_dagrun for supermarket_etl_pipeline to None, run_after=None
[2026-08-27T06:52:34.294+0000] {processor.py:183} INFO - Processing /opt/airflow/dags/supermarket_etl_pipeline.py took 0.277 seconds
[2026-08-27T06:53:04.650+0000] {processor.py:161} INFO - Started process (PID=3419) to work on /opt/airflow/dags/supermarket_etl_pipeline.py
[2026-08-27T06:53:04.652+0000] {processor.py:830} INFO - Processing file /opt/airflow/dags/supermarket_etl_pipeline.py for tasks to queue
[2026-08-27T06:53:04.654+0000] {logging_mixin.py:188} INFO - [2026-08-27T06:53:04.654+0000] {dagbag.py:538} INFO - Filling up the DagBag from /opt/airflow/dags/supermarket_etl_pipeline.py
[2026-08-27T06:53:04.876+0000] {processor.py:840} INFO - DAG(s) 'supermarket_etl_pipeline' retrieved from /opt/airflow/dags/supermarket_etl_pipeline.py
[2026-08-27T06:53:04.896+0000] {logging_mixin.py:188} INFO - [2026-08-27T06:53:04.896+0000] {dag.py:3036} INFO - Sync 1 DAGs
[2026-08-27T06:53:04.907+0000] {logging_mixin.py:188} INFO - [2026-08-27T06:53:04.907+0000] {dag.py:3823} INFO - Setting next_dagrun for supermarket_etl_pipeline to None, run_after=None
[2026-08-27T06:53:04.924+0000] {processor.py:183} INFO - Processing /opt/airflow/dags/supermarket_etl_pipeline.py took 0.277 seconds
[2026-08-27T06:53:34.989+0000] {processor.py:161} INFO - Started process (PID=3425) to work on /opt/airflow/dags/supermarket_etl_pipeline.py
[2026-08-27T06:53:34.990+0000] {processor.py:830} INFO - Processing file /opt/airflow/dags/supermarket_etl_pipeline.py for tasks to queue
[2026-08-27T06:53:34.992+0000] {logging_mixin.py:188} INFO - [2026-08-27T06:53:34.992+0000] {dagbag.py:538} INFO - Filling up the DagBag from /opt/airflow/dags/supermarket_etl_pipeline.py
[2026-08-27T06:53:35.214+0000] {processor.py:840} INFO - DAG(s) 'supermarket_etl_pipeline' retrieved from /opt/airflow/dags/supermarket_etl_pipeline.py
[2026-08-27T06:53:35.235+0000] {logging_mixin.py:188} INFO - [2026-08-27T06:53:35.235+0000] {dag.py:3036} INFO - Sync 1 DAGs
[2026-08-27T06:53:35.245+0000] {logging_mixin.py:188} INFO - [2026-08-27T06:53:35.245+0000] {dag.py:3823} INFO - Setting next_dagrun for supermarket_etl_pipeline to None, run_after=None
[2026-08-27T06:53:35.263+0000] {processor.py:183} INFO - Processing /opt/airflow/dags/supermarket_etl_pipeline.py took 0.278 seconds
[2026-08-27T06:54:05.498+0000] {processor.py:161} INFO - Started process (PID=3431) to work on /opt/airflow/dags/supermarket_etl_pipeline.py
[2026-08-27T06:54:05.500+0000] {processor.py:830} INFO - Processing file /opt/airflow/dags/supermarket_etl_pipeline.py for tasks to queue
[2026-08-27T06:54:05.502+0000] {logging_mixin.py:188} INFO - [2026-08-27T06:54:05.502+0000] {dagbag.py:538} INFO - Filling up the DagBag from /opt/airflow/dags/supermarket_etl_pipeline.py
[2026-08-27T06:54:05.714+0000] {processor.py:840} INFO - DAG(s) 'supermarket_etl_pipeline' retrieved from /opt/airflow/dags/supermarket_etl_pipeline.py
[2026-08-27T06:54:05.734+0000] {logging_mixin.py:188} INFO - [2026-08-27T06:54:05.733+0000] {dag.py:3036} INFO - Sync 1 DAGs
[2026-08-27T06:54:05.744+0000] {logging_mixin.py:188} INFO - [2026-08-27T06:54:05.744+0000] {dag.py:3823} INFO - Setting next_dagrun for supermarket_etl_pipeline to None, run_after=None
[2026-08-27T06:54:05.763+0000] {processor.py:183} INFO - Processing /opt/airflow/dags/supermarket_etl_pipeline.py took 0.268 seconds
[2026-08-27T06:54:36.074+0000] {processor.py:161} INFO - Started process (PID=3437) to work on /opt/airflow/dags/supermarket_etl_pipeline.py
[2026-08-27T06:54:36.075+0000] {processor.py:830} INFO - Processing file /opt/airflow/dags/supermarket_etl_pipeline.py for tasks to queue
[2026-08-27T06:54:36.078+0000] {logging_mixin.py:188} INFO - [2026-08-27T06:54:36.077+0000] {dagbag.py:538} INFO - Filling up the DagBag from /opt/airflow/dags/supermarket_etl_pipeline.py
[2026-08-27T06:54:36.335+0000] {processor.py:840} INFO - DAG(s) 'supermarket_etl_pipeline' retrieved from /opt/airflow/dags/supermarket_etl_pipeline.py
[2026-08-27T06:54:36.362+0000] {logging_mixin.py:188} INFO - [2026-08-27T06:54:36.362+0000] {dag.py:3036} INFO - Sync 1 DAGs
[2026-08-27T06:54:36.373+0000] {logging_mixin.py:188} INFO - [2026-08-27T06:54:36.373+0000] {dag.py:3823} INFO - Setting next_dagrun for supermarket_etl_pipeline to None, run_after=None
[2026-08-27T06:54:36.394+0000] {processor.py:183} INFO - Processing /opt/airflow/dags/supermarket_etl_pipeline.py took 0.323 seconds
[2026-08-27T06:55:06.673+0000] {processor.py:161} INFO - Started process (PID=3443) to work on /opt/airflow/dags/supermarket_etl_pipeline.py
[2026-08-27T06:55:06.675+0000] {processor.py:830} INFO - Processing file /opt/airflow/dags/supermarket_etl_pipeline.py for tasks to queue
[2026-08-27T06:55:06.677+0000] {logging_mixin.py:188} INFO - [2026-08-27T06:55:06.676+0000] {dagbag.py:538} INFO - Filling up the DagBag from /opt/airflow/dags/supermarket_etl_pipeline.py
[2026-08-27T06:55:06.887+0000] {processor.py:840} INFO - DAG(s) 'supermarket_etl_pipeline' retrieved from /opt/airflow/dags/supermarket_etl_pipeline.py
[2026-08-27T06:55:06.909+0000] {logging_mixin.py:188} INFO - [2026-08-27T06:55:06.909+0000] {dag.py:3036} INFO - Sync 1 DAGs
[2026-08-27T06:55:06.919+0000] {logging_mixin.py:188} INFO - [2026-08-27T06:55:06.918+0000] {dag.py:3823} INFO - Setting next_dagrun for supermarket_etl_pipeline to None, run_after=None
[2026-08-27T06:55:06.939+0000] {processor.py:183} INFO - Processing /opt/airflow/dags/supermarket_etl_pipeline.py took 0.269 seconds
[2026-08-27T06:55:37.220+0000] {processor.py:161} INFO - Started process (PID=3449) to work on /opt/airflow/dags/supermarket_etl_pipeline.py
[2026-08-27T06:55:37.222+0000] {processor.py:830} INFO - Processing file /opt/airflow/dags/supermarket_etl_pipeline.py for tasks to queue
[2026-08-27T06:55:37.224+0000] {logging_mixin.py:188} INFO - [2026-08-27T06:55:37.223+0000] {dagbag.py:538} INFO - Filling up the DagBag from /opt/airflow/dags/supermarket_etl_pipeline.py
[2026-08-27T06:55:37.439+0000] {processor.py:840} INFO - DAG(s) 'supermarket_etl_pipeline' retrieved from /opt/airflow/dags/supermarket_etl_pipeline.py
[2026-08-27T06:55:37.459+0000] {logging_mixin.py:188} INFO - [2026-08-27T06:55:37.459+0000] {dag.py:3036} INFO - Sync 1 DAGs
[2026-08-27T06:55:37.469+0000] {logging_mixin.py:188} INFO - [2026-08-27T06:55:37.469+0000] {dag.py:3823} INFO - Setting next_dagrun for supermarket_etl_pipeline to None, run_after=None
[2026-08-27T06:55:37.487+0000] {processor.py:183} INFO - Processing /opt/airflow/dags/supermarket_etl_pipeline.py took 0.269 seconds
[2026-08-27T06:56:07.755+0000] {processor.py:161} INFO - Started process (PID=3455) to work on /opt/airflow/dags/supermarket_etl_pipeline.py
[2026-08-27T06:56:07.757+0000] {processor.py:830} INFO - Processing file /opt/airflow/dags/supermarket_etl_pipeline.py for tasks to queue
[2026-08-27T06:56:07.758+0000] {logging_mixin.py:188} INFO - [2026-08-27T06:56:07.758+0000] {dagbag.py:538} INFO - Filling up the DagBag from /opt/airflow/dags/supermarket_etl_pipeline.py
[2026-08-27T06:56:07.987+0000] {processor.py:840} INFO - DAG(s) 'supermarket_etl_pipeline' retrieved from /opt/airflow/dags/supermarket_etl_pipeline.py
[2026-08-27T06:56:08.018+0000] {logging_mixin.py:188} INFO - [2026-08-27T06:56:08.017+0000] {dag.py:3036} INFO - Sync 1 DAGs
[2026-08-27T06:56:08.030+0000] {logging_mixin.py:188} INFO - [2026-08-27T06:56:08.029+0000] {dag.py:3823} INFO - Setting next_dagrun for supermarket_etl_pipeline to None, run_after=None
[2026-08-27T06:56:08.049+0000] {processor.py:183} INFO - Processing /opt/airflow/dags/supermarket_etl_pipeline.py took 0.296 seconds
[2026-08-27T06:56:38.513+0000] {processor.py:161} INFO - Started process (PID=3461) to work on /opt/airflow/dags/supermarket_etl_pipeline.py
[2026-08-27T06:56:38.525+0000] {processor.py:830} INFO - Processing file /opt/airflow/dags/supermarket_etl_pipeline.py for tasks to queue
[2026-08-27T06:56:38.533+0000] {logging_mixin.py:188} INFO - [2026-08-27T06:56:38.530+0000] {dagbag.py:538} INFO - Filling up the DagBag from /opt/airflow/dags/supermarket_etl_pipeline.py
[2026-08-27T06:56:39.291+0000] {processor.py:840} INFO - DAG(s) 'supermarket_etl_pipeline' retrieved from /opt/airflow/dags/supermarket_etl_pipeline.py
[2026-08-27T06:56:39.357+0000] {logging_mixin.py:188} INFO - [2026-08-27T06:56:39.357+0000] {dag.py:3036} INFO - Sync 1 DAGs
[2026-08-27T06:56:39.395+0000] {logging_mixin.py:188} INFO - [2026-08-27T06:56:39.395+0000] {dag.py:3823} INFO - Setting next_dagrun for supermarket_etl_pipeline to None, run_after=None
[2026-08-27T06:56:39.442+0000] {processor.py:183} INFO - Processing /opt/airflow/dags/supermarket_etl_pipeline.py took 0.976 seconds
[2026-08-27T06:57:09.705+0000] {processor.py:161} INFO - Started process (PID=3467) to work on /opt/airflow/dags/supermarket_etl_pipeline.py
[2026-08-27T06:57:09.707+0000] {processor.py:830} INFO - Processing file /opt/airflow/dags/supermarket_etl_pipeline.py for tasks to queue
[2026-08-27T06:57:09.708+0000] {logging_mixin.py:188} INFO - [2026-08-27T06:57:09.708+0000] {dagbag.py:538} INFO - Filling up the DagBag from /opt/airflow/dags/supermarket_etl_pipeline.py
[2026-08-27T06:57:09.996+0000] {processor.py:840} INFO - DAG(s) 'supermarket_etl_pipeline' retrieved from /opt/airflow/dags/supermarket_etl_pipeline.py
[2026-08-27T06:57:10.029+0000] {logging_mixin.py:188} INFO - [2026-08-27T06:57:10.029+0000] {dag.py:3036} INFO - Sync 1 DAGs
[2026-08-27T06:57:10.044+0000] {logging_mixin.py:188} INFO - [2026-08-27T06:57:10.044+0000] {dag.py:3823} INFO - Setting next_dagrun for supermarket_etl_pipeline to None, run_after=None
[2026-08-27T06:57:10.064+0000] {processor.py:183} INFO - Processing /opt/airflow/dags/supermarket_etl_pipeline.py took 0.361 seconds
[2026-08-27T06:57:40.375+0000] {processor.py:161} INFO - Started process (PID=3473) to work on /opt/airflow/dags/supermarket_etl_pipeline.py
[2026-08-27T06:57:40.377+0000] {processor.py:830} INFO - Processing file /opt/airflow/dags/supermarket_etl_pipeline.py for tasks to queue
[2026-08-27T06:57:40.380+0000] {logging_mixin.py:188} INFO - [2026-08-27T06:57:40.380+0000] {dagbag.py:538} INFO - Filling up the DagBag from /opt/airflow/dags/supermarket_etl_pipeline.py
[2026-08-27T06:57:40.924+0000] {processor.py:840} INFO - DAG(s) 'supermarket_etl_pipeline' retrieved from /opt/airflow/dags/supermarket_etl_pipeline.py
[2026-08-27T06:57:40.966+0000] {logging_mixin.py:188} INFO - [2026-08-27T06:57:40.965+0000] {dag.py:3036} INFO - Sync 1 DAGs
[2026-08-27T06:57:40.986+0000] {logging_mixin.py:188} INFO - [2026-08-27T06:57:40.985+0000] {dag.py:3823} INFO - Setting next_dagrun for supermarket_etl_pipeline to None, run_after=None
[2026-08-27T06:57:41.008+0000] {processor.py:183} INFO - Processing /opt/airflow/dags/supermarket_etl_pipeline.py took 0.642 seconds
[2026-08-27T06:58:11.332+0000] {processor.py:161} INFO - Started process (PID=3479) to work on /opt/airflow/dags/supermarket_etl_pipeline.py
[2026-08-27T06:58:11.338+0000] {processor.py:830} INFO - Processing file /opt/airflow/dags/supermarket_etl_pipeline.py for tasks to queue
[2026-08-27T06:58:11.349+0000] {logging_mixin.py:188} INFO - [2026-08-27T06:58:11.348+0000] {dagbag.py:538} INFO - Filling up the DagBag from /opt/airflow/dags/supermarket_etl_pipeline.py
[2026-08-27T06:58:11.705+0000] {processor.py:840} INFO - DAG(s) 'supermarket_etl_pipeline' retrieved from /opt/airflow/dags/supermarket_etl_pipeline.py
[2026-08-27T06:58:11.741+0000] {logging_mixin.py:188} INFO - [2026-08-27T06:58:11.740+0000] {dag.py:3036} INFO - Sync 1 DAGs
[2026-08-27T06:58:11.754+0000] {logging_mixin.py:188} INFO - [2026-08-27T06:58:11.754+0000] {dag.py:3823} INFO - Setting next_dagrun for supermarket_etl_pipeline to None, run_after=None
[2026-08-27T06:58:11.775+0000] {processor.py:183} INFO - Processing /opt/airflow/dags/supermarket_etl_pipeline.py took 0.449 seconds
[2026-08-27T06:58:42.098+0000] {processor.py:161} INFO - Started process (PID=3485) to work on /opt/airflow/dags/supermarket_etl_pipeline.py
[2026-08-27T06:58:42.099+0000] {processor.py:830} INFO - Processing file /opt/airflow/dags/supermarket_etl_pipeline.py for tasks to queue
[2026-08-27T06:58:42.101+0000] {logging_mixin.py:188} INFO - [2026-08-27T06:58:42.101+0000] {dagbag.py:538} INFO - Filling up the DagBag from /opt/airflow/dags/supermarket_etl_pipeline.py
[2026-08-27T06:58:42.311+0000] {processor.py:840} INFO - DAG(s) 'supermarket_etl_pipeline' retrieved from /opt/airflow/dags/supermarket_etl_pipeline.py
[2026-08-27T06:58:42.334+0000] {logging_mixin.py:188} INFO - [2026-08-27T06:58:42.333+0000] {dag.py:3036} INFO - Sync 1 DAGs
[2026-08-27T06:58:42.345+0000] {logging_mixin.py:188} INFO - [2026-08-27T06:58:42.344+0000] {dag.py:3823} INFO - Setting next_dagrun for supermarket_etl_pipeline to None, run_after=None
[2026-08-27T06:58:42.361+0000] {processor.py:183} INFO - Processing /opt/airflow/dags/supermarket_etl_pipeline.py took 0.266 seconds
[2026-08-27T06:59:12.667+0000] {processor.py:161} INFO - Started process (PID=3491) to work on /opt/airflow/dags/supermarket_etl_pipeline.py
[2026-08-27T06:59:12.669+0000] {processor.py:830} INFO - Processing file /opt/airflow/dags/supermarket_etl_pipeline.py for tasks to queue
[2026-08-27T06:59:12.670+0000] {logging_mixin.py:188} INFO - [2026-08-27T06:59:12.670+0000] {dagbag.py:538} INFO - Filling up the DagBag from /opt/airflow/dags/supermarket_etl_pipeline.py
[2026-08-27T06:59:12.879+0000] {processor.py:840} INFO - DAG(s) 'supermarket_etl_pipeline' retrieved from /opt/airflow/dags/supermarket_etl_pipeline.py
[2026-08-27T06:59:12.904+0000] {logging_mixin.py:188} INFO - [2026-08-27T06:59:12.903+0000] {dag.py:3036} INFO - Sync 1 DAGs
[2026-08-27T06:59:12.914+0000] {logging_mixin.py:188} INFO - [2026-08-27T06:59:12.914+0000] {dag.py:3823} INFO - Setting next_dagrun for supermarket_etl_pipeline to None, run_after=None
[2026-08-27T06:59:12.931+0000] {processor.py:183} INFO - Processing /opt/airflow/dags/supermarket_etl_pipeline.py took 0.266 seconds
[2026-08-27T06:59:43.248+0000] {processor.py:161} INFO - Started process (PID=3497) to work on /opt/airflow/dags/supermarket_etl_pipeline.py
[2026-08-27T06:59:43.250+0000] {processor.py:830} INFO - Processing file /opt/airflow/dags/supermarket_etl_pipeline.py for tasks to queue
[2026-08-27T06:59:43.252+0000] {logging_mixin.py:188} INFO - [2026-08-27T06:59:43.252+0000] {dagbag.py:538} INFO - Filling up the DagBag from /opt/airflow/dags/supermarket_etl_pipeline.py
[2026-08-27T06:59:43.445+0000] {processor.py:840} INFO - DAG(s) 'supermarket_etl_pipeline' retrieved from /opt/airflow/dags/supermarket_etl_pipeline.py
[2026-08-27T06:59:43.469+0000] {logging_mixin.py:188} INFO - [2026-08-27T06:59:43.468+0000] {dag.py:3036} INFO - Sync 1 DAGs
[2026-08-27T06:59:43.480+0000] {logging_mixin.py:188} INFO - [2026-08-27T06:59:43.479+0000] {dag.py:3823} INFO - Setting next_dagrun for supermarket_etl_pipeline to None, run_after=None
[2026-08-27T06:59:43.497+0000] {processor.py:183} INFO - Processing /opt/airflow/dags/supermarket_etl_pipeline.py took 0.253 seconds
[2026-08-27T07:00:13.826+0000] {processor.py:161} INFO - Started process (PID=3503) to work on /opt/airflow/dags/supermarket_etl_pipeline.py
[2026-08-27T07:00:13.828+0000] {processor.py:830} INFO - Processing file /opt/airflow/dags/supermarket_etl_pipeline.py for tasks to queue
[2026-08-27T07:00:13.830+0000] {logging_mixin.py:188} INFO - [2026-08-27T07:00:13.830+0000] {dagbag.py:538} INFO - Filling up the DagBag from /opt/airflow/dags/supermarket_etl_pipeline.py
[2026-08-27T07:00:14.070+0000] {processor.py:840} INFO - DAG(s) 'supermarket_etl_pipeline' retrieved from /opt/airflow/dags/supermarket_etl_pipeline.py
[2026-08-27T07:00:14.098+0000] {logging_mixin.py:188} INFO - [2026-08-27T07:00:14.097+0000] {dag.py:3036} INFO - Sync 1 DAGs
[2026-08-27T07:00:14.109+0000] {logging_mixin.py:188} INFO - [2026-08-27T07:00:14.108+0000] {dag.py:3823} INFO - Setting next_dagrun for supermarket_etl_pipeline to None, run_after=None
[2026-08-27T07:00:14.129+0000] {processor.py:183} INFO - Processing /opt/airflow/dags/supermarket_etl_pipeline.py took 0.307 seconds
[2026-08-27T07:00:44.465+0000] {processor.py:161} INFO - Started process (PID=3509) to work on /opt/airflow/dags/supermarket_etl_pipeline.py
[2026-08-27T07:00:44.467+0000] {processor.py:830} INFO - Processing file /opt/airflow/dags/supermarket_etl_pipeline.py for tasks to queue
[2026-08-27T07:00:44.469+0000] {logging_mixin.py:188} INFO - [2026-08-27T07:00:44.469+0000] {dagbag.py:538} INFO - Filling up the DagBag from /opt/airflow/dags/supermarket_etl_pipeline.py
[2026-08-27T07:00:44.708+0000] {processor.py:840} INFO - DAG(s) 'supermarket_etl_pipeline' retrieved from /opt/airflow/dags/supermarket_etl_pipeline.py
[2026-08-27T07:00:44.737+0000] {logging_mixin.py:188} INFO - [2026-08-27T07:00:44.736+0000] {dag.py:3036} INFO - Sync 1 DAGs
[2026-08-27T07:00:44.750+0000] {logging_mixin.py:188} INFO - [2026-08-27T07:00:44.750+0000] {dag.py:3823} INFO - Setting next_dagrun for supermarket_etl_pipeline to None, run_after=None
[2026-08-27T07:00:44.770+0000] {processor.py:183} INFO - Processing /opt/airflow/dags/supermarket_etl_pipeline.py took 0.309 seconds
[2026-08-27T07:01:14.946+0000] {processor.py:161} INFO - Started process (PID=3515) to work on /opt/airflow/dags/supermarket_etl_pipeline.py
[2026-08-27T07:01:14.949+0000] {processor.py:830} INFO - Processing file /opt/airflow/dags/supermarket_etl_pipeline.py for tasks to queue
[2026-08-27T07:01:14.951+0000] {logging_mixin.py:188} INFO - [2026-08-27T07:01:14.951+0000] {dagbag.py:538} INFO - Filling up the DagBag from /opt/airflow/dags/supermarket_etl_pipeline.py
[2026-08-27T07:01:15.194+0000] {processor.py:840} INFO - DAG(s) 'supermarket_etl_pipeline' retrieved from /opt/airflow/dags/supermarket_etl_pipeline.py
[2026-08-27T07:01:15.220+0000] {logging_mixin.py:188} INFO - [2026-08-27T07:01:15.219+0000] {dag.py:3036} INFO - Sync 1 DAGs
[2026-08-27T07:01:15.230+0000] {logging_mixin.py:188} INFO - [2026-08-27T07:01:15.230+0000] {dag.py:3823} INFO - Setting next_dagrun for supermarket_etl_pipeline to None, run_after=None
[2026-08-27T07:01:15.252+0000] {processor.py:183} INFO - Processing /opt/airflow/dags/supermarket_etl_pipeline.py took 0.308 seconds
[2026-08-27T07:01:45.438+0000] {processor.py:161} INFO - Started process (PID=3521) to work on /opt/airflow/dags/supermarket_etl_pipeline.py
[2026-08-27T07:01:45.441+0000] {processor.py:830} INFO - Processing file /opt/airflow/dags/supermarket_etl_pipeline.py for tasks to queue
[2026-08-27T07:01:45.442+0000] {logging_mixin.py:188} INFO - [2026-08-27T07:01:45.442+0000] {dagbag.py:538} INFO - Filling up the DagBag from /opt/airflow/dags/supermarket_etl_pipeline.py
[2026-08-27T07:01:45.649+0000] {processor.py:840} INFO - DAG(s) 'supermarket_etl_pipeline' retrieved from /opt/airflow/dags/supermarket_etl_pipeline.py
[2026-08-27T07:01:45.671+0000] {logging_mixin.py:188} INFO - [2026-08-27T07:01:45.670+0000] {dag.py:3036} INFO - Sync 1 DAGs
[2026-08-27T07:01:45.681+0000] {logging_mixin.py:188} INFO - [2026-08-27T07:01:45.680+0000] {dag.py:3823} INFO - Setting next_dagrun for supermarket_etl_pipeline to None, run_after=None
[2026-08-27T07:01:45.700+0000] {processor.py:183} INFO - Processing /opt/airflow/dags/supermarket_etl_pipeline.py took 0.264 seconds
[2026-08-27T07:02:15.886+0000] {processor.py:161} INFO - Started process (PID=3527) to work on /opt/airflow/dags/supermarket_etl_pipeline.py
[2026-08-27T07:02:15.888+0000] {processor.py:830} INFO - Processing file /opt/airflow/dags/supermarket_etl_pipeline.py for tasks to queue
[2026-08-27T07:02:15.890+0000] {logging_mixin.py:188} INFO - [2026-08-27T07:02:15.890+0000] {dagbag.py:538} INFO - Filling up the DagBag from /opt/airflow/dags/supermarket_etl_pipeline.py
[2026-08-27T07:02:16.118+0000] {processor.py:840} INFO - DAG(s) 'supermarket_etl_pipeline' retrieved from /opt/airflow/dags/supermarket_etl_pipeline.py
[2026-08-27T07:02:16.139+0000] {logging_mixin.py:188} INFO - [2026-08-27T07:02:16.139+0000] {dag.py:3036} INFO - Sync 1 DAGs
[2026-08-27T07:02:16.150+0000] {logging_mixin.py:188} INFO - [2026-08-27T07:02:16.150+0000] {dag.py:3823} INFO - Setting next_dagrun for supermarket_etl_pipeline to None, run_after=None
[2026-08-27T07:02:16.171+0000] {processor.py:183} INFO - Processing /opt/airflow/dags/supermarket_etl_pipeline.py took 0.289 seconds
[2026-08-27T07:02:46.373+0000] {processor.py:161} INFO - Started process (PID=3533) to work on /opt/airflow/dags/supermarket_etl_pipeline.py
[2026-08-27T07:02:46.375+0000] {processor.py:830} INFO - Processing file /opt/airflow/dags/supermarket_etl_pipeline.py for tasks to queue
[2026-08-27T07:02:46.377+0000] {logging_mixin.py:188} INFO - [2026-08-27T07:02:46.377+0000] {dagbag.py:538} INFO - Filling up the DagBag from /opt/airflow/dags/supermarket_etl_pipeline.py
[2026-08-27T07:02:46.628+0000] {processor.py:840} INFO - DAG(s) 'supermarket_etl_pipeline' retrieved from /opt/airflow/dags/supermarket_etl_pipeline.py
[2026-08-27T07:02:46.651+0000] {logging_mixin.py:188} INFO - [2026-08-27T07:02:46.651+0000] {dag.py:3036} INFO - Sync 1 DAGs
[2026-08-27T07:02:46.661+0000] {logging_mixin.py:188} INFO - [2026-08-27T07:02:46.661+0000] {dag.py:3823} INFO - Setting next_dagrun for supermarket_etl_pipeline to None, run_after=None
[2026-08-27T07:02:46.685+0000] {processor.py:183} INFO - Processing /opt/airflow/dags/supermarket_etl_pipeline.py took 0.315 seconds
[2026-08-27T07:03:16.859+0000] {processor.py:161} INFO - Started process (PID=3539) to work on /opt/airflow/dags/supermarket_etl_pipeline.py
[2026-08-27T07:03:16.861+0000] {processor.py:830} INFO - Processing file /opt/airflow/dags/supermarket_etl_pipeline.py for tasks to queue
[2026-08-27T07:03:16.863+0000] {logging_mixin.py:188} INFO - [2026-08-27T07:03:16.863+0000] {dagbag.py:538} INFO - Filling up the DagBag from /opt/airflow/dags/supermarket_etl_pipeline.py
[2026-08-27T07:03:17.088+0000] {processor.py:840} INFO - DAG(s) 'supermarket_etl_pipeline' retrieved from /opt/airflow/dags/supermarket_etl_pipeline.py
[2026-08-27T07:03:17.109+0000] {logging_mixin.py:188} INFO - [2026-08-27T07:03:17.109+0000] {dag.py:3036} INFO - Sync 1 DAGs
[2026-08-27T07:03:17.118+0000] {logging_mixin.py:188} INFO - [2026-08-27T07:03:17.118+0000] {dag.py:3823} INFO - Setting next_dagrun for supermarket_etl_pipeline to None, run_after=None
[2026-08-27T07:03:17.136+0000] {processor.py:183} INFO - Processing /opt/airflow/dags/supermarket_etl_pipeline.py took 0.280 seconds
[2026-08-27T07:03:47.288+0000] {processor.py:161} INFO - Started process (PID=3545) to work on /opt/airflow/dags/supermarket_etl_pipeline.py
[2026-08-27T07:03:47.290+0000] {processor.py:830} INFO - Processing file /opt/airflow/dags/supermarket_etl_pipeline.py for tasks to queue
[2026-08-27T07:03:47.291+0000] {logging_mixin.py:188} INFO - [2026-08-27T07:03:47.291+0000] {dagbag.py:538} INFO - Filling up the DagBag from /opt/airflow/dags/supermarket_etl_pipeline.py
[2026-08-27T07:03:47.538+0000] {processor.py:840} INFO - DAG(s) 'supermarket_etl_pipeline' retrieved from /opt/airflow/dags/supermarket_etl_pipeline.py
[2026-08-27T07:03:47.558+0000] {logging_mixin.py:188} INFO - [2026-08-27T07:03:47.558+0000] {dag.py:3036} INFO - Sync 1 DAGs
[2026-08-27T07:03:47.568+0000] {logging_mixin.py:188} INFO - [2026-08-27T07:03:47.568+0000] {dag.py:3823} INFO - Setting next_dagrun for supermarket_etl_pipeline to None, run_after=None
[2026-08-27T07:03:47.588+0000] {processor.py:183} INFO - Processing /opt/airflow/dags/supermarket_etl_pipeline.py took 0.304 seconds
[2026-08-27T07:04:17.749+0000] {processor.py:161} INFO - Started process (PID=3551) to work on /opt/airflow/dags/supermarket_etl_pipeline.py
[2026-08-27T07:04:17.751+0000] {processor.py:830} INFO - Processing file /opt/airflow/dags/supermarket_etl_pipeline.py for tasks to queue
[2026-08-27T07:04:17.753+0000] {logging_mixin.py:188} INFO - [2026-08-27T07:04:17.753+0000] {dagbag.py:538} INFO - Filling up the DagBag from /opt/airflow/dags/supermarket_etl_pipeline.py
[2026-08-27T07:04:17.979+0000] {processor.py:840} INFO - DAG(s) 'supermarket_etl_pipeline' retrieved from /opt/airflow/dags/supermarket_etl_pipeline.py
[2026-08-27T07:04:18.002+0000] {logging_mixin.py:188} INFO - [2026-08-27T07:04:18.001+0000] {dag.py:3036} INFO - Sync 1 DAGs
[2026-08-27T07:04:18.013+0000] {logging_mixin.py:188} INFO - [2026-08-27T07:04:18.013+0000] {dag.py:3823} INFO - Setting next_dagrun for supermarket_etl_pipeline to None, run_after=None
[2026-08-27T07:04:18.033+0000] {processor.py:183} INFO - Processing /opt/airflow/dags/supermarket_etl_pipeline.py took 0.288 seconds
[2026-08-27T07:04:48.193+0000] {processor.py:161} INFO - Started process (PID=3557) to work on /opt/airflow/dags/supermarket_etl_pipeline.py
[2026-08-27T07:04:48.195+0000] {processor.py:830} INFO - Processing file /opt/airflow/dags/supermarket_etl_pipeline.py for tasks to queue
[2026-08-27T07:04:48.197+0000] {logging_mixin.py:188} INFO - [2026-08-27T07:04:48.197+0000] {dagbag.py:538} INFO - Filling up the DagBag from /opt/airflow/dags/supermarket_etl_pipeline.py
[2026-08-27T07:04:48.432+0000] {processor.py:840} INFO - DAG(s) 'supermarket_etl_pipeline' retrieved from /opt/airflow/dags/supermarket_etl_pipeline.py
[2026-08-27T07:04:48.455+0000] {logging_mixin.py:188} INFO - [2026-08-27T07:04:48.454+0000] {dag.py:3036} INFO - Sync 1 DAGs
[2026-08-27T07:04:48.464+0000] {logging_mixin.py:188} INFO - [2026-08-27T07:04:48.464+0000] {dag.py:3823} INFO - Setting next_dagrun for supermarket_etl_pipeline to None, run_after=None
[2026-08-27T07:04:48.483+0000] {processor.py:183} INFO - Processing /opt/airflow/dags/supermarket_etl_pipeline.py took 0.293 seconds
[2026-08-27T07:05:18.616+0000] {processor.py:161} INFO - Started process (PID=3563) to work on /opt/airflow/dags/supermarket_etl_pipeline.py
[2026-08-27T07:05:18.618+0000] {processor.py:830} INFO - Processing file /opt/airflow/dags/supermarket_etl_pipeline.py for tasks to queue
[2026-08-27T07:05:18.621+0000] {logging_mixin.py:188} INFO - [2026-08-27T07:05:18.621+0000] {dagbag.py:538} INFO - Filling up the DagBag from /opt/airflow/dags/supermarket_etl_pipeline.py
[2026-08-27T07:05:18.862+0000] {processor.py:840} INFO - DAG(s) 'supermarket_etl_pipeline' retrieved from /opt/airflow/dags/supermarket_etl_pipeline.py
[2026-08-27T07:05:18.883+0000] {logging_mixin.py:188} INFO - [2026-08-27T07:05:18.883+0000] {dag.py:3036} INFO - Sync 1 DAGs
[2026-08-27T07:05:18.894+0000] {logging_mixin.py:188} INFO - [2026-08-27T07:05:18.894+0000] {dag.py:3823} INFO - Setting next_dagrun for supermarket_etl_pipeline to None, run_after=None
[2026-08-27T07:05:18.914+0000] {processor.py:183} INFO - Processing /opt/airflow/dags/supermarket_etl_pipeline.py took 0.302 seconds
[2026-08-27T07:05:49.120+0000] {processor.py:161} INFO - Started process (PID=3569) to work on /opt/airflow/dags/supermarket_etl_pipeline.py
[2026-08-27T07:05:49.121+0000] {processor.py:830} INFO - Processing file /opt/airflow/dags/supermarket_etl_pipeline.py for tasks to queue
[2026-08-27T07:05:49.122+0000] {logging_mixin.py:188} INFO - [2026-08-27T07:05:49.122+0000] {dagbag.py:538} INFO - Filling up the DagBag from /opt/airflow/dags/supermarket_etl_pipeline.py
[2026-08-27T07:05:49.351+0000] {processor.py:840} INFO - DAG(s) 'supermarket_etl_pipeline' retrieved from /opt/airflow/dags/supermarket_etl_pipeline.py
[2026-08-27T07:05:49.371+0000] {logging_mixin.py:188} INFO - [2026-08-27T07:05:49.371+0000] {dag.py:3036} INFO - Sync 1 DAGs
[2026-08-27T07:05:49.382+0000] {logging_mixin.py:188} INFO - [2026-08-27T07:05:49.381+0000] {dag.py:3823} INFO - Setting next_dagrun for supermarket_etl_pipeline to None, run_after=None
[2026-08-27T07:05:49.403+0000] {processor.py:183} INFO - Processing /opt/airflow/dags/supermarket_etl_pipeline.py took 0.286 seconds
[2026-08-27T07:06:19.598+0000] {processor.py:161} INFO - Started process (PID=3575) to work on /opt/airflow/dags/supermarket_etl_pipeline.py
[2026-08-27T07:06:19.599+0000] {processor.py:830} INFO - Processing file /opt/airflow/dags/supermarket_etl_pipeline.py for tasks to queue
[2026-08-27T07:06:19.601+0000] {logging_mixin.py:188} INFO - [2026-08-27T07:06:19.601+0000] {dagbag.py:538} INFO - Filling up the DagBag from /opt/airflow/dags/supermarket_etl_pipeline.py
[2026-08-27T07:06:19.831+0000] {processor.py:840} INFO - DAG(s) 'supermarket_etl_pipeline' retrieved from /opt/airflow/dags/supermarket_etl_pipeline.py
[2026-08-27T07:06:19.853+0000] {logging_mixin.py:188} INFO - [2026-08-27T07:06:19.853+0000] {dag.py:3036} INFO - Sync 1 DAGs
[2026-08-27T07:06:19.864+0000] {logging_mixin.py:188} INFO - [2026-08-27T07:06:19.864+0000] {dag.py:3823} INFO - Setting next_dagrun for supermarket_etl_pipeline to None, run_after=None
[2026-08-27T07:06:19.884+0000] {processor.py:183} INFO - Processing /opt/airflow/dags/supermarket_etl_pipeline.py took 0.289 seconds
[2026-08-27T07:06:50.055+0000] {processor.py:161} INFO - Started process (PID=3581) to work on /opt/airflow/dags/supermarket_etl_pipeline.py
[2026-08-27T07:06:50.058+0000] {processor.py:830} INFO - Processing file /opt/airflow/dags/supermarket_etl_pipeline.py for tasks to queue
[2026-08-27T07:06:50.060+0000] {logging_mixin.py:188} INFO - [2026-08-27T07:06:50.060+0000] {dagbag.py:538} INFO - Filling up the DagBag from /opt/airflow/dags/supermarket_etl_pipeline.py
[2026-08-27T07:06:50.347+0000] {processor.py:840} INFO - DAG(s) 'supermarket_etl_pipeline' retrieved from /opt/airflow/dags/supermarket_etl_pipeline.py
[2026-08-27T07:06:50.372+0000] {logging_mixin.py:188} INFO - [2026-08-27T07:06:50.372+0000] {dag.py:3036} INFO - Sync 1 DAGs
[2026-08-27T07:06:50.384+0000] {logging_mixin.py:188} INFO - [2026-08-27T07:06:50.384+0000] {dag.py:3823} INFO - Setting next_dagrun for supermarket_etl_pipeline to None, run_after=None
[2026-08-27T07:06:50.407+0000] {processor.py:183} INFO - Processing /opt/airflow/dags/supermarket_etl_pipeline.py took 0.356 seconds
[2026-08-27T07:07:20.792+0000] {processor.py:161} INFO - Started process (PID=3587) to work on /opt/airflow/dags/supermarket_etl_pipeline.py
[2026-08-27T07:07:20.794+0000] {processor.py:830} INFO - Processing file /opt/airflow/dags/supermarket_etl_pipeline.py for tasks to queue
[2026-08-27T07:07:20.796+0000] {logging_mixin.py:188} INFO - [2026-08-27T07:07:20.796+0000] {dagbag.py:538} INFO - Filling up the DagBag from /opt/airflow/dags/supermarket_etl_pipeline.py
[2026-08-27T07:07:20.999+0000] {processor.py:840} INFO - DAG(s) 'supermarket_etl_pipeline' retrieved from /opt/airflow/dags/supermarket_etl_pipeline.py
[2026-08-27T07:07:21.019+0000] {logging_mixin.py:188} INFO - [2026-08-27T07:07:21.018+0000] {dag.py:3036} INFO - Sync 1 DAGs
[2026-08-27T07:07:21.027+0000] {logging_mixin.py:188} INFO - [2026-08-27T07:07:21.027+0000] {dag.py:3823} INFO - Setting next_dagrun for supermarket_etl_pipeline to None, run_after=None
[2026-08-27T07:07:21.050+0000] {processor.py:183} INFO - Processing /opt/airflow/dags/supermarket_etl_pipeline.py took 0.261 seconds
[2026-08-27T07:07:51.400+0000] {processor.py:161} INFO - Started process (PID=3593) to work on /opt/airflow/dags/supermarket_etl_pipeline.py
[2026-08-27T07:07:51.401+0000] {processor.py:830} INFO - Processing file /opt/airflow/dags/supermarket_etl_pipeline.py for tasks to queue
[2026-08-27T07:07:51.403+0000] {logging_mixin.py:188} INFO - [2026-08-27T07:07:51.403+0000] {dagbag.py:538} INFO - Filling up the DagBag from /opt/airflow/dags/supermarket_etl_pipeline.py
[2026-08-27T07:07:51.636+0000] {processor.py:840} INFO - DAG(s) 'supermarket_etl_pipeline' retrieved from /opt/airflow/dags/supermarket_etl_pipeline.py
[2026-08-27T07:07:51.658+0000] {logging_mixin.py:188} INFO - [2026-08-27T07:07:51.657+0000] {dag.py:3036} INFO - Sync 1 DAGs
[2026-08-27T07:07:51.668+0000] {logging_mixin.py:188} INFO - [2026-08-27T07:07:51.668+0000] {dag.py:3823} INFO - Setting next_dagrun for supermarket_etl_pipeline to None, run_after=None
[2026-08-27T07:07:51.688+0000] {processor.py:183} INFO - Processing /opt/airflow/dags/supermarket_etl_pipeline.py took 0.291 seconds
[2026-08-27T07:08:21.991+0000] {processor.py:161} INFO - Started process (PID=3599) to work on /opt/airflow/dags/supermarket_etl_pipeline.py
[2026-08-27T07:08:21.993+0000] {processor.py:830} INFO - Processing file /opt/airflow/dags/supermarket_etl_pipeline.py for tasks to queue
[2026-08-27T07:08:21.994+0000] {logging_mixin.py:188} INFO - [2026-08-27T07:08:21.994+0000] {dagbag.py:538} INFO - Filling up the DagBag from /opt/airflow/dags/supermarket_etl_pipeline.py
[2026-08-27T07:08:22.259+0000] {processor.py:840} INFO - DAG(s) 'supermarket_etl_pipeline' retrieved from /opt/airflow/dags/supermarket_etl_pipeline.py
[2026-08-27T07:08:22.295+0000] {logging_mixin.py:188} INFO - [2026-08-27T07:08:22.295+0000] {dag.py:3036} INFO - Sync 1 DAGs
[2026-08-27T07:08:22.309+0000] {logging_mixin.py:188} INFO - [2026-08-27T07:08:22.309+0000] {dag.py:3823} INFO - Setting next_dagrun for supermarket_etl_pipeline to None, run_after=None
[2026-08-27T07:08:22.340+0000] {processor.py:183} INFO - Processing /opt/airflow/dags/supermarket_etl_pipeline.py took 0.352 seconds
[2026-08-27T07:08:52.693+0000] {processor.py:161} INFO - Started process (PID=3605) to work on /opt/airflow/dags/supermarket_etl_pipeline.py
[2026-08-27T07:08:52.695+0000] {processor.py:830} INFO - Processing file /opt/airflow/dags/supermarket_etl_pipeline.py for tasks to queue
[2026-08-27T07:08:52.697+0000] {logging_mixin.py:188} INFO - [2026-08-27T07:08:52.697+0000] {dagbag.py:538} INFO - Filling up the DagBag from /opt/airflow/dags/supermarket_etl_pipeline.py
[2026-08-27T07:08:52.939+0000] {processor.py:840} INFO - DAG(s) 'supermarket_etl_pipeline' retrieved from /opt/airflow/dags/supermarket_etl_pipeline.py
[2026-08-27T07:08:52.962+0000] {logging_mixin.py:188} INFO - [2026-08-27T07:08:52.961+0000] {dag.py:3036} INFO - Sync 1 DAGs
[2026-08-27T07:08:52.971+0000] {logging_mixin.py:188} INFO - [2026-08-27T07:08:52.971+0000] {dag.py:3823} INFO - Setting next_dagrun for supermarket_etl_pipeline to None, run_after=None
[2026-08-27T07:08:52.991+0000] {processor.py:183} INFO - Processing /opt/airflow/dags/supermarket_etl_pipeline.py took 0.301 seconds
[2026-08-27T07:09:23.355+0000] {processor.py:161} INFO - Started process (PID=3611) to work on /opt/airflow/dags/supermarket_etl_pipeline.py
[2026-08-27T07:09:23.357+0000] {processor.py:830} INFO - Processing file /opt/airflow/dags/supermarket_etl_pipeline.py for tasks to queue
[2026-08-27T07:09:23.359+0000] {logging_mixin.py:188} INFO - [2026-08-27T07:09:23.358+0000] {dagbag.py:538} INFO - Filling up the DagBag from /opt/airflow/dags/supermarket_etl_pipeline.py
[2026-08-27T07:09:23.623+0000] {processor.py:840} INFO - DAG(s) 'supermarket_etl_pipeline' retrieved from /opt/airflow/dags/supermarket_etl_pipeline.py
[2026-08-27T07:09:23.643+0000] {logging_mixin.py:188} INFO - [2026-08-27T07:09:23.643+0000] {dag.py:3036} INFO - Sync 1 DAGs
[2026-08-27T07:09:23.653+0000] {logging_mixin.py:188} INFO - [2026-08-27T07:09:23.653+0000] {dag.py:3823} INFO - Setting next_dagrun for supermarket_etl_pipeline to None, run_after=None
[2026-08-27T07:09:23.673+0000] {processor.py:183} INFO - Processing /opt/airflow/dags/supermarket_etl_pipeline.py took 0.321 seconds
[2026-08-27T07:09:54.069+0000] {processor.py:161} INFO - Started process (PID=3617) to work on /opt/airflow/dags/supermarket_etl_pipeline.py
[2026-08-27T07:09:54.071+0000] {processor.py:830} INFO - Processing file /opt/airflow/dags/supermarket_etl_pipeline.py for tasks to queue
[2026-08-27T07:09:54.074+0000] {logging_mixin.py:188} INFO - [2026-08-27T07:09:54.074+0000] {dagbag.py:538} INFO - Filling up the DagBag from /opt/airflow/dags/supermarket_etl_pipeline.py
[2026-08-27T07:09:54.335+0000] {processor.py:840} INFO - DAG(s) 'supermarket_etl_pipeline' retrieved from /opt/airflow/dags/supermarket_etl_pipeline.py
[2026-08-27T07:09:54.364+0000] {logging_mixin.py:188} INFO - [2026-08-27T07:09:54.364+0000] {dag.py:3036} INFO - Sync 1 DAGs
[2026-08-27T07:09:54.377+0000] {logging_mixin.py:188} INFO - [2026-08-27T07:09:54.377+0000] {dag.py:3823} INFO - Setting next_dagrun for supermarket_etl_pipeline to None, run_after=None
[2026-08-27T07:09:54.403+0000] {processor.py:183} INFO - Processing /opt/airflow/dags/supermarket_etl_pipeline.py took 0.341 seconds
[2026-08-27T07:10:24.839+0000] {processor.py:161} INFO - Started process (PID=3623) to work on /opt/airflow/dags/supermarket_etl_pipeline.py
[2026-08-27T07:10:24.843+0000] {processor.py:830} INFO - Processing file /opt/airflow/dags/supermarket_etl_pipeline.py for tasks to queue
[2026-08-27T07:10:24.847+0000] {logging_mixin.py:188} INFO - [2026-08-27T07:10:24.846+0000] {dagbag.py:538} INFO - Filling up the DagBag from /opt/airflow/dags/supermarket_etl_pipeline.py
[2026-08-27T07:10:25.134+0000] {processor.py:840} INFO - DAG(s) 'supermarket_etl_pipeline' retrieved from /opt/airflow/dags/supermarket_etl_pipeline.py
[2026-08-27T07:10:25.158+0000] {logging_mixin.py:188} INFO - [2026-08-27T07:10:25.158+0000] {dag.py:3036} INFO - Sync 1 DAGs
[2026-08-27T07:10:25.169+0000] {logging_mixin.py:188} INFO - [2026-08-27T07:10:25.168+0000] {dag.py:3823} INFO - Setting next_dagrun for supermarket_etl_pipeline to None, run_after=None
[2026-08-27T07:10:25.187+0000] {processor.py:183} INFO - Processing /opt/airflow/dags/supermarket_etl_pipeline.py took 0.354 seconds
[2026-08-27T07:10:55.550+0000] {processor.py:161} INFO - Started process (PID=3629) to work on /opt/airflow/dags/supermarket_etl_pipeline.py
[2026-08-27T07:10:55.553+0000] {processor.py:830} INFO - Processing file /opt/airflow/dags/supermarket_etl_pipeline.py for tasks to queue
[2026-08-27T07:10:55.555+0000] {logging_mixin.py:188} INFO - [2026-08-27T07:10:55.555+0000] {dagbag.py:538} INFO - Filling up the DagBag from /opt/airflow/dags/supermarket_etl_pipeline.py
[2026-08-27T07:10:55.873+0000] {processor.py:840} INFO - DAG(s) 'supermarket_etl_pipeline' retrieved from /opt/airflow/dags/supermarket_etl_pipeline.py
[2026-08-27T07:10:55.912+0000] {logging_mixin.py:188} INFO - [2026-08-27T07:10:55.912+0000] {dag.py:3036} INFO - Sync 1 DAGs
[2026-08-27T07:10:55.925+0000] {logging_mixin.py:188} INFO - [2026-08-27T07:10:55.924+0000] {dag.py:3823} INFO - Setting next_dagrun for supermarket_etl_pipeline to None, run_after=None
[2026-08-27T07:10:55.947+0000] {processor.py:183} INFO - Processing /opt/airflow/dags/supermarket_etl_pipeline.py took 0.401 seconds
[2026-08-27T07:11:26.314+0000] {processor.py:161} INFO - Started process (PID=3635) to work on /opt/airflow/dags/supermarket_etl_pipeline.py
[2026-08-27T07:11:26.317+0000] {processor.py:830} INFO - Processing file /opt/airflow/dags/supermarket_etl_pipeline.py for tasks to queue
[2026-08-27T07:11:26.319+0000] {logging_mixin.py:188} INFO - [2026-08-27T07:11:26.318+0000] {dagbag.py:538} INFO - Filling up the DagBag from /opt/airflow/dags/supermarket_etl_pipeline.py
[2026-08-27T07:11:26.594+0000] {processor.py:840} INFO - DAG(s) 'supermarket_etl_pipeline' retrieved from /opt/airflow/dags/supermarket_etl_pipeline.py
[2026-08-27T07:11:26.618+0000] {logging_mixin.py:188} INFO - [2026-08-27T07:11:26.617+0000] {dag.py:3036} INFO - Sync 1 DAGs
[2026-08-27T07:11:26.627+0000] {logging_mixin.py:188} INFO - [2026-08-27T07:11:26.627+0000] {dag.py:3823} INFO - Setting next_dagrun for supermarket_etl_pipeline to None, run_after=None
[2026-08-27T07:11:26.644+0000] {processor.py:183} INFO - Processing /opt/airflow/dags/supermarket_etl_pipeline.py took 0.334 seconds
[2026-08-27T07:11:56.940+0000] {processor.py:161} INFO - Started process (PID=3641) to work on /opt/airflow/dags/supermarket_etl_pipeline.py
[2026-08-27T07:11:56.941+0000] {processor.py:830} INFO - Processing file /opt/airflow/dags/supermarket_etl_pipeline.py for tasks to queue
[2026-08-27T07:11:56.942+0000] {logging_mixin.py:188} INFO - [2026-08-27T07:11:56.942+0000] {dagbag.py:538} INFO - Filling up the DagBag from /opt/airflow/dags/supermarket_etl_pipeline.py
[2026-08-27T07:11:57.144+0000] {processor.py:840} INFO - DAG(s) 'supermarket_etl_pipeline' retrieved from /opt/airflow/dags/supermarket_etl_pipeline.py
[2026-08-27T07:11:57.167+0000] {logging_mixin.py:188} INFO - [2026-08-27T07:11:57.167+0000] {dag.py:3036} INFO - Sync 1 DAGs
[2026-08-27T07:11:57.177+0000] {logging_mixin.py:188} INFO - [2026-08-27T07:11:57.177+0000] {dag.py:3823} INFO - Setting next_dagrun for supermarket_etl_pipeline to None, run_after=None
[2026-08-27T07:11:57.196+0000] {processor.py:183} INFO - Processing /opt/airflow/dags/supermarket_etl_pipeline.py took 0.258 seconds
[2026-08-27T07:12:27.275+0000] {processor.py:161} INFO - Started process (PID=3647) to work on /opt/airflow/dags/supermarket_etl_pipeline.py
[2026-08-27T07:12:27.276+0000] {processor.py:830} INFO - Processing file /opt/airflow/dags/supermarket_etl_pipeline.py for tasks to queue
[2026-08-27T07:12:27.279+0000] {logging_mixin.py:188} INFO - [2026-08-27T07:12:27.278+0000] {dagbag.py:538} INFO - Filling up the DagBag from /opt/airflow/dags/supermarket_etl_pipeline.py
[2026-08-27T07:12:27.564+0000] {processor.py:840} INFO - DAG(s) 'supermarket_etl_pipeline' retrieved from /opt/airflow/dags/supermarket_etl_pipeline.py
[2026-08-27T07:12:27.594+0000] {logging_mixin.py:188} INFO - [2026-08-27T07:12:27.594+0000] {dag.py:3036} INFO - Sync 1 DAGs
[2026-08-27T07:12:27.606+0000] {logging_mixin.py:188} INFO - [2026-08-27T07:12:27.606+0000] {dag.py:3823} INFO - Setting next_dagrun for supermarket_etl_pipeline to None, run_after=None
[2026-08-27T07:12:27.628+0000] {processor.py:183} INFO - Processing /opt/airflow/dags/supermarket_etl_pipeline.py took 0.357 seconds
[2026-08-27T07:12:57.894+0000] {processor.py:161} INFO - Started process (PID=3653) to work on /opt/airflow/dags/supermarket_etl_pipeline.py
[2026-08-27T07:12:57.896+0000] {processor.py:830} INFO - Processing file /opt/airflow/dags/supermarket_etl_pipeline.py for tasks to queue
[2026-08-27T07:12:57.898+0000] {logging_mixin.py:188} INFO - [2026-08-27T07:12:57.897+0000] {dagbag.py:538} INFO - Filling up the DagBag from /opt/airflow/dags/supermarket_etl_pipeline.py
[2026-08-27T07:12:58.138+0000] {processor.py:840} INFO - DAG(s) 'supermarket_etl_pipeline' retrieved from /opt/airflow/dags/supermarket_etl_pipeline.py
[2026-08-27T07:12:58.161+0000] {logging_mixin.py:188} INFO - [2026-08-27T07:12:58.161+0000] {dag.py:3036} INFO - Sync 1 DAGs
[2026-08-27T07:12:58.171+0000] {logging_mixin.py:188} INFO - [2026-08-27T07:12:58.171+0000] {dag.py:3823} INFO - Setting next_dagrun for supermarket_etl_pipeline to None, run_after=None
[2026-08-27T07:12:58.191+0000] {processor.py:183} INFO - Processing /opt/airflow/dags/supermarket_etl_pipeline.py took 0.301 seconds
[2026-08-27T07:13:28.298+0000] {processor.py:161} INFO - Started process (PID=3659) to work on /opt/airflow/dags/supermarket_etl_pipeline.py
[2026-08-27T07:13:28.300+0000] {processor.py:830} INFO - Processing file /opt/airflow/dags/supermarket_etl_pipeline.py for tasks to queue
[2026-08-27T07:13:28.302+0000] {logging_mixin.py:188} INFO - [2026-08-27T07:13:28.301+0000] {dagbag.py:538} INFO - Filling up the DagBag from /opt/airflow/dags/supermarket_etl_pipeline.py
[2026-08-27T07:13:28.523+0000] {processor.py:840} INFO - DAG(s) 'supermarket_etl_pipeline' retrieved from /opt/airflow/dags/supermarket_etl_pipeline.py
[2026-08-27T07:13:28.542+0000] {logging_mixin.py:188} INFO - [2026-08-27T07:13:28.542+0000] {dag.py:3036} INFO - Sync 1 DAGs
[2026-08-27T07:13:28.552+0000] {logging_mixin.py:188} INFO - [2026-08-27T07:13:28.552+0000] {dag.py:3823} INFO - Setting next_dagrun for supermarket_etl_pipeline to None, run_after=None
[2026-08-27T07:13:28.576+0000] {processor.py:183} INFO - Processing /opt/airflow/dags/supermarket_etl_pipeline.py took 0.281 seconds
[2026-08-27T07:13:58.911+0000] {processor.py:161} INFO - Started process (PID=3665) to work on /opt/airflow/dags/supermarket_etl_pipeline.py
[2026-08-27T07:13:58.913+0000] {processor.py:830} INFO - Processing file /opt/airflow/dags/supermarket_etl_pipeline.py for tasks to queue
[2026-08-27T07:13:58.914+0000] {logging_mixin.py:188} INFO - [2026-08-27T07:13:58.914+0000] {dagbag.py:538} INFO - Filling up the DagBag from /opt/airflow/dags/supermarket_etl_pipeline.py
[2026-08-27T07:13:59.113+0000] {processor.py:840} INFO - DAG(s) 'supermarket_etl_pipeline' retrieved from /opt/airflow/dags/supermarket_etl_pipeline.py
[2026-08-27T07:13:59.132+0000] {logging_mixin.py:188} INFO - [2026-08-27T07:13:59.131+0000] {dag.py:3036} INFO - Sync 1 DAGs
[2026-08-27T07:13:59.142+0000] {logging_mixin.py:188} INFO - [2026-08-27T07:13:59.142+0000] {dag.py:3823} INFO - Setting next_dagrun for supermarket_etl_pipeline to None, run_after=None
[2026-08-27T07:13:59.163+0000] {processor.py:183} INFO - Processing /opt/airflow/dags/supermarket_etl_pipeline.py took 0.256 seconds
[2026-08-27T07:14:29.508+0000] {processor.py:161} INFO - Started process (PID=3671) to work on /opt/airflow/dags/supermarket_etl_pipeline.py
[2026-08-27T07:14:29.510+0000] {processor.py:830} INFO - Processing file /opt/airflow/dags/supermarket_etl_pipeline.py for tasks to queue
[2026-08-27T07:14:29.512+0000] {logging_mixin.py:188} INFO - [2026-08-27T07:14:29.512+0000] {dagbag.py:538} INFO - Filling up the DagBag from /opt/airflow/dags/supermarket_etl_pipeline.py
[2026-08-27T07:14:29.783+0000] {processor.py:840} INFO - DAG(s) 'supermarket_etl_pipeline' retrieved from /opt/airflow/dags/supermarket_etl_pipeline.py
[2026-08-27T07:14:29.817+0000] {logging_mixin.py:188} INFO - [2026-08-27T07:14:29.817+0000] {dag.py:3036} INFO - Sync 1 DAGs
[2026-08-27T07:14:29.830+0000] {logging_mixin.py:188} INFO - [2026-08-27T07:14:29.829+0000] {dag.py:3823} INFO - Setting next_dagrun for supermarket_etl_pipeline to None, run_after=None
[2026-08-27T07:14:29.854+0000] {processor.py:183} INFO - Processing /opt/airflow/dags/supermarket_etl_pipeline.py took 0.348 seconds
[2026-08-27T07:15:00.203+0000] {processor.py:161} INFO - Started process (PID=3677) to work on /opt/airflow/dags/supermarket_etl_pipeline.py
[2026-08-27T07:15:00.205+0000] {processor.py:830} INFO - Processing file /opt/airflow/dags/supermarket_etl_pipeline.py for tasks to queue
[2026-08-27T07:15:00.207+0000] {logging_mixin.py:188} INFO - [2026-08-27T07:15:00.207+0000] {dagbag.py:538} INFO - Filling up the DagBag from /opt/airflow/dags/supermarket_etl_pipeline.py
[2026-08-27T07:15:00.441+0000] {processor.py:840} INFO - DAG(s) 'supermarket_etl_pipeline' retrieved from /opt/airflow/dags/supermarket_etl_pipeline.py
[2026-08-27T07:15:00.465+0000] {logging_mixin.py:188} INFO - [2026-08-27T07:15:00.465+0000] {dag.py:3036} INFO - Sync 1 DAGs
[2026-08-27T07:15:00.475+0000] {logging_mixin.py:188} INFO - [2026-08-27T07:15:00.475+0000] {dag.py:3823} INFO - Setting next_dagrun for supermarket_etl_pipeline to None, run_after=None
[2026-08-27T07:15:00.497+0000] {processor.py:183} INFO - Processing /opt/airflow/dags/supermarket_etl_pipeline.py took 0.297 seconds
[2026-08-27T07:15:30.869+0000] {processor.py:161} INFO - Started process (PID=3683) to work on /opt/airflow/dags/supermarket_etl_pipeline.py
[2026-08-27T07:15:30.871+0000] {processor.py:830} INFO - Processing file /opt/airflow/dags/supermarket_etl_pipeline.py for tasks to queue
[2026-08-27T07:15:30.873+0000] {logging_mixin.py:188} INFO - [2026-08-27T07:15:30.873+0000] {dagbag.py:538} INFO - Filling up the DagBag from /opt/airflow/dags/supermarket_etl_pipeline.py
[2026-08-27T07:15:31.098+0000] {processor.py:840} INFO - DAG(s) 'supermarket_etl_pipeline' retrieved from /opt/airflow/dags/supermarket_etl_pipeline.py
[2026-08-27T07:15:31.118+0000] {logging_mixin.py:188} INFO - [2026-08-27T07:15:31.118+0000] {dag.py:3036} INFO - Sync 1 DAGs
[2026-08-27T07:15:31.128+0000] {logging_mixin.py:188} INFO - [2026-08-27T07:15:31.128+0000] {dag.py:3823} INFO - Setting next_dagrun for supermarket_etl_pipeline to None, run_after=None
[2026-08-27T07:15:31.148+0000] {processor.py:183} INFO - Processing /opt/airflow/dags/supermarket_etl_pipeline.py took 0.281 seconds
[2026-08-27T07:16:01.253+0000] {processor.py:161} INFO - Started process (PID=3689) to work on /opt/airflow/dags/supermarket_etl_pipeline.py
[2026-08-27T07:16:01.255+0000] {processor.py:830} INFO - Processing file /opt/airflow/dags/supermarket_etl_pipeline.py for tasks to queue
[2026-08-27T07:16:01.257+0000] {logging_mixin.py:188} INFO - [2026-08-27T07:16:01.257+0000] {dagbag.py:538} INFO - Filling up the DagBag from /opt/airflow/dags/supermarket_etl_pipeline.py
[2026-08-27T07:16:01.490+0000] {processor.py:840} INFO - DAG(s) 'supermarket_etl_pipeline' retrieved from /opt/airflow/dags/supermarket_etl_pipeline.py
[2026-08-27T07:16:01.510+0000] {logging_mixin.py:188} INFO - [2026-08-27T07:16:01.510+0000] {dag.py:3036} INFO - Sync 1 DAGs
[2026-08-27T07:16:01.520+0000] {logging_mixin.py:188} INFO - [2026-08-27T07:16:01.520+0000] {dag.py:3823} INFO - Setting next_dagrun for supermarket_etl_pipeline to None, run_after=None
[2026-08-27T07:16:01.541+0000] {processor.py:183} INFO - Processing /opt/airflow/dags/supermarket_etl_pipeline.py took 0.291 seconds
[2026-08-27T07:16:31.804+0000] {processor.py:161} INFO - Started process (PID=3695) to work on /opt/airflow/dags/supermarket_etl_pipeline.py
[2026-08-27T07:16:31.806+0000] {processor.py:830} INFO - Processing file /opt/airflow/dags/supermarket_etl_pipeline.py for tasks to queue
[2026-08-27T07:16:31.808+0000] {logging_mixin.py:188} INFO - [2026-08-27T07:16:31.808+0000] {dagbag.py:538} INFO - Filling up the DagBag from /opt/airflow/dags/supermarket_etl_pipeline.py
[2026-08-27T07:16:32.090+0000] {processor.py:840} INFO - DAG(s) 'supermarket_etl_pipeline' retrieved from /opt/airflow/dags/supermarket_etl_pipeline.py
[2026-08-27T07:16:32.128+0000] {logging_mixin.py:188} INFO - [2026-08-27T07:16:32.128+0000] {dag.py:3036} INFO - Sync 1 DAGs
[2026-08-27T07:16:32.142+0000] {logging_mixin.py:188} INFO - [2026-08-27T07:16:32.142+0000] {dag.py:3823} INFO - Setting next_dagrun for supermarket_etl_pipeline to None, run_after=None
[2026-08-27T07:16:32.169+0000] {processor.py:183} INFO - Processing /opt/airflow/dags/supermarket_etl_pipeline.py took 0.369 seconds
[2026-08-27T07:17:02.378+0000] {processor.py:161} INFO - Started process (PID=3701) to work on /opt/airflow/dags/supermarket_etl_pipeline.py
[2026-08-27T07:17:02.380+0000] {processor.py:830} INFO - Processing file /opt/airflow/dags/supermarket_etl_pipeline.py for tasks to queue
[2026-08-27T07:17:02.382+0000] {logging_mixin.py:188} INFO - [2026-08-27T07:17:02.382+0000] {dagbag.py:538} INFO - Filling up the DagBag from /opt/airflow/dags/supermarket_etl_pipeline.py
[2026-08-27T07:17:02.620+0000] {processor.py:840} INFO - DAG(s) 'supermarket_etl_pipeline' retrieved from /opt/airflow/dags/supermarket_etl_pipeline.py
[2026-08-27T07:17:02.653+0000] {logging_mixin.py:188} INFO - [2026-08-27T07:17:02.652+0000] {dag.py:3036} INFO - Sync 1 DAGs
[2026-08-27T07:17:02.668+0000] {logging_mixin.py:188} INFO - [2026-08-27T07:17:02.668+0000] {dag.py:3823} INFO - Setting next_dagrun for supermarket_etl_pipeline to None, run_after=None
[2026-08-27T07:17:02.693+0000] {processor.py:183} INFO - Processing /opt/airflow/dags/supermarket_etl_pipeline.py took 0.318 seconds
[2026-08-27T07:17:33.015+0000] {processor.py:161} INFO - Started process (PID=3707) to work on /opt/airflow/dags/supermarket_etl_pipeline.py
[2026-08-27T07:17:33.018+0000] {processor.py:830} INFO - Processing file /opt/airflow/dags/supermarket_etl_pipeline.py for tasks to queue
[2026-08-27T07:17:33.022+0000] {logging_mixin.py:188} INFO - [2026-08-27T07:17:33.022+0000] {dagbag.py:538} INFO - Filling up the DagBag from /opt/airflow/dags/supermarket_etl_pipeline.py
[2026-08-27T07:17:33.236+0000] {processor.py:840} INFO - DAG(s) 'supermarket_etl_pipeline' retrieved from /opt/airflow/dags/supermarket_etl_pipeline.py
[2026-08-27T07:17:33.257+0000] {logging_mixin.py:188} INFO - [2026-08-27T07:17:33.256+0000] {dag.py:3036} INFO - Sync 1 DAGs
[2026-08-27T07:17:33.267+0000] {logging_mixin.py:188} INFO - [2026-08-27T07:17:33.267+0000] {dag.py:3823} INFO - Setting next_dagrun for supermarket_etl_pipeline to None, run_after=None
[2026-08-27T07:17:33.285+0000] {processor.py:183} INFO - Processing /opt/airflow/dags/supermarket_etl_pipeline.py took 0.273 seconds
[2026-08-27T07:18:03.745+0000] {processor.py:161} INFO - Started process (PID=3713) to work on /opt/airflow/dags/supermarket_etl_pipeline.py
[2026-08-27T07:18:03.748+0000] {processor.py:830} INFO - Processing file /opt/airflow/dags/supermarket_etl_pipeline.py for tasks to queue
[2026-08-27T07:18:03.751+0000] {logging_mixin.py:188} INFO - [2026-08-27T07:18:03.751+0000] {dagbag.py:538} INFO - Filling up the DagBag from /opt/airflow/dags/supermarket_etl_pipeline.py
[2026-08-27T07:18:04.035+0000] {processor.py:840} INFO - DAG(s) 'supermarket_etl_pipeline' retrieved from /opt/airflow/dags/supermarket_etl_pipeline.py
[2026-08-27T07:18:04.061+0000] {logging_mixin.py:188} INFO - [2026-08-27T07:18:04.061+0000] {dag.py:3036} INFO - Sync 1 DAGs
[2026-08-27T07:18:04.073+0000] {logging_mixin.py:188} INFO - [2026-08-27T07:18:04.072+0000] {dag.py:3823} INFO - Setting next_dagrun for supermarket_etl_pipeline to None, run_after=None
[2026-08-27T07:18:04.096+0000] {processor.py:183} INFO - Processing /opt/airflow/dags/supermarket_etl_pipeline.py took 0.358 seconds
[2026-08-27T07:18:34.483+0000] {processor.py:161} INFO - Started process (PID=3719) to work on /opt/airflow/dags/supermarket_etl_pipeline.py
[2026-08-27T07:18:34.486+0000] {processor.py:830} INFO - Processing file /opt/airflow/dags/supermarket_etl_pipeline.py for tasks to queue
[2026-08-27T07:18:34.489+0000] {logging_mixin.py:188} INFO - [2026-08-27T07:18:34.489+0000] {dagbag.py:538} INFO - Filling up the DagBag from /opt/airflow/dags/supermarket_etl_pipeline.py
[2026-08-27T07:18:34.760+0000] {processor.py:840} INFO - DAG(s) 'supermarket_etl_pipeline' retrieved from /opt/airflow/dags/supermarket_etl_pipeline.py
[2026-08-27T07:18:34.790+0000] {logging_mixin.py:188} INFO - [2026-08-27T07:18:34.790+0000] {dag.py:3036} INFO - Sync 1 DAGs
[2026-08-27T07:18:34.802+0000] {logging_mixin.py:188} INFO - [2026-08-27T07:18:34.802+0000] {dag.py:3823} INFO - Setting next_dagrun for supermarket_etl_pipeline to None, run_after=None
[2026-08-27T07:18:34.823+0000] {processor.py:183} INFO - Processing /opt/airflow/dags/supermarket_etl_pipeline.py took 0.343 seconds
[2026-08-27T07:19:05.153+0000] {processor.py:161} INFO - Started process (PID=3725) to work on /opt/airflow/dags/supermarket_etl_pipeline.py
[2026-08-27T07:19:05.154+0000] {processor.py:830} INFO - Processing file /opt/airflow/dags/supermarket_etl_pipeline.py for tasks to queue
[2026-08-27T07:19:05.156+0000] {logging_mixin.py:188} INFO - [2026-08-27T07:19:05.156+0000] {dagbag.py:538} INFO - Filling up the DagBag from /opt/airflow/dags/supermarket_etl_pipeline.py
[2026-08-27T07:19:05.383+0000] {processor.py:840} INFO - DAG(s) 'supermarket_etl_pipeline' retrieved from /opt/airflow/dags/supermarket_etl_pipeline.py
[2026-08-27T07:19:05.408+0000] {logging_mixin.py:188} INFO - [2026-08-27T07:19:05.408+0000] {dag.py:3036} INFO - Sync 1 DAGs
[2026-08-27T07:19:05.420+0000] {logging_mixin.py:188} INFO - [2026-08-27T07:19:05.420+0000] {dag.py:3823} INFO - Setting next_dagrun for supermarket_etl_pipeline to None, run_after=None
[2026-08-27T07:19:05.440+0000] {processor.py:183} INFO - Processing /opt/airflow/dags/supermarket_etl_pipeline.py took 0.290 seconds
[2026-08-27T07:19:35.825+0000] {processor.py:161} INFO - Started process (PID=3731) to work on /opt/airflow/dags/supermarket_etl_pipeline.py
[2026-08-27T07:19:35.828+0000] {processor.py:830} INFO - Processing file /opt/airflow/dags/supermarket_etl_pipeline.py for tasks to queue
[2026-08-27T07:19:35.830+0000] {logging_mixin.py:188} INFO - [2026-08-27T07:19:35.830+0000] {dagbag.py:538} INFO - Filling up the DagBag from /opt/airflow/dags/supermarket_etl_pipeline.py
[2026-08-27T07:19:36.127+0000] {processor.py:840} INFO - DAG(s) 'supermarket_etl_pipeline' retrieved from /opt/airflow/dags/supermarket_etl_pipeline.py
[2026-08-27T07:19:36.157+0000] {logging_mixin.py:188} INFO - [2026-08-27T07:19:36.157+0000] {dag.py:3036} INFO - Sync 1 DAGs
[2026-08-27T07:19:36.169+0000] {logging_mixin.py:188} INFO - [2026-08-27T07:19:36.169+0000] {dag.py:3823} INFO - Setting next_dagrun for supermarket_etl_pipeline to None, run_after=None
[2026-08-27T07:19:36.190+0000] {processor.py:183} INFO - Processing /opt/airflow/dags/supermarket_etl_pipeline.py took 0.371 seconds
[2026-08-27T07:20:06.558+0000] {processor.py:161} INFO - Started process (PID=3737) to work on /opt/airflow/dags/supermarket_etl_pipeline.py
[2026-08-27T07:20:06.560+0000] {processor.py:830} INFO - Processing file /opt/airflow/dags/supermarket_etl_pipeline.py for tasks to queue
[2026-08-27T07:20:06.561+0000] {logging_mixin.py:188} INFO - [2026-08-27T07:20:06.561+0000] {dagbag.py:538} INFO - Filling up the DagBag from /opt/airflow/dags/supermarket_etl_pipeline.py
[2026-08-27T07:20:06.826+0000] {processor.py:840} INFO - DAG(s) 'supermarket_etl_pipeline' retrieved from /opt/airflow/dags/supermarket_etl_pipeline.py
[2026-08-27T07:20:06.853+0000] {logging_mixin.py:188} INFO - [2026-08-27T07:20:06.853+0000] {dag.py:3036} INFO - Sync 1 DAGs
[2026-08-27T07:20:06.865+0000] {logging_mixin.py:188} INFO - [2026-08-27T07:20:06.865+0000] {dag.py:3823} INFO - Setting next_dagrun for supermarket_etl_pipeline to None, run_after=None
[2026-08-27T07:20:06.886+0000] {processor.py:183} INFO - Processing /opt/airflow/dags/supermarket_etl_pipeline.py took 0.334 seconds
[2026-08-27T07:20:37.229+0000] {processor.py:161} INFO - Started process (PID=3743) to work on /opt/airflow/dags/supermarket_etl_pipeline.py
[2026-08-27T07:20:37.232+0000] {processor.py:830} INFO - Processing file /opt/airflow/dags/supermarket_etl_pipeline.py for tasks to queue
[2026-08-27T07:20:37.234+0000] {logging_mixin.py:188} INFO - [2026-08-27T07:20:37.233+0000] {dagbag.py:538} INFO - Filling up the DagBag from /opt/airflow/dags/supermarket_etl_pipeline.py
[2026-08-27T07:20:37.633+0000] {processor.py:840} INFO - DAG(s) 'supermarket_etl_pipeline' retrieved from /opt/airflow/dags/supermarket_etl_pipeline.py
[2026-08-27T07:20:37.657+0000] {logging_mixin.py:188} INFO - [2026-08-27T07:20:37.657+0000] {dag.py:3036} INFO - Sync 1 DAGs
[2026-08-27T07:20:37.668+0000] {logging_mixin.py:188} INFO - [2026-08-27T07:20:37.668+0000] {dag.py:3823} INFO - Setting next_dagrun for supermarket_etl_pipeline to None, run_after=None
[2026-08-27T07:20:37.684+0000] {processor.py:183} INFO - Processing /opt/airflow/dags/supermarket_etl_pipeline.py took 0.458 seconds
[2026-08-27T07:21:08.028+0000] {processor.py:161} INFO - Started process (PID=3749) to work on /opt/airflow/dags/supermarket_etl_pipeline.py
[2026-08-27T07:21:08.030+0000] {processor.py:830} INFO - Processing file /opt/airflow/dags/supermarket_etl_pipeline.py for tasks to queue
[2026-08-27T07:21:08.032+0000] {logging_mixin.py:188} INFO - [2026-08-27T07:21:08.031+0000] {dagbag.py:538} INFO - Filling up the DagBag from /opt/airflow/dags/supermarket_etl_pipeline.py
[2026-08-27T07:21:08.246+0000] {processor.py:840} INFO - DAG(s) 'supermarket_etl_pipeline' retrieved from /opt/airflow/dags/supermarket_etl_pipeline.py
[2026-08-27T07:21:08.270+0000] {logging_mixin.py:188} INFO - [2026-08-27T07:21:08.270+0000] {dag.py:3036} INFO - Sync 1 DAGs
[2026-08-27T07:21:08.280+0000] {logging_mixin.py:188} INFO - [2026-08-27T07:21:08.280+0000] {dag.py:3823} INFO - Setting next_dagrun for supermarket_etl_pipeline to None, run_after=None
[2026-08-27T07:21:08.299+0000] {processor.py:183} INFO - Processing /opt/airflow/dags/supermarket_etl_pipeline.py took 0.272 seconds
[2026-08-27T07:21:38.637+0000] {processor.py:161} INFO - Started process (PID=3755) to work on /opt/airflow/dags/supermarket_etl_pipeline.py
[2026-08-27T07:21:38.638+0000] {processor.py:830} INFO - Processing file /opt/airflow/dags/supermarket_etl_pipeline.py for tasks to queue
[2026-08-27T07:21:38.639+0000] {logging_mixin.py:188} INFO - [2026-08-27T07:21:38.639+0000] {dagbag.py:538} INFO - Filling up the DagBag from /opt/airflow/dags/supermarket_etl_pipeline.py
[2026-08-27T07:21:38.816+0000] {processor.py:840} INFO - DAG(s) 'supermarket_etl_pipeline' retrieved from /opt/airflow/dags/supermarket_etl_pipeline.py
[2026-08-27T07:21:38.836+0000] {logging_mixin.py:188} INFO - [2026-08-27T07:21:38.836+0000] {dag.py:3036} INFO - Sync 1 DAGs
[2026-08-27T07:21:38.847+0000] {logging_mixin.py:188} INFO - [2026-08-27T07:21:38.847+0000] {dag.py:3823} INFO - Setting next_dagrun for supermarket_etl_pipeline to None, run_after=None
[2026-08-27T07:21:38.869+0000] {processor.py:183} INFO - Processing /opt/airflow/dags/supermarket_etl_pipeline.py took 0.235 seconds
[2026-08-27T07:22:09.004+0000] {processor.py:161} INFO - Started process (PID=3761) to work on /opt/airflow/dags/supermarket_etl_pipeline.py
[2026-08-27T07:22:09.007+0000] {processor.py:830} INFO - Processing file /opt/airflow/dags/supermarket_etl_pipeline.py for tasks to queue
[2026-08-27T07:22:09.009+0000] {logging_mixin.py:188} INFO - [2026-08-27T07:22:09.009+0000] {dagbag.py:538} INFO - Filling up the DagBag from /opt/airflow/dags/supermarket_etl_pipeline.py
[2026-08-27T07:22:09.357+0000] {processor.py:840} INFO - DAG(s) 'supermarket_etl_pipeline' retrieved from /opt/airflow/dags/supermarket_etl_pipeline.py
[2026-08-27T07:22:09.381+0000] {logging_mixin.py:188} INFO - [2026-08-27T07:22:09.381+0000] {dag.py:3036} INFO - Sync 1 DAGs
[2026-08-27T07:22:09.391+0000] {logging_mixin.py:188} INFO - [2026-08-27T07:22:09.390+0000] {dag.py:3823} INFO - Setting next_dagrun for supermarket_etl_pipeline to None, run_after=None
[2026-08-27T07:22:09.410+0000] {processor.py:183} INFO - Processing /opt/airflow/dags/supermarket_etl_pipeline.py took 0.410 seconds
[2026-08-27T07:22:39.570+0000] {processor.py:161} INFO - Started process (PID=3767) to work on /opt/airflow/dags/supermarket_etl_pipeline.py
[2026-08-27T07:22:39.573+0000] {processor.py:830} INFO - Processing file /opt/airflow/dags/supermarket_etl_pipeline.py for tasks to queue
[2026-08-27T07:22:39.575+0000] {logging_mixin.py:188} INFO - [2026-08-27T07:22:39.575+0000] {dagbag.py:538} INFO - Filling up the DagBag from /opt/airflow/dags/supermarket_etl_pipeline.py
[2026-08-27T07:22:39.821+0000] {processor.py:840} INFO - DAG(s) 'supermarket_etl_pipeline' retrieved from /opt/airflow/dags/supermarket_etl_pipeline.py
[2026-08-27T07:22:39.845+0000] {logging_mixin.py:188} INFO - [2026-08-27T07:22:39.845+0000] {dag.py:3036} INFO - Sync 1 DAGs
[2026-08-27T07:22:39.856+0000] {logging_mixin.py:188} INFO - [2026-08-27T07:22:39.856+0000] {dag.py:3823} INFO - Setting next_dagrun for supermarket_etl_pipeline to None, run_after=None
[2026-08-27T07:22:39.880+0000] {processor.py:183} INFO - Processing /opt/airflow/dags/supermarket_etl_pipeline.py took 0.315 seconds
[2026-08-27T07:23:10.058+0000] {processor.py:161} INFO - Started process (PID=3773) to work on /opt/airflow/dags/supermarket_etl_pipeline.py
[2026-08-27T07:23:10.061+0000] {processor.py:830} INFO - Processing file /opt/airflow/dags/supermarket_etl_pipeline.py for tasks to queue
[2026-08-27T07:23:10.064+0000] {logging_mixin.py:188} INFO - [2026-08-27T07:23:10.064+0000] {dagbag.py:538} INFO - Filling up the DagBag from /opt/airflow/dags/supermarket_etl_pipeline.py
[2026-08-27T07:23:10.348+0000] {processor.py:840} INFO - DAG(s) 'supermarket_etl_pipeline' retrieved from /opt/airflow/dags/supermarket_etl_pipeline.py
[2026-08-27T07:23:10.374+0000] {logging_mixin.py:188} INFO - [2026-08-27T07:23:10.374+0000] {dag.py:3036} INFO - Sync 1 DAGs
[2026-08-27T07:23:10.387+0000] {logging_mixin.py:188} INFO - [2026-08-27T07:23:10.387+0000] {dag.py:3823} INFO - Setting next_dagrun for supermarket_etl_pipeline to None, run_after=None
[2026-08-27T07:23:10.408+0000] {processor.py:183} INFO - Processing /opt/airflow/dags/supermarket_etl_pipeline.py took 0.357 seconds
[2026-08-27T07:23:40.563+0000] {processor.py:161} INFO - Started process (PID=3779) to work on /opt/airflow/dags/supermarket_etl_pipeline.py
[2026-08-27T07:23:40.564+0000] {processor.py:830} INFO - Processing file /opt/airflow/dags/supermarket_etl_pipeline.py for tasks to queue
[2026-08-27T07:23:40.566+0000] {logging_mixin.py:188} INFO - [2026-08-27T07:23:40.566+0000] {dagbag.py:538} INFO - Filling up the DagBag from /opt/airflow/dags/supermarket_etl_pipeline.py
[2026-08-27T07:23:40.839+0000] {processor.py:840} INFO - DAG(s) 'supermarket_etl_pipeline' retrieved from /opt/airflow/dags/supermarket_etl_pipeline.py
[2026-08-27T07:23:40.870+0000] {logging_mixin.py:188} INFO - [2026-08-27T07:23:40.870+0000] {dag.py:3036} INFO - Sync 1 DAGs
[2026-08-27T07:23:40.882+0000] {logging_mixin.py:188} INFO - [2026-08-27T07:23:40.881+0000] {dag.py:3823} INFO - Setting next_dagrun for supermarket_etl_pipeline to None, run_after=None
[2026-08-27T07:23:40.904+0000] {processor.py:183} INFO - Processing /opt/airflow/dags/supermarket_etl_pipeline.py took 0.344 seconds
[2026-08-27T07:24:11.063+0000] {processor.py:161} INFO - Started process (PID=3785) to work on /opt/airflow/dags/supermarket_etl_pipeline.py
[2026-08-27T07:24:11.065+0000] {processor.py:830} INFO - Processing file /opt/airflow/dags/supermarket_etl_pipeline.py for tasks to queue
[2026-08-27T07:24:11.067+0000] {logging_mixin.py:188} INFO - [2026-08-27T07:24:11.067+0000] {dagbag.py:538} INFO - Filling up the DagBag from /opt/airflow/dags/supermarket_etl_pipeline.py
[2026-08-27T07:24:11.326+0000] {processor.py:840} INFO - DAG(s) 'supermarket_etl_pipeline' retrieved from /opt/airflow/dags/supermarket_etl_pipeline.py
[2026-08-27T07:24:11.350+0000] {logging_mixin.py:188} INFO - [2026-08-27T07:24:11.350+0000] {dag.py:3036} INFO - Sync 1 DAGs
[2026-08-27T07:24:11.362+0000] {logging_mixin.py:188} INFO - [2026-08-27T07:24:11.361+0000] {dag.py:3823} INFO - Setting next_dagrun for supermarket_etl_pipeline to None, run_after=None
[2026-08-27T07:24:11.385+0000] {processor.py:183} INFO - Processing /opt/airflow/dags/supermarket_etl_pipeline.py took 0.326 seconds
[2026-08-27T07:24:41.624+0000] {processor.py:161} INFO - Started process (PID=3791) to work on /opt/airflow/dags/supermarket_etl_pipeline.py
[2026-08-27T07:24:41.627+0000] {processor.py:830} INFO - Processing file /opt/airflow/dags/supermarket_etl_pipeline.py for tasks to queue
[2026-08-27T07:24:41.631+0000] {logging_mixin.py:188} INFO - [2026-08-27T07:24:41.630+0000] {dagbag.py:538} INFO - Filling up the DagBag from /opt/airflow/dags/supermarket_etl_pipeline.py
[2026-08-27T07:24:41.920+0000] {processor.py:840} INFO - DAG(s) 'supermarket_etl_pipeline' retrieved from /opt/airflow/dags/supermarket_etl_pipeline.py
[2026-08-27T07:24:41.946+0000] {logging_mixin.py:188} INFO - [2026-08-27T07:24:41.945+0000] {dag.py:3036} INFO - Sync 1 DAGs
[2026-08-27T07:24:41.957+0000] {logging_mixin.py:188} INFO - [2026-08-27T07:24:41.957+0000] {dag.py:3823} INFO - Setting next_dagrun for supermarket_etl_pipeline to None, run_after=None
[2026-08-27T07:24:41.980+0000] {processor.py:183} INFO - Processing /opt/airflow/dags/supermarket_etl_pipeline.py took 0.360 seconds
[2026-08-27T07:25:12.106+0000] {processor.py:161} INFO - Started process (PID=3797) to work on /opt/airflow/dags/supermarket_etl_pipeline.py
[2026-08-27T07:25:12.110+0000] {processor.py:830} INFO - Processing file /opt/airflow/dags/supermarket_etl_pipeline.py for tasks to queue
[2026-08-27T07:25:12.113+0000] {logging_mixin.py:188} INFO - [2026-08-27T07:25:12.113+0000] {dagbag.py:538} INFO - Filling up the DagBag from /opt/airflow/dags/supermarket_etl_pipeline.py
[2026-08-27T07:25:12.424+0000] {processor.py:840} INFO - DAG(s) 'supermarket_etl_pipeline' retrieved from /opt/airflow/dags/supermarket_etl_pipeline.py
[2026-08-27T07:25:12.462+0000] {logging_mixin.py:188} INFO - [2026-08-27T07:25:12.461+0000] {dag.py:3036} INFO - Sync 1 DAGs
[2026-08-27T07:25:12.474+0000] {logging_mixin.py:188} INFO - [2026-08-27T07:25:12.474+0000] {dag.py:3823} INFO - Setting next_dagrun for supermarket_etl_pipeline to None, run_after=None
[2026-08-27T07:25:12.500+0000] {processor.py:183} INFO - Processing /opt/airflow/dags/supermarket_etl_pipeline.py took 0.400 seconds
[2026-08-27T07:25:42.701+0000] {processor.py:161} INFO - Started process (PID=3803) to work on /opt/airflow/dags/supermarket_etl_pipeline.py
[2026-08-27T07:25:42.704+0000] {processor.py:830} INFO - Processing file /opt/airflow/dags/supermarket_etl_pipeline.py for tasks to queue
[2026-08-27T07:25:42.707+0000] {logging_mixin.py:188} INFO - [2026-08-27T07:25:42.707+0000] {dagbag.py:538} INFO - Filling up the DagBag from /opt/airflow/dags/supermarket_etl_pipeline.py
[2026-08-27T07:25:42.998+0000] {processor.py:840} INFO - DAG(s) 'supermarket_etl_pipeline' retrieved from /opt/airflow/dags/supermarket_etl_pipeline.py
[2026-08-27T07:25:43.025+0000] {logging_mixin.py:188} INFO - [2026-08-27T07:25:43.025+0000] {dag.py:3036} INFO - Sync 1 DAGs
[2026-08-27T07:25:43.039+0000] {logging_mixin.py:188} INFO - [2026-08-27T07:25:43.039+0000] {dag.py:3823} INFO - Setting next_dagrun for supermarket_etl_pipeline to None, run_after=None
[2026-08-27T07:25:43.068+0000] {processor.py:183} INFO - Processing /opt/airflow/dags/supermarket_etl_pipeline.py took 0.373 seconds
[2026-08-27T07:26:13.352+0000] {processor.py:161} INFO - Started process (PID=3809) to work on /opt/airflow/dags/supermarket_etl_pipeline.py
[2026-08-27T07:26:13.353+0000] {processor.py:830} INFO - Processing file /opt/airflow/dags/supermarket_etl_pipeline.py for tasks to queue
[2026-08-27T07:26:13.356+0000] {logging_mixin.py:188} INFO - [2026-08-27T07:26:13.355+0000] {dagbag.py:538} INFO - Filling up the DagBag from /opt/airflow/dags/supermarket_etl_pipeline.py
[2026-08-27T07:26:13.638+0000] {processor.py:840} INFO - DAG(s) 'supermarket_etl_pipeline' retrieved from /opt/airflow/dags/supermarket_etl_pipeline.py
[2026-08-27T07:26:13.665+0000] {logging_mixin.py:188} INFO - [2026-08-27T07:26:13.665+0000] {dag.py:3036} INFO - Sync 1 DAGs
[2026-08-27T07:26:13.680+0000] {logging_mixin.py:188} INFO - [2026-08-27T07:26:13.680+0000] {dag.py:3823} INFO - Setting next_dagrun for supermarket_etl_pipeline to None, run_after=None
[2026-08-27T07:26:13.711+0000] {processor.py:183} INFO - Processing /opt/airflow/dags/supermarket_etl_pipeline.py took 0.362 seconds
[2026-08-27T07:26:44.162+0000] {processor.py:161} INFO - Started process (PID=3815) to work on /opt/airflow/dags/supermarket_etl_pipeline.py
[2026-08-27T07:26:44.166+0000] {processor.py:830} INFO - Processing file /opt/airflow/dags/supermarket_etl_pipeline.py for tasks to queue
[2026-08-27T07:26:44.182+0000] {logging_mixin.py:188} INFO - [2026-08-27T07:26:44.181+0000] {dagbag.py:538} INFO - Filling up the DagBag from /opt/airflow/dags/supermarket_etl_pipeline.py
[2026-08-27T07:26:45.316+0000] {processor.py:840} INFO - DAG(s) 'supermarket_etl_pipeline' retrieved from /opt/airflow/dags/supermarket_etl_pipeline.py
[2026-08-27T07:26:45.397+0000] {logging_mixin.py:188} INFO - [2026-08-27T07:26:45.396+0000] {dag.py:3036} INFO - Sync 1 DAGs
[2026-08-27T07:26:45.451+0000] {logging_mixin.py:188} INFO - [2026-08-27T07:26:45.451+0000] {dag.py:3823} INFO - Setting next_dagrun for supermarket_etl_pipeline to None, run_after=None
[2026-08-27T07:26:45.553+0000] {processor.py:183} INFO - Processing /opt/airflow/dags/supermarket_etl_pipeline.py took 1.397 seconds
[2026-08-27T07:30:54.117+0000] {processor.py:161} INFO - Started process (PID=3822) to work on /opt/airflow/dags/supermarket_etl_pipeline.py
[2026-08-27T07:30:54.119+0000] {processor.py:830} INFO - Processing file /opt/airflow/dags/supermarket_etl_pipeline.py for tasks to queue
[2026-08-27T07:30:54.122+0000] {logging_mixin.py:188} INFO - [2026-08-27T07:30:54.121+0000] {dagbag.py:538} INFO - Filling up the DagBag from /opt/airflow/dags/supermarket_etl_pipeline.py
[2026-08-27T07:30:54.367+0000] {processor.py:840} INFO - DAG(s) 'supermarket_etl_pipeline' retrieved from /opt/airflow/dags/supermarket_etl_pipeline.py
[2026-08-27T07:30:54.396+0000] {logging_mixin.py:188} INFO - [2026-08-27T07:30:54.395+0000] {dag.py:3036} INFO - Sync 1 DAGs
[2026-08-27T07:30:54.408+0000] {logging_mixin.py:188} INFO - [2026-08-27T07:30:54.408+0000] {dag.py:3823} INFO - Setting next_dagrun for supermarket_etl_pipeline to None, run_after=None
[2026-08-27T07:30:54.429+0000] {processor.py:183} INFO - Processing /opt/airflow/dags/supermarket_etl_pipeline.py took 0.317 seconds
[2026-08-27T07:31:24.724+0000] {processor.py:161} INFO - Started process (PID=3829) to work on /opt/airflow/dags/supermarket_etl_pipeline.py
[2026-08-27T07:31:24.726+0000] {processor.py:830} INFO - Processing file /opt/airflow/dags/supermarket_etl_pipeline.py for tasks to queue
[2026-08-27T07:31:24.728+0000] {logging_mixin.py:188} INFO - [2026-08-27T07:31:24.728+0000] {dagbag.py:538} INFO - Filling up the DagBag from /opt/airflow/dags/supermarket_etl_pipeline.py
[2026-08-27T07:31:24.967+0000] {processor.py:840} INFO - DAG(s) 'supermarket_etl_pipeline' retrieved from /opt/airflow/dags/supermarket_etl_pipeline.py
[2026-08-27T07:31:24.994+0000] {logging_mixin.py:188} INFO - [2026-08-27T07:31:24.994+0000] {dag.py:3036} INFO - Sync 1 DAGs
[2026-08-27T07:31:25.006+0000] {logging_mixin.py:188} INFO - [2026-08-27T07:31:25.006+0000] {dag.py:3823} INFO - Setting next_dagrun for supermarket_etl_pipeline to None, run_after=None
[2026-08-27T07:31:25.027+0000] {processor.py:183} INFO - Processing /opt/airflow/dags/supermarket_etl_pipeline.py took 0.307 seconds
[2026-08-27T07:31:55.389+0000] {processor.py:161} INFO - Started process (PID=3835) to work on /opt/airflow/dags/supermarket_etl_pipeline.py
[2026-08-27T07:31:55.391+0000] {processor.py:830} INFO - Processing file /opt/airflow/dags/supermarket_etl_pipeline.py for tasks to queue
[2026-08-27T07:31:55.393+0000] {logging_mixin.py:188} INFO - [2026-08-27T07:31:55.392+0000] {dagbag.py:538} INFO - Filling up the DagBag from /opt/airflow/dags/supermarket_etl_pipeline.py
[2026-08-27T07:31:55.749+0000] {processor.py:840} INFO - DAG(s) 'supermarket_etl_pipeline' retrieved from /opt/airflow/dags/supermarket_etl_pipeline.py
[2026-08-27T07:31:55.775+0000] {logging_mixin.py:188} INFO - [2026-08-27T07:31:55.774+0000] {dag.py:3036} INFO - Sync 1 DAGs
[2026-08-27T07:31:55.785+0000] {logging_mixin.py:188} INFO - [2026-08-27T07:31:55.784+0000] {dag.py:3823} INFO - Setting next_dagrun for supermarket_etl_pipeline to None, run_after=None
[2026-08-27T07:31:55.804+0000] {processor.py:183} INFO - Processing /opt/airflow/dags/supermarket_etl_pipeline.py took 0.421 seconds
[2026-08-27T07:32:26.155+0000] {processor.py:161} INFO - Started process (PID=3841) to work on /opt/airflow/dags/supermarket_etl_pipeline.py
[2026-08-27T07:32:26.156+0000] {processor.py:830} INFO - Processing file /opt/airflow/dags/supermarket_etl_pipeline.py for tasks to queue
[2026-08-27T07:32:26.158+0000] {logging_mixin.py:188} INFO - [2026-08-27T07:32:26.157+0000] {dagbag.py:538} INFO - Filling up the DagBag from /opt/airflow/dags/supermarket_etl_pipeline.py
[2026-08-27T07:32:26.386+0000] {processor.py:840} INFO - DAG(s) 'supermarket_etl_pipeline' retrieved from /opt/airflow/dags/supermarket_etl_pipeline.py
[2026-08-27T07:32:26.407+0000] {logging_mixin.py:188} INFO - [2026-08-27T07:32:26.407+0000] {dag.py:3036} INFO - Sync 1 DAGs
[2026-08-27T07:32:26.419+0000] {logging_mixin.py:188} INFO - [2026-08-27T07:32:26.419+0000] {dag.py:3823} INFO - Setting next_dagrun for supermarket_etl_pipeline to None, run_after=None
[2026-08-27T07:32:26.438+0000] {processor.py:183} INFO - Processing /opt/airflow/dags/supermarket_etl_pipeline.py took 0.286 seconds
[2026-08-27T07:32:56.797+0000] {processor.py:161} INFO - Started process (PID=3847) to work on /opt/airflow/dags/supermarket_etl_pipeline.py
[2026-08-27T07:32:56.800+0000] {processor.py:830} INFO - Processing file /opt/airflow/dags/supermarket_etl_pipeline.py for tasks to queue
[2026-08-27T07:32:56.802+0000] {logging_mixin.py:188} INFO - [2026-08-27T07:32:56.801+0000] {dagbag.py:538} INFO - Filling up the DagBag from /opt/airflow/dags/supermarket_etl_pipeline.py
[2026-08-27T07:32:57.041+0000] {processor.py:840} INFO - DAG(s) 'supermarket_etl_pipeline' retrieved from /opt/airflow/dags/supermarket_etl_pipeline.py
[2026-08-27T07:32:57.062+0000] {logging_mixin.py:188} INFO - [2026-08-27T07:32:57.062+0000] {dag.py:3036} INFO - Sync 1 DAGs
[2026-08-27T07:32:57.072+0000] {logging_mixin.py:188} INFO - [2026-08-27T07:32:57.072+0000] {dag.py:3823} INFO - Setting next_dagrun for supermarket_etl_pipeline to None, run_after=None
[2026-08-27T07:32:57.093+0000] {processor.py:183} INFO - Processing /opt/airflow/dags/supermarket_etl_pipeline.py took 0.299 seconds
[2026-08-27T07:33:27.434+0000] {processor.py:161} INFO - Started process (PID=3853) to work on /opt/airflow/dags/supermarket_etl_pipeline.py
[2026-08-27T07:33:27.436+0000] {processor.py:830} INFO - Processing file /opt/airflow/dags/supermarket_etl_pipeline.py for tasks to queue
[2026-08-27T07:33:27.438+0000] {logging_mixin.py:188} INFO - [2026-08-27T07:33:27.438+0000] {dagbag.py:538} INFO - Filling up the DagBag from /opt/airflow/dags/supermarket_etl_pipeline.py
[2026-08-27T07:33:27.662+0000] {processor.py:840} INFO - DAG(s) 'supermarket_etl_pipeline' retrieved from /opt/airflow/dags/supermarket_etl_pipeline.py
[2026-08-27T07:33:27.687+0000] {logging_mixin.py:188} INFO - [2026-08-27T07:33:27.686+0000] {dag.py:3036} INFO - Sync 1 DAGs
[2026-08-27T07:33:27.701+0000] {logging_mixin.py:188} INFO - [2026-08-27T07:33:27.700+0000] {dag.py:3823} INFO - Setting next_dagrun for supermarket_etl_pipeline to None, run_after=None
[2026-08-27T07:33:27.723+0000] {processor.py:183} INFO - Processing /opt/airflow/dags/supermarket_etl_pipeline.py took 0.293 seconds
[2026-08-27T07:33:58.065+0000] {processor.py:161} INFO - Started process (PID=3859) to work on /opt/airflow/dags/supermarket_etl_pipeline.py
[2026-08-27T07:33:58.068+0000] {processor.py:830} INFO - Processing file /opt/airflow/dags/supermarket_etl_pipeline.py for tasks to queue
[2026-08-27T07:33:58.070+0000] {logging_mixin.py:188} INFO - [2026-08-27T07:33:58.069+0000] {dagbag.py:538} INFO - Filling up the DagBag from /opt/airflow/dags/supermarket_etl_pipeline.py
[2026-08-27T07:33:58.292+0000] {processor.py:840} INFO - DAG(s) 'supermarket_etl_pipeline' retrieved from /opt/airflow/dags/supermarket_etl_pipeline.py
[2026-08-27T07:33:58.313+0000] {logging_mixin.py:188} INFO - [2026-08-27T07:33:58.313+0000] {dag.py:3036} INFO - Sync 1 DAGs
[2026-08-27T07:33:58.324+0000] {logging_mixin.py:188} INFO - [2026-08-27T07:33:58.323+0000] {dag.py:3823} INFO - Setting next_dagrun for supermarket_etl_pipeline to None, run_after=None
[2026-08-27T07:33:58.344+0000] {processor.py:183} INFO - Processing /opt/airflow/dags/supermarket_etl_pipeline.py took 0.282 seconds
[2026-08-27T07:34:28.735+0000] {processor.py:161} INFO - Started process (PID=3865) to work on /opt/airflow/dags/supermarket_etl_pipeline.py
[2026-08-27T07:34:28.738+0000] {processor.py:830} INFO - Processing file /opt/airflow/dags/supermarket_etl_pipeline.py for tasks to queue
[2026-08-27T07:34:28.740+0000] {logging_mixin.py:188} INFO - [2026-08-27T07:34:28.740+0000] {dagbag.py:538} INFO - Filling up the DagBag from /opt/airflow/dags/supermarket_etl_pipeline.py
[2026-08-27T07:34:29.020+0000] {processor.py:840} INFO - DAG(s) 'supermarket_etl_pipeline' retrieved from /opt/airflow/dags/supermarket_etl_pipeline.py
[2026-08-27T07:34:29.049+0000] {logging_mixin.py:188} INFO - [2026-08-27T07:34:29.048+0000] {dag.py:3036} INFO - Sync 1 DAGs
[2026-08-27T07:34:29.062+0000] {logging_mixin.py:188} INFO - [2026-08-27T07:34:29.062+0000] {dag.py:3823} INFO - Setting next_dagrun for supermarket_etl_pipeline to None, run_after=None
[2026-08-27T07:34:29.088+0000] {processor.py:183} INFO - Processing /opt/airflow/dags/supermarket_etl_pipeline.py took 0.356 seconds
[2026-08-27T07:34:59.391+0000] {processor.py:161} INFO - Started process (PID=3871) to work on /opt/airflow/dags/supermarket_etl_pipeline.py
[2026-08-27T07:34:59.393+0000] {processor.py:830} INFO - Processing file /opt/airflow/dags/supermarket_etl_pipeline.py for tasks to queue
[2026-08-27T07:34:59.394+0000] {logging_mixin.py:188} INFO - [2026-08-27T07:34:59.394+0000] {dagbag.py:538} INFO - Filling up the DagBag from /opt/airflow/dags/supermarket_etl_pipeline.py
[2026-08-27T07:34:59.616+0000] {processor.py:840} INFO - DAG(s) 'supermarket_etl_pipeline' retrieved from /opt/airflow/dags/supermarket_etl_pipeline.py
[2026-08-27T07:34:59.638+0000] {logging_mixin.py:188} INFO - [2026-08-27T07:34:59.638+0000] {dag.py:3036} INFO - Sync 1 DAGs
[2026-08-27T07:34:59.649+0000] {logging_mixin.py:188} INFO - [2026-08-27T07:34:59.649+0000] {dag.py:3823} INFO - Setting next_dagrun for supermarket_etl_pipeline to None, run_after=None
[2026-08-27T07:34:59.670+0000] {processor.py:183} INFO - Processing /opt/airflow/dags/supermarket_etl_pipeline.py took 0.281 seconds
[2026-08-27T07:35:30.035+0000] {processor.py:161} INFO - Started process (PID=3877) to work on /opt/airflow/dags/supermarket_etl_pipeline.py
[2026-08-27T07:35:30.038+0000] {processor.py:830} INFO - Processing file /opt/airflow/dags/supermarket_etl_pipeline.py for tasks to queue
[2026-08-27T07:35:30.041+0000] {logging_mixin.py:188} INFO - [2026-08-27T07:35:30.041+0000] {dagbag.py:538} INFO - Filling up the DagBag from /opt/airflow/dags/supermarket_etl_pipeline.py
[2026-08-27T07:35:30.345+0000] {processor.py:840} INFO - DAG(s) 'supermarket_etl_pipeline' retrieved from /opt/airflow/dags/supermarket_etl_pipeline.py
[2026-08-27T07:35:30.375+0000] {logging_mixin.py:188} INFO - [2026-08-27T07:35:30.375+0000] {dag.py:3036} INFO - Sync 1 DAGs
[2026-08-27T07:35:30.388+0000] {logging_mixin.py:188} INFO - [2026-08-27T07:35:30.387+0000] {dag.py:3823} INFO - Setting next_dagrun for supermarket_etl_pipeline to None, run_after=None
[2026-08-27T07:35:30.410+0000] {processor.py:183} INFO - Processing /opt/airflow/dags/supermarket_etl_pipeline.py took 0.381 seconds
[2026-08-27T07:36:00.765+0000] {processor.py:161} INFO - Started process (PID=3883) to work on /opt/airflow/dags/supermarket_etl_pipeline.py
[2026-08-27T07:36:00.766+0000] {processor.py:830} INFO - Processing file /opt/airflow/dags/supermarket_etl_pipeline.py for tasks to queue
[2026-08-27T07:36:00.768+0000] {logging_mixin.py:188} INFO - [2026-08-27T07:36:00.768+0000] {dagbag.py:538} INFO - Filling up the DagBag from /opt/airflow/dags/supermarket_etl_pipeline.py
[2026-08-27T07:36:00.975+0000] {processor.py:840} INFO - DAG(s) 'supermarket_etl_pipeline' retrieved from /opt/airflow/dags/supermarket_etl_pipeline.py
[2026-08-27T07:36:00.996+0000] {logging_mixin.py:188} INFO - [2026-08-27T07:36:00.996+0000] {dag.py:3036} INFO - Sync 1 DAGs
[2026-08-27T07:36:01.008+0000] {logging_mixin.py:188} INFO - [2026-08-27T07:36:01.008+0000] {dag.py:3823} INFO - Setting next_dagrun for supermarket_etl_pipeline to None, run_after=None
[2026-08-27T07:36:01.029+0000] {processor.py:183} INFO - Processing /opt/airflow/dags/supermarket_etl_pipeline.py took 0.267 seconds
[2026-08-27T07:36:31.406+0000] {processor.py:161} INFO - Started process (PID=3889) to work on /opt/airflow/dags/supermarket_etl_pipeline.py
[2026-08-27T07:36:31.409+0000] {processor.py:830} INFO - Processing file /opt/airflow/dags/supermarket_etl_pipeline.py for tasks to queue
[2026-08-27T07:36:31.410+0000] {logging_mixin.py:188} INFO - [2026-08-27T07:36:31.410+0000] {dagbag.py:538} INFO - Filling up the DagBag from /opt/airflow/dags/supermarket_etl_pipeline.py
[2026-08-27T07:36:31.616+0000] {processor.py:840} INFO - DAG(s) 'supermarket_etl_pipeline' retrieved from /opt/airflow/dags/supermarket_etl_pipeline.py
[2026-08-27T07:36:31.636+0000] {logging_mixin.py:188} INFO - [2026-08-27T07:36:31.636+0000] {dag.py:3036} INFO - Sync 1 DAGs
[2026-08-27T07:36:31.646+0000] {logging_mixin.py:188} INFO - [2026-08-27T07:36:31.646+0000] {dag.py:3823} INFO - Setting next_dagrun for supermarket_etl_pipeline to None, run_after=None
[2026-08-27T07:36:31.667+0000] {processor.py:183} INFO - Processing /opt/airflow/dags/supermarket_etl_pipeline.py took 0.263 seconds
[2026-08-27T07:37:01.774+0000] {processor.py:161} INFO - Started process (PID=3895) to work on /opt/airflow/dags/supermarket_etl_pipeline.py
[2026-08-27T07:37:01.776+0000] {processor.py:830} INFO - Processing file /opt/airflow/dags/supermarket_etl_pipeline.py for tasks to queue
[2026-08-27T07:37:01.778+0000] {logging_mixin.py:188} INFO - [2026-08-27T07:37:01.778+0000] {dagbag.py:538} INFO - Filling up the DagBag from /opt/airflow/dags/supermarket_etl_pipeline.py
[2026-08-27T07:37:01.998+0000] {processor.py:840} INFO - DAG(s) 'supermarket_etl_pipeline' retrieved from /opt/airflow/dags/supermarket_etl_pipeline.py
[2026-08-27T07:37:02.020+0000] {logging_mixin.py:188} INFO - [2026-08-27T07:37:02.020+0000] {dag.py:3036} INFO - Sync 1 DAGs
[2026-08-27T07:37:02.030+0000] {logging_mixin.py:188} INFO - [2026-08-27T07:37:02.030+0000] {dag.py:3823} INFO - Setting next_dagrun for supermarket_etl_pipeline to None, run_after=None
[2026-08-27T07:37:02.047+0000] {processor.py:183} INFO - Processing /opt/airflow/dags/supermarket_etl_pipeline.py took 0.277 seconds
[2026-08-27T07:37:32.377+0000] {processor.py:161} INFO - Started process (PID=3901) to work on /opt/airflow/dags/supermarket_etl_pipeline.py
[2026-08-27T07:37:32.379+0000] {processor.py:830} INFO - Processing file /opt/airflow/dags/supermarket_etl_pipeline.py for tasks to queue
[2026-08-27T07:37:32.381+0000] {logging_mixin.py:188} INFO - [2026-08-27T07:37:32.381+0000] {dagbag.py:538} INFO - Filling up the DagBag from /opt/airflow/dags/supermarket_etl_pipeline.py
[2026-08-27T07:37:32.603+0000] {processor.py:840} INFO - DAG(s) 'supermarket_etl_pipeline' retrieved from /opt/airflow/dags/supermarket_etl_pipeline.py
[2026-08-27T07:37:32.622+0000] {logging_mixin.py:188} INFO - [2026-08-27T07:37:32.622+0000] {dag.py:3036} INFO - Sync 1 DAGs
[2026-08-27T07:37:32.635+0000] {logging_mixin.py:188} INFO - [2026-08-27T07:37:32.635+0000] {dag.py:3823} INFO - Setting next_dagrun for supermarket_etl_pipeline to None, run_after=None
[2026-08-27T07:37:32.659+0000] {processor.py:183} INFO - Processing /opt/airflow/dags/supermarket_etl_pipeline.py took 0.284 seconds
[2026-08-27T07:38:02.783+0000] {processor.py:161} INFO - Started process (PID=3907) to work on /opt/airflow/dags/supermarket_etl_pipeline.py
[2026-08-27T07:38:02.785+0000] {processor.py:830} INFO - Processing file /opt/airflow/dags/supermarket_etl_pipeline.py for tasks to queue
[2026-08-27T07:38:02.788+0000] {logging_mixin.py:188} INFO - [2026-08-27T07:38:02.787+0000] {dagbag.py:538} INFO - Filling up the DagBag from /opt/airflow/dags/supermarket_etl_pipeline.py
[2026-08-27T07:38:03.064+0000] {processor.py:840} INFO - DAG(s) 'supermarket_etl_pipeline' retrieved from /opt/airflow/dags/supermarket_etl_pipeline.py
[2026-08-27T07:38:03.093+0000] {logging_mixin.py:188} INFO - [2026-08-27T07:38:03.093+0000] {dag.py:3036} INFO - Sync 1 DAGs
[2026-08-27T07:38:03.105+0000] {logging_mixin.py:188} INFO - [2026-08-27T07:38:03.105+0000] {dag.py:3823} INFO - Setting next_dagrun for supermarket_etl_pipeline to None, run_after=None
[2026-08-27T07:38:03.130+0000] {processor.py:183} INFO - Processing /opt/airflow/dags/supermarket_etl_pipeline.py took 0.350 seconds
[2026-08-27T07:38:33.259+0000] {processor.py:161} INFO - Started process (PID=3913) to work on /opt/airflow/dags/supermarket_etl_pipeline.py
[2026-08-27T07:38:33.261+0000] {processor.py:830} INFO - Processing file /opt/airflow/dags/supermarket_etl_pipeline.py for tasks to queue
[2026-08-27T07:38:33.262+0000] {logging_mixin.py:188} INFO - [2026-08-27T07:38:33.262+0000] {dagbag.py:538} INFO - Filling up the DagBag from /opt/airflow/dags/supermarket_etl_pipeline.py
[2026-08-27T07:38:33.490+0000] {processor.py:840} INFO - DAG(s) 'supermarket_etl_pipeline' retrieved from /opt/airflow/dags/supermarket_etl_pipeline.py
[2026-08-27T07:38:33.513+0000] {logging_mixin.py:188} INFO - [2026-08-27T07:38:33.513+0000] {dag.py:3036} INFO - Sync 1 DAGs
[2026-08-27T07:38:33.524+0000] {logging_mixin.py:188} INFO - [2026-08-27T07:38:33.523+0000] {dag.py:3823} INFO - Setting next_dagrun for supermarket_etl_pipeline to None, run_after=None
[2026-08-27T07:38:33.544+0000] {processor.py:183} INFO - Processing /opt/airflow/dags/supermarket_etl_pipeline.py took 0.288 seconds
[2026-08-27T07:39:03.704+0000] {processor.py:161} INFO - Started process (PID=3919) to work on /opt/airflow/dags/supermarket_etl_pipeline.py
[2026-08-27T07:39:03.706+0000] {processor.py:830} INFO - Processing file /opt/airflow/dags/supermarket_etl_pipeline.py for tasks to queue
[2026-08-27T07:39:03.708+0000] {logging_mixin.py:188} INFO - [2026-08-27T07:39:03.708+0000] {dagbag.py:538} INFO - Filling up the DagBag from /opt/airflow/dags/supermarket_etl_pipeline.py
[2026-08-27T07:39:03.913+0000] {processor.py:840} INFO - DAG(s) 'supermarket_etl_pipeline' retrieved from /opt/airflow/dags/supermarket_etl_pipeline.py
[2026-08-27T07:39:03.932+0000] {logging_mixin.py:188} INFO - [2026-08-27T07:39:03.932+0000] {dag.py:3036} INFO - Sync 1 DAGs
[2026-08-27T07:39:03.943+0000] {logging_mixin.py:188} INFO - [2026-08-27T07:39:03.943+0000] {dag.py:3823} INFO - Setting next_dagrun for supermarket_etl_pipeline to None, run_after=None
[2026-08-27T07:39:03.962+0000] {processor.py:183} INFO - Processing /opt/airflow/dags/supermarket_etl_pipeline.py took 0.262 seconds
[2026-08-27T07:39:34.241+0000] {processor.py:161} INFO - Started process (PID=3925) to work on /opt/airflow/dags/supermarket_etl_pipeline.py
[2026-08-27T07:39:34.243+0000] {processor.py:830} INFO - Processing file /opt/airflow/dags/supermarket_etl_pipeline.py for tasks to queue
[2026-08-27T07:39:34.245+0000] {logging_mixin.py:188} INFO - [2026-08-27T07:39:34.245+0000] {dagbag.py:538} INFO - Filling up the DagBag from /opt/airflow/dags/supermarket_etl_pipeline.py
[2026-08-27T07:39:34.472+0000] {processor.py:840} INFO - DAG(s) 'supermarket_etl_pipeline' retrieved from /opt/airflow/dags/supermarket_etl_pipeline.py
[2026-08-27T07:39:34.494+0000] {logging_mixin.py:188} INFO - [2026-08-27T07:39:34.494+0000] {dag.py:3036} INFO - Sync 1 DAGs
[2026-08-27T07:39:34.504+0000] {logging_mixin.py:188} INFO - [2026-08-27T07:39:34.504+0000] {dag.py:3823} INFO - Setting next_dagrun for supermarket_etl_pipeline to None, run_after=None
[2026-08-27T07:39:34.525+0000] {processor.py:183} INFO - Processing /opt/airflow/dags/supermarket_etl_pipeline.py took 0.289 seconds
[2026-08-27T07:40:04.633+0000] {processor.py:161} INFO - Started process (PID=3931) to work on /opt/airflow/dags/supermarket_etl_pipeline.py
[2026-08-27T07:40:04.635+0000] {processor.py:830} INFO - Processing file /opt/airflow/dags/supermarket_etl_pipeline.py for tasks to queue
[2026-08-27T07:40:04.637+0000] {logging_mixin.py:188} INFO - [2026-08-27T07:40:04.637+0000] {dagbag.py:538} INFO - Filling up the DagBag from /opt/airflow/dags/supermarket_etl_pipeline.py
[2026-08-27T07:40:04.874+0000] {processor.py:840} INFO - DAG(s) 'supermarket_etl_pipeline' retrieved from /opt/airflow/dags/supermarket_etl_pipeline.py
[2026-08-27T07:40:04.896+0000] {logging_mixin.py:188} INFO - [2026-08-27T07:40:04.896+0000] {dag.py:3036} INFO - Sync 1 DAGs
[2026-08-27T07:40:04.906+0000] {logging_mixin.py:188} INFO - [2026-08-27T07:40:04.906+0000] {dag.py:3823} INFO - Setting next_dagrun for supermarket_etl_pipeline to None, run_after=None
[2026-08-27T07:40:04.927+0000] {processor.py:183} INFO - Processing /opt/airflow/dags/supermarket_etl_pipeline.py took 0.298 seconds
[2026-08-27T07:40:35.247+0000] {processor.py:161} INFO - Started process (PID=3937) to work on /opt/airflow/dags/supermarket_etl_pipeline.py
[2026-08-27T07:40:35.250+0000] {processor.py:830} INFO - Processing file /opt/airflow/dags/supermarket_etl_pipeline.py for tasks to queue
[2026-08-27T07:40:35.252+0000] {logging_mixin.py:188} INFO - [2026-08-27T07:40:35.252+0000] {dagbag.py:538} INFO - Filling up the DagBag from /opt/airflow/dags/supermarket_etl_pipeline.py
[2026-08-27T07:40:35.570+0000] {processor.py:840} INFO - DAG(s) 'supermarket_etl_pipeline' retrieved from /opt/airflow/dags/supermarket_etl_pipeline.py
[2026-08-27T07:40:35.604+0000] {logging_mixin.py:188} INFO - [2026-08-27T07:40:35.604+0000] {dag.py:3036} INFO - Sync 1 DAGs
[2026-08-27T07:40:35.616+0000] {logging_mixin.py:188} INFO - [2026-08-27T07:40:35.616+0000] {dag.py:3823} INFO - Setting next_dagrun for supermarket_etl_pipeline to None, run_after=None
[2026-08-27T07:40:35.639+0000] {processor.py:183} INFO - Processing /opt/airflow/dags/supermarket_etl_pipeline.py took 0.396 seconds
[2026-08-27T07:41:05.999+0000] {processor.py:161} INFO - Started process (PID=3943) to work on /opt/airflow/dags/supermarket_etl_pipeline.py
[2026-08-27T07:41:06.001+0000] {processor.py:830} INFO - Processing file /opt/airflow/dags/supermarket_etl_pipeline.py for tasks to queue
[2026-08-27T07:41:06.002+0000] {logging_mixin.py:188} INFO - [2026-08-27T07:41:06.002+0000] {dagbag.py:538} INFO - Filling up the DagBag from /opt/airflow/dags/supermarket_etl_pipeline.py
[2026-08-27T07:41:06.253+0000] {processor.py:840} INFO - DAG(s) 'supermarket_etl_pipeline' retrieved from /opt/airflow/dags/supermarket_etl_pipeline.py
[2026-08-27T07:41:06.282+0000] {logging_mixin.py:188} INFO - [2026-08-27T07:41:06.282+0000] {dag.py:3036} INFO - Sync 1 DAGs
[2026-08-27T07:41:06.296+0000] {logging_mixin.py:188} INFO - [2026-08-27T07:41:06.296+0000] {dag.py:3823} INFO - Setting next_dagrun for supermarket_etl_pipeline to None, run_after=None
[2026-08-27T07:41:06.325+0000] {processor.py:183} INFO - Processing /opt/airflow/dags/supermarket_etl_pipeline.py took 0.329 seconds
[2026-08-27T07:41:36.691+0000] {processor.py:161} INFO - Started process (PID=3949) to work on /opt/airflow/dags/supermarket_etl_pipeline.py
[2026-08-27T07:41:36.694+0000] {processor.py:830} INFO - Processing file /opt/airflow/dags/supermarket_etl_pipeline.py for tasks to queue
[2026-08-27T07:41:36.696+0000] {logging_mixin.py:188} INFO - [2026-08-27T07:41:36.696+0000] {dagbag.py:538} INFO - Filling up the DagBag from /opt/airflow/dags/supermarket_etl_pipeline.py
[2026-08-27T07:41:36.921+0000] {processor.py:840} INFO - DAG(s) 'supermarket_etl_pipeline' retrieved from /opt/airflow/dags/supermarket_etl_pipeline.py
[2026-08-27T07:41:36.942+0000] {logging_mixin.py:188} INFO - [2026-08-27T07:41:36.942+0000] {dag.py:3036} INFO - Sync 1 DAGs
[2026-08-27T07:41:36.954+0000] {logging_mixin.py:188} INFO - [2026-08-27T07:41:36.954+0000] {dag.py:3823} INFO - Setting next_dagrun for supermarket_etl_pipeline to None, run_after=None
[2026-08-27T07:41:36.992+0000] {processor.py:183} INFO - Processing /opt/airflow/dags/supermarket_etl_pipeline.py took 0.303 seconds
[2026-08-27T07:42:07.341+0000] {processor.py:161} INFO - Started process (PID=3955) to work on /opt/airflow/dags/supermarket_etl_pipeline.py
[2026-08-27T07:42:07.344+0000] {processor.py:830} INFO - Processing file /opt/airflow/dags/supermarket_etl_pipeline.py for tasks to queue
[2026-08-27T07:42:07.347+0000] {logging_mixin.py:188} INFO - [2026-08-27T07:42:07.346+0000] {dagbag.py:538} INFO - Filling up the DagBag from /opt/airflow/dags/supermarket_etl_pipeline.py
[2026-08-27T07:42:07.592+0000] {processor.py:840} INFO - DAG(s) 'supermarket_etl_pipeline' retrieved from /opt/airflow/dags/supermarket_etl_pipeline.py
[2026-08-27T07:42:07.617+0000] {logging_mixin.py:188} INFO - [2026-08-27T07:42:07.616+0000] {dag.py:3036} INFO - Sync 1 DAGs
[2026-08-27T07:42:07.627+0000] {logging_mixin.py:188} INFO - [2026-08-27T07:42:07.627+0000] {dag.py:3823} INFO - Setting next_dagrun for supermarket_etl_pipeline to None, run_after=None
[2026-08-27T07:42:07.648+0000] {processor.py:183} INFO - Processing /opt/airflow/dags/supermarket_etl_pipeline.py took 0.311 seconds
[2026-08-27T07:42:38.011+0000] {processor.py:161} INFO - Started process (PID=3961) to work on /opt/airflow/dags/supermarket_etl_pipeline.py
[2026-08-27T07:42:38.014+0000] {processor.py:830} INFO - Processing file /opt/airflow/dags/supermarket_etl_pipeline.py for tasks to queue
[2026-08-27T07:42:38.016+0000] {logging_mixin.py:188} INFO - [2026-08-27T07:42:38.016+0000] {dagbag.py:538} INFO - Filling up the DagBag from /opt/airflow/dags/supermarket_etl_pipeline.py
[2026-08-27T07:42:38.250+0000] {processor.py:840} INFO - DAG(s) 'supermarket_etl_pipeline' retrieved from /opt/airflow/dags/supermarket_etl_pipeline.py
[2026-08-27T07:42:38.271+0000] {logging_mixin.py:188} INFO - [2026-08-27T07:42:38.271+0000] {dag.py:3036} INFO - Sync 1 DAGs
[2026-08-27T07:42:38.282+0000] {logging_mixin.py:188} INFO - [2026-08-27T07:42:38.282+0000] {dag.py:3823} INFO - Setting next_dagrun for supermarket_etl_pipeline to None, run_after=None
[2026-08-27T07:42:38.302+0000] {processor.py:183} INFO - Processing /opt/airflow/dags/supermarket_etl_pipeline.py took 0.294 seconds
[2026-08-27T07:43:08.637+0000] {processor.py:161} INFO - Started process (PID=3967) to work on /opt/airflow/dags/supermarket_etl_pipeline.py
[2026-08-27T07:43:08.639+0000] {processor.py:830} INFO - Processing file /opt/airflow/dags/supermarket_etl_pipeline.py for tasks to queue
[2026-08-27T07:43:08.640+0000] {logging_mixin.py:188} INFO - [2026-08-27T07:43:08.640+0000] {dagbag.py:538} INFO - Filling up the DagBag from /opt/airflow/dags/supermarket_etl_pipeline.py
[2026-08-27T07:43:08.882+0000] {processor.py:840} INFO - DAG(s) 'supermarket_etl_pipeline' retrieved from /opt/airflow/dags/supermarket_etl_pipeline.py
[2026-08-27T07:43:08.907+0000] {logging_mixin.py:188} INFO - [2026-08-27T07:43:08.907+0000] {dag.py:3036} INFO - Sync 1 DAGs
[2026-08-27T07:43:08.919+0000] {logging_mixin.py:188} INFO - [2026-08-27T07:43:08.918+0000] {dag.py:3823} INFO - Setting next_dagrun for supermarket_etl_pipeline to None, run_after=None
[2026-08-27T07:43:08.936+0000] {processor.py:183} INFO - Processing /opt/airflow/dags/supermarket_etl_pipeline.py took 0.301 seconds
[2026-08-27T07:43:39.243+0000] {processor.py:161} INFO - Started process (PID=3973) to work on /opt/airflow/dags/supermarket_etl_pipeline.py
[2026-08-27T07:43:39.245+0000] {processor.py:830} INFO - Processing file /opt/airflow/dags/supermarket_etl_pipeline.py for tasks to queue
[2026-08-27T07:43:39.247+0000] {logging_mixin.py:188} INFO - [2026-08-27T07:43:39.246+0000] {dagbag.py:538} INFO - Filling up the DagBag from /opt/airflow/dags/supermarket_etl_pipeline.py
[2026-08-27T07:43:39.473+0000] {processor.py:840} INFO - DAG(s) 'supermarket_etl_pipeline' retrieved from /opt/airflow/dags/supermarket_etl_pipeline.py
[2026-08-27T07:43:39.497+0000] {logging_mixin.py:188} INFO - [2026-08-27T07:43:39.497+0000] {dag.py:3036} INFO - Sync 1 DAGs
[2026-08-27T07:43:39.508+0000] {logging_mixin.py:188} INFO - [2026-08-27T07:43:39.508+0000] {dag.py:3823} INFO - Setting next_dagrun for supermarket_etl_pipeline to None, run_after=None
[2026-08-27T07:43:39.526+0000] {processor.py:183} INFO - Processing /opt/airflow/dags/supermarket_etl_pipeline.py took 0.287 seconds
[2026-08-27T07:44:09.854+0000] {processor.py:161} INFO - Started process (PID=3979) to work on /opt/airflow/dags/supermarket_etl_pipeline.py
[2026-08-27T07:44:09.856+0000] {processor.py:830} INFO - Processing file /opt/airflow/dags/supermarket_etl_pipeline.py for tasks to queue
[2026-08-27T07:44:09.857+0000] {logging_mixin.py:188} INFO - [2026-08-27T07:44:09.857+0000] {dagbag.py:538} INFO - Filling up the DagBag from /opt/airflow/dags/supermarket_etl_pipeline.py
[2026-08-27T07:44:10.080+0000] {processor.py:840} INFO - DAG(s) 'supermarket_etl_pipeline' retrieved from /opt/airflow/dags/supermarket_etl_pipeline.py
[2026-08-27T07:44:10.103+0000] {logging_mixin.py:188} INFO - [2026-08-27T07:44:10.102+0000] {dag.py:3036} INFO - Sync 1 DAGs
[2026-08-27T07:44:10.113+0000] {logging_mixin.py:188} INFO - [2026-08-27T07:44:10.112+0000] {dag.py:3823} INFO - Setting next_dagrun for supermarket_etl_pipeline to None, run_after=None
[2026-08-27T07:44:10.132+0000] {processor.py:183} INFO - Processing /opt/airflow/dags/supermarket_etl_pipeline.py took 0.281 seconds
[2026-08-27T07:44:40.450+0000] {processor.py:161} INFO - Started process (PID=3985) to work on /opt/airflow/dags/supermarket_etl_pipeline.py
[2026-08-27T07:44:40.452+0000] {processor.py:830} INFO - Processing file /opt/airflow/dags/supermarket_etl_pipeline.py for tasks to queue
[2026-08-27T07:44:40.454+0000] {logging_mixin.py:188} INFO - [2026-08-27T07:44:40.453+0000] {dagbag.py:538} INFO - Filling up the DagBag from /opt/airflow/dags/supermarket_etl_pipeline.py
[2026-08-27T07:44:40.673+0000] {processor.py:840} INFO - DAG(s) 'supermarket_etl_pipeline' retrieved from /opt/airflow/dags/supermarket_etl_pipeline.py
[2026-08-27T07:44:40.694+0000] {logging_mixin.py:188} INFO - [2026-08-27T07:44:40.694+0000] {dag.py:3036} INFO - Sync 1 DAGs
[2026-08-27T07:44:40.704+0000] {logging_mixin.py:188} INFO - [2026-08-27T07:44:40.704+0000] {dag.py:3823} INFO - Setting next_dagrun for supermarket_etl_pipeline to None, run_after=None
[2026-08-27T07:44:40.723+0000] {processor.py:183} INFO - Processing /opt/airflow/dags/supermarket_etl_pipeline.py took 0.275 seconds
[2026-08-27T07:45:11.066+0000] {processor.py:161} INFO - Started process (PID=3991) to work on /opt/airflow/dags/supermarket_etl_pipeline.py
[2026-08-27T07:45:11.067+0000] {processor.py:830} INFO - Processing file /opt/airflow/dags/supermarket_etl_pipeline.py for tasks to queue
[2026-08-27T07:45:11.069+0000] {logging_mixin.py:188} INFO - [2026-08-27T07:45:11.069+0000] {dagbag.py:538} INFO - Filling up the DagBag from /opt/airflow/dags/supermarket_etl_pipeline.py
[2026-08-27T07:45:11.403+0000] {processor.py:840} INFO - DAG(s) 'supermarket_etl_pipeline' retrieved from /opt/airflow/dags/supermarket_etl_pipeline.py
[2026-08-27T07:45:11.431+0000] {logging_mixin.py:188} INFO - [2026-08-27T07:45:11.431+0000] {dag.py:3036} INFO - Sync 1 DAGs
[2026-08-27T07:45:11.444+0000] {logging_mixin.py:188} INFO - [2026-08-27T07:45:11.443+0000] {dag.py:3823} INFO - Setting next_dagrun for supermarket_etl_pipeline to None, run_after=None
[2026-08-27T07:45:11.467+0000] {processor.py:183} INFO - Processing /opt/airflow/dags/supermarket_etl_pipeline.py took 0.404 seconds
[2026-08-27T07:45:41.810+0000] {processor.py:161} INFO - Started process (PID=3997) to work on /opt/airflow/dags/supermarket_etl_pipeline.py
[2026-08-27T07:45:41.812+0000] {processor.py:830} INFO - Processing file /opt/airflow/dags/supermarket_etl_pipeline.py for tasks to queue
[2026-08-27T07:45:41.816+0000] {logging_mixin.py:188} INFO - [2026-08-27T07:45:41.815+0000] {dagbag.py:538} INFO - Filling up the DagBag from /opt/airflow/dags/supermarket_etl_pipeline.py
[2026-08-27T07:45:42.041+0000] {processor.py:840} INFO - DAG(s) 'supermarket_etl_pipeline' retrieved from /opt/airflow/dags/supermarket_etl_pipeline.py
[2026-08-27T07:45:42.065+0000] {logging_mixin.py:188} INFO - [2026-08-27T07:45:42.065+0000] {dag.py:3036} INFO - Sync 1 DAGs
[2026-08-27T07:45:42.075+0000] {logging_mixin.py:188} INFO - [2026-08-27T07:45:42.075+0000] {dag.py:3823} INFO - Setting next_dagrun for supermarket_etl_pipeline to None, run_after=None
[2026-08-27T07:45:42.093+0000] {processor.py:183} INFO - Processing /opt/airflow/dags/supermarket_etl_pipeline.py took 0.287 seconds
[2026-08-27T07:46:12.225+0000] {processor.py:161} INFO - Started process (PID=4003) to work on /opt/airflow/dags/supermarket_etl_pipeline.py
[2026-08-27T07:46:12.227+0000] {processor.py:830} INFO - Processing file /opt/airflow/dags/supermarket_etl_pipeline.py for tasks to queue
[2026-08-27T07:46:12.228+0000] {logging_mixin.py:188} INFO - [2026-08-27T07:46:12.228+0000] {dagbag.py:538} INFO - Filling up the DagBag from /opt/airflow/dags/supermarket_etl_pipeline.py
[2026-08-27T07:46:12.489+0000] {processor.py:840} INFO - DAG(s) 'supermarket_etl_pipeline' retrieved from /opt/airflow/dags/supermarket_etl_pipeline.py
[2026-08-27T07:46:12.510+0000] {logging_mixin.py:188} INFO - [2026-08-27T07:46:12.510+0000] {dag.py:3036} INFO - Sync 1 DAGs
[2026-08-27T07:46:12.519+0000] {logging_mixin.py:188} INFO - [2026-08-27T07:46:12.519+0000] {dag.py:3823} INFO - Setting next_dagrun for supermarket_etl_pipeline to None, run_after=None
[2026-08-27T07:46:12.539+0000] {processor.py:183} INFO - Processing /opt/airflow/dags/supermarket_etl_pipeline.py took 0.316 seconds
[2026-08-27T07:46:42.693+0000] {processor.py:161} INFO - Started process (PID=4009) to work on /opt/airflow/dags/supermarket_etl_pipeline.py
[2026-08-27T07:46:42.695+0000] {processor.py:830} INFO - Processing file /opt/airflow/dags/supermarket_etl_pipeline.py for tasks to queue
[2026-08-27T07:46:42.698+0000] {logging_mixin.py:188} INFO - [2026-08-27T07:46:42.697+0000] {dagbag.py:538} INFO - Filling up the DagBag from /opt/airflow/dags/supermarket_etl_pipeline.py
[2026-08-27T07:46:42.990+0000] {processor.py:840} INFO - DAG(s) 'supermarket_etl_pipeline' retrieved from /opt/airflow/dags/supermarket_etl_pipeline.py
[2026-08-27T07:46:43.022+0000] {logging_mixin.py:188} INFO - [2026-08-27T07:46:43.021+0000] {dag.py:3036} INFO - Sync 1 DAGs
[2026-08-27T07:46:43.035+0000] {logging_mixin.py:188} INFO - [2026-08-27T07:46:43.034+0000] {dag.py:3823} INFO - Setting next_dagrun for supermarket_etl_pipeline to None, run_after=None
[2026-08-27T07:46:43.057+0000] {processor.py:183} INFO - Processing /opt/airflow/dags/supermarket_etl_pipeline.py took 0.369 seconds
[2026-08-27T07:47:13.248+0000] {processor.py:161} INFO - Started process (PID=4015) to work on /opt/airflow/dags/supermarket_etl_pipeline.py
[2026-08-27T07:47:13.252+0000] {processor.py:830} INFO - Processing file /opt/airflow/dags/supermarket_etl_pipeline.py for tasks to queue
[2026-08-27T07:47:13.256+0000] {logging_mixin.py:188} INFO - [2026-08-27T07:47:13.255+0000] {dagbag.py:538} INFO - Filling up the DagBag from /opt/airflow/dags/supermarket_etl_pipeline.py
[2026-08-27T07:47:13.563+0000] {processor.py:840} INFO - DAG(s) 'supermarket_etl_pipeline' retrieved from /opt/airflow/dags/supermarket_etl_pipeline.py
[2026-08-27T07:47:13.588+0000] {logging_mixin.py:188} INFO - [2026-08-27T07:47:13.588+0000] {dag.py:3036} INFO - Sync 1 DAGs
[2026-08-27T07:47:13.602+0000] {logging_mixin.py:188} INFO - [2026-08-27T07:47:13.601+0000] {dag.py:3823} INFO - Setting next_dagrun for supermarket_etl_pipeline to None, run_after=None
[2026-08-27T07:47:13.625+0000] {processor.py:183} INFO - Processing /opt/airflow/dags/supermarket_etl_pipeline.py took 0.385 seconds
[2026-08-27T07:47:44.038+0000] {processor.py:161} INFO - Started process (PID=4021) to work on /opt/airflow/dags/supermarket_etl_pipeline.py
[2026-08-27T07:47:44.041+0000] {processor.py:830} INFO - Processing file /opt/airflow/dags/supermarket_etl_pipeline.py for tasks to queue
[2026-08-27T07:47:44.043+0000] {logging_mixin.py:188} INFO - [2026-08-27T07:47:44.043+0000] {dagbag.py:538} INFO - Filling up the DagBag from /opt/airflow/dags/supermarket_etl_pipeline.py
[2026-08-27T07:47:44.327+0000] {processor.py:840} INFO - DAG(s) 'supermarket_etl_pipeline' retrieved from /opt/airflow/dags/supermarket_etl_pipeline.py
[2026-08-27T07:47:44.353+0000] {logging_mixin.py:188} INFO - [2026-08-27T07:47:44.353+0000] {dag.py:3036} INFO - Sync 1 DAGs
[2026-08-27T07:47:44.365+0000] {logging_mixin.py:188} INFO - [2026-08-27T07:47:44.365+0000] {dag.py:3823} INFO - Setting next_dagrun for supermarket_etl_pipeline to None, run_after=None
[2026-08-27T07:47:44.386+0000] {processor.py:183} INFO - Processing /opt/airflow/dags/supermarket_etl_pipeline.py took 0.351 seconds
[2026-08-27T07:48:14.773+0000] {processor.py:161} INFO - Started process (PID=4027) to work on /opt/airflow/dags/supermarket_etl_pipeline.py
[2026-08-27T07:48:14.775+0000] {processor.py:830} INFO - Processing file /opt/airflow/dags/supermarket_etl_pipeline.py for tasks to queue
[2026-08-27T07:48:14.779+0000] {logging_mixin.py:188} INFO - [2026-08-27T07:48:14.779+0000] {dagbag.py:538} INFO - Filling up the DagBag from /opt/airflow/dags/supermarket_etl_pipeline.py
[2026-08-27T07:48:15.066+0000] {processor.py:840} INFO - DAG(s) 'supermarket_etl_pipeline' retrieved from /opt/airflow/dags/supermarket_etl_pipeline.py
[2026-08-27T07:48:15.095+0000] {logging_mixin.py:188} INFO - [2026-08-27T07:48:15.095+0000] {dag.py:3036} INFO - Sync 1 DAGs
[2026-08-27T07:48:15.108+0000] {logging_mixin.py:188} INFO - [2026-08-27T07:48:15.108+0000] {dag.py:3823} INFO - Setting next_dagrun for supermarket_etl_pipeline to None, run_after=None
[2026-08-27T07:48:15.131+0000] {processor.py:183} INFO - Processing /opt/airflow/dags/supermarket_etl_pipeline.py took 0.362 seconds
[2026-08-27T07:48:45.488+0000] {processor.py:161} INFO - Started process (PID=4033) to work on /opt/airflow/dags/supermarket_etl_pipeline.py
[2026-08-27T07:48:45.490+0000] {processor.py:830} INFO - Processing file /opt/airflow/dags/supermarket_etl_pipeline.py for tasks to queue
[2026-08-27T07:48:45.494+0000] {logging_mixin.py:188} INFO - [2026-08-27T07:48:45.494+0000] {dagbag.py:538} INFO - Filling up the DagBag from /opt/airflow/dags/supermarket_etl_pipeline.py
[2026-08-27T07:48:45.784+0000] {processor.py:840} INFO - DAG(s) 'supermarket_etl_pipeline' retrieved from /opt/airflow/dags/supermarket_etl_pipeline.py
[2026-08-27T07:48:45.811+0000] {logging_mixin.py:188} INFO - [2026-08-27T07:48:45.810+0000] {dag.py:3036} INFO - Sync 1 DAGs
[2026-08-27T07:48:45.823+0000] {logging_mixin.py:188} INFO - [2026-08-27T07:48:45.823+0000] {dag.py:3823} INFO - Setting next_dagrun for supermarket_etl_pipeline to None, run_after=None
[2026-08-27T07:48:45.848+0000] {processor.py:183} INFO - Processing /opt/airflow/dags/supermarket_etl_pipeline.py took 0.363 seconds
[2026-08-27T07:49:16.198+0000] {processor.py:161} INFO - Started process (PID=4039) to work on /opt/airflow/dags/supermarket_etl_pipeline.py
[2026-08-27T07:49:16.201+0000] {processor.py:830} INFO - Processing file /opt/airflow/dags/supermarket_etl_pipeline.py for tasks to queue
[2026-08-27T07:49:16.203+0000] {logging_mixin.py:188} INFO - [2026-08-27T07:49:16.203+0000] {dagbag.py:538} INFO - Filling up the DagBag from /opt/airflow/dags/supermarket_etl_pipeline.py
[2026-08-27T07:49:16.461+0000] {processor.py:840} INFO - DAG(s) 'supermarket_etl_pipeline' retrieved from /opt/airflow/dags/supermarket_etl_pipeline.py
[2026-08-27T07:49:16.486+0000] {logging_mixin.py:188} INFO - [2026-08-27T07:49:16.486+0000] {dag.py:3036} INFO - Sync 1 DAGs
[2026-08-27T07:49:16.500+0000] {logging_mixin.py:188} INFO - [2026-08-27T07:49:16.499+0000] {dag.py:3823} INFO - Setting next_dagrun for supermarket_etl_pipeline to None, run_after=None
[2026-08-27T07:49:16.528+0000] {processor.py:183} INFO - Processing /opt/airflow/dags/supermarket_etl_pipeline.py took 0.332 seconds
[2026-08-27T07:49:46.910+0000] {processor.py:161} INFO - Started process (PID=4045) to work on /opt/airflow/dags/supermarket_etl_pipeline.py
[2026-08-27T07:49:46.912+0000] {processor.py:830} INFO - Processing file /opt/airflow/dags/supermarket_etl_pipeline.py for tasks to queue
[2026-08-27T07:49:46.915+0000] {logging_mixin.py:188} INFO - [2026-08-27T07:49:46.914+0000] {dagbag.py:538} INFO - Filling up the DagBag from /opt/airflow/dags/supermarket_etl_pipeline.py
[2026-08-27T07:49:47.194+0000] {processor.py:840} INFO - DAG(s) 'supermarket_etl_pipeline' retrieved from /opt/airflow/dags/supermarket_etl_pipeline.py
[2026-08-27T07:49:47.221+0000] {logging_mixin.py:188} INFO - [2026-08-27T07:49:47.221+0000] {dag.py:3036} INFO - Sync 1 DAGs
[2026-08-27T07:49:47.234+0000] {logging_mixin.py:188} INFO - [2026-08-27T07:49:47.233+0000] {dag.py:3823} INFO - Setting next_dagrun for supermarket_etl_pipeline to None, run_after=None
[2026-08-27T07:49:47.256+0000] {processor.py:183} INFO - Processing /opt/airflow/dags/supermarket_etl_pipeline.py took 0.351 seconds
[2026-08-27T07:50:17.645+0000] {processor.py:161} INFO - Started process (PID=4051) to work on /opt/airflow/dags/supermarket_etl_pipeline.py
[2026-08-27T07:50:17.647+0000] {processor.py:830} INFO - Processing file /opt/airflow/dags/supermarket_etl_pipeline.py for tasks to queue
[2026-08-27T07:50:17.648+0000] {logging_mixin.py:188} INFO - [2026-08-27T07:50:17.648+0000] {dagbag.py:538} INFO - Filling up the DagBag from /opt/airflow/dags/supermarket_etl_pipeline.py
[2026-08-27T07:50:17.883+0000] {processor.py:840} INFO - DAG(s) 'supermarket_etl_pipeline' retrieved from /opt/airflow/dags/supermarket_etl_pipeline.py
[2026-08-27T07:50:17.909+0000] {logging_mixin.py:188} INFO - [2026-08-27T07:50:17.909+0000] {dag.py:3036} INFO - Sync 1 DAGs
[2026-08-27T07:50:17.921+0000] {logging_mixin.py:188} INFO - [2026-08-27T07:50:17.920+0000] {dag.py:3823} INFO - Setting next_dagrun for supermarket_etl_pipeline to None, run_after=None
[2026-08-27T07:50:17.945+0000] {processor.py:183} INFO - Processing /opt/airflow/dags/supermarket_etl_pipeline.py took 0.302 seconds
[2026-08-27T07:50:48.258+0000] {processor.py:161} INFO - Started process (PID=4057) to work on /opt/airflow/dags/supermarket_etl_pipeline.py
[2026-08-27T07:50:48.259+0000] {processor.py:830} INFO - Processing file /opt/airflow/dags/supermarket_etl_pipeline.py for tasks to queue
[2026-08-27T07:50:48.261+0000] {logging_mixin.py:188} INFO - [2026-08-27T07:50:48.261+0000] {dagbag.py:538} INFO - Filling up the DagBag from /opt/airflow/dags/supermarket_etl_pipeline.py
[2026-08-27T07:50:48.475+0000] {processor.py:840} INFO - DAG(s) 'supermarket_etl_pipeline' retrieved from /opt/airflow/dags/supermarket_etl_pipeline.py
[2026-08-27T07:50:48.500+0000] {logging_mixin.py:188} INFO - [2026-08-27T07:50:48.500+0000] {dag.py:3036} INFO - Sync 1 DAGs
[2026-08-27T07:50:48.513+0000] {logging_mixin.py:188} INFO - [2026-08-27T07:50:48.512+0000] {dag.py:3823} INFO - Setting next_dagrun for supermarket_etl_pipeline to None, run_after=None
[2026-08-27T07:50:48.542+0000] {processor.py:183} INFO - Processing /opt/airflow/dags/supermarket_etl_pipeline.py took 0.287 seconds
[2026-08-27T07:51:18.687+0000] {processor.py:161} INFO - Started process (PID=4063) to work on /opt/airflow/dags/supermarket_etl_pipeline.py
[2026-08-27T07:51:18.689+0000] {processor.py:830} INFO - Processing file /opt/airflow/dags/supermarket_etl_pipeline.py for tasks to queue
[2026-08-27T07:51:18.691+0000] {logging_mixin.py:188} INFO - [2026-08-27T07:51:18.691+0000] {dagbag.py:538} INFO - Filling up the DagBag from /opt/airflow/dags/supermarket_etl_pipeline.py
[2026-08-27T07:51:18.946+0000] {processor.py:840} INFO - DAG(s) 'supermarket_etl_pipeline' retrieved from /opt/airflow/dags/supermarket_etl_pipeline.py
[2026-08-27T07:51:18.970+0000] {logging_mixin.py:188} INFO - [2026-08-27T07:51:18.970+0000] {dag.py:3036} INFO - Sync 1 DAGs
[2026-08-27T07:51:18.982+0000] {logging_mixin.py:188} INFO - [2026-08-27T07:51:18.982+0000] {dag.py:3823} INFO - Setting next_dagrun for supermarket_etl_pipeline to None, run_after=None
[2026-08-27T07:51:19.003+0000] {processor.py:183} INFO - Processing /opt/airflow/dags/supermarket_etl_pipeline.py took 0.320 seconds
[2026-08-27T07:51:49.190+0000] {processor.py:161} INFO - Started process (PID=4069) to work on /opt/airflow/dags/supermarket_etl_pipeline.py
[2026-08-27T07:51:49.191+0000] {processor.py:830} INFO - Processing file /opt/airflow/dags/supermarket_etl_pipeline.py for tasks to queue
[2026-08-27T07:51:49.193+0000] {logging_mixin.py:188} INFO - [2026-08-27T07:51:49.193+0000] {dagbag.py:538} INFO - Filling up the DagBag from /opt/airflow/dags/supermarket_etl_pipeline.py
[2026-08-27T07:51:49.396+0000] {processor.py:840} INFO - DAG(s) 'supermarket_etl_pipeline' retrieved from /opt/airflow/dags/supermarket_etl_pipeline.py
[2026-08-27T07:51:49.419+0000] {logging_mixin.py:188} INFO - [2026-08-27T07:51:49.419+0000] {dag.py:3036} INFO - Sync 1 DAGs
[2026-08-27T07:51:49.434+0000] {logging_mixin.py:188} INFO - [2026-08-27T07:51:49.434+0000] {dag.py:3823} INFO - Setting next_dagrun for supermarket_etl_pipeline to None, run_after=None
[2026-08-27T07:51:49.457+0000] {processor.py:183} INFO - Processing /opt/airflow/dags/supermarket_etl_pipeline.py took 0.270 seconds
[2026-08-27T07:52:19.756+0000] {processor.py:161} INFO - Started process (PID=4075) to work on /opt/airflow/dags/supermarket_etl_pipeline.py
[2026-08-27T07:52:19.758+0000] {processor.py:830} INFO - Processing file /opt/airflow/dags/supermarket_etl_pipeline.py for tasks to queue
[2026-08-27T07:52:19.760+0000] {logging_mixin.py:188} INFO - [2026-08-27T07:52:19.760+0000] {dagbag.py:538} INFO - Filling up the DagBag from /opt/airflow/dags/supermarket_etl_pipeline.py
[2026-08-27T07:52:20.000+0000] {processor.py:840} INFO - DAG(s) 'supermarket_etl_pipeline' retrieved from /opt/airflow/dags/supermarket_etl_pipeline.py
[2026-08-27T07:52:20.023+0000] {logging_mixin.py:188} INFO - [2026-08-27T07:52:20.023+0000] {dag.py:3036} INFO - Sync 1 DAGs
[2026-08-27T07:52:20.033+0000] {logging_mixin.py:188} INFO - [2026-08-27T07:52:20.033+0000] {dag.py:3823} INFO - Setting next_dagrun for supermarket_etl_pipeline to None, run_after=None
[2026-08-27T07:52:20.055+0000] {processor.py:183} INFO - Processing /opt/airflow/dags/supermarket_etl_pipeline.py took 0.301 seconds
[2026-08-27T07:52:50.418+0000] {processor.py:161} INFO - Started process (PID=4081) to work on /opt/airflow/dags/supermarket_etl_pipeline.py
[2026-08-27T07:52:50.420+0000] {processor.py:830} INFO - Processing file /opt/airflow/dags/supermarket_etl_pipeline.py for tasks to queue
[2026-08-27T07:52:50.422+0000] {logging_mixin.py:188} INFO - [2026-08-27T07:52:50.422+0000] {dagbag.py:538} INFO - Filling up the DagBag from /opt/airflow/dags/supermarket_etl_pipeline.py
[2026-08-27T07:52:50.657+0000] {processor.py:840} INFO - DAG(s) 'supermarket_etl_pipeline' retrieved from /opt/airflow/dags/supermarket_etl_pipeline.py
[2026-08-27T07:52:50.679+0000] {logging_mixin.py:188} INFO - [2026-08-27T07:52:50.679+0000] {dag.py:3036} INFO - Sync 1 DAGs
[2026-08-27T07:52:50.691+0000] {logging_mixin.py:188} INFO - [2026-08-27T07:52:50.691+0000] {dag.py:3823} INFO - Setting next_dagrun for supermarket_etl_pipeline to None, run_after=None
[2026-08-27T07:52:50.712+0000] {processor.py:183} INFO - Processing /opt/airflow/dags/supermarket_etl_pipeline.py took 0.297 seconds
[2026-08-27T07:53:21.109+0000] {processor.py:161} INFO - Started process (PID=4087) to work on /opt/airflow/dags/supermarket_etl_pipeline.py
[2026-08-27T07:53:21.139+0000] {processor.py:830} INFO - Processing file /opt/airflow/dags/supermarket_etl_pipeline.py for tasks to queue
[2026-08-27T07:53:21.142+0000] {logging_mixin.py:188} INFO - [2026-08-27T07:53:21.141+0000] {dagbag.py:538} INFO - Filling up the DagBag from /opt/airflow/dags/supermarket_etl_pipeline.py
[2026-08-27T07:53:21.366+0000] {processor.py:840} INFO - DAG(s) 'supermarket_etl_pipeline' retrieved from /opt/airflow/dags/supermarket_etl_pipeline.py
[2026-08-27T07:53:21.395+0000] {logging_mixin.py:188} INFO - [2026-08-27T07:53:21.394+0000] {dag.py:3036} INFO - Sync 1 DAGs
[2026-08-27T07:53:21.406+0000] {logging_mixin.py:188} INFO - [2026-08-27T07:53:21.406+0000] {dag.py:3823} INFO - Setting next_dagrun for supermarket_etl_pipeline to None, run_after=None
[2026-08-27T07:53:21.425+0000] {processor.py:183} INFO - Processing /opt/airflow/dags/supermarket_etl_pipeline.py took 0.320 seconds
[2026-08-27T07:53:51.760+0000] {processor.py:161} INFO - Started process (PID=4093) to work on /opt/airflow/dags/supermarket_etl_pipeline.py
[2026-08-27T07:53:51.762+0000] {processor.py:830} INFO - Processing file /opt/airflow/dags/supermarket_etl_pipeline.py for tasks to queue
[2026-08-27T07:53:51.764+0000] {logging_mixin.py:188} INFO - [2026-08-27T07:53:51.764+0000] {dagbag.py:538} INFO - Filling up the DagBag from /opt/airflow/dags/supermarket_etl_pipeline.py
[2026-08-27T07:53:51.980+0000] {processor.py:840} INFO - DAG(s) 'supermarket_etl_pipeline' retrieved from /opt/airflow/dags/supermarket_etl_pipeline.py
[2026-08-27T07:53:52.001+0000] {logging_mixin.py:188} INFO - [2026-08-27T07:53:52.000+0000] {dag.py:3036} INFO - Sync 1 DAGs
[2026-08-27T07:53:52.010+0000] {logging_mixin.py:188} INFO - [2026-08-27T07:53:52.010+0000] {dag.py:3823} INFO - Setting next_dagrun for supermarket_etl_pipeline to None, run_after=None
[2026-08-27T07:53:52.028+0000] {processor.py:183} INFO - Processing /opt/airflow/dags/supermarket_etl_pipeline.py took 0.271 seconds
[2026-08-27T07:54:22.342+0000] {processor.py:161} INFO - Started process (PID=4099) to work on /opt/airflow/dags/supermarket_etl_pipeline.py
[2026-08-27T07:54:22.345+0000] {processor.py:830} INFO - Processing file /opt/airflow/dags/supermarket_etl_pipeline.py for tasks to queue
[2026-08-27T07:54:22.346+0000] {logging_mixin.py:188} INFO - [2026-08-27T07:54:22.346+0000] {dagbag.py:538} INFO - Filling up the DagBag from /opt/airflow/dags/supermarket_etl_pipeline.py
[2026-08-27T07:54:22.552+0000] {processor.py:840} INFO - DAG(s) 'supermarket_etl_pipeline' retrieved from /opt/airflow/dags/supermarket_etl_pipeline.py
[2026-08-27T07:54:22.572+0000] {logging_mixin.py:188} INFO - [2026-08-27T07:54:22.572+0000] {dag.py:3036} INFO - Sync 1 DAGs
[2026-08-27T07:54:22.581+0000] {logging_mixin.py:188} INFO - [2026-08-27T07:54:22.581+0000] {dag.py:3823} INFO - Setting next_dagrun for supermarket_etl_pipeline to None, run_after=None
[2026-08-27T07:54:22.600+0000] {processor.py:183} INFO - Processing /opt/airflow/dags/supermarket_etl_pipeline.py took 0.260 seconds
[2026-08-27T07:54:52.695+0000] {processor.py:161} INFO - Started process (PID=4105) to work on /opt/airflow/dags/supermarket_etl_pipeline.py
[2026-08-27T07:54:52.697+0000] {processor.py:830} INFO - Processing file /opt/airflow/dags/supermarket_etl_pipeline.py for tasks to queue
[2026-08-27T07:54:52.699+0000] {logging_mixin.py:188} INFO - [2026-08-27T07:54:52.699+0000] {dagbag.py:538} INFO - Filling up the DagBag from /opt/airflow/dags/supermarket_etl_pipeline.py
[2026-08-27T07:54:52.920+0000] {processor.py:840} INFO - DAG(s) 'supermarket_etl_pipeline' retrieved from /opt/airflow/dags/supermarket_etl_pipeline.py
[2026-08-27T07:54:52.939+0000] {logging_mixin.py:188} INFO - [2026-08-27T07:54:52.939+0000] {dag.py:3036} INFO - Sync 1 DAGs
[2026-08-27T07:54:52.949+0000] {logging_mixin.py:188} INFO - [2026-08-27T07:54:52.949+0000] {dag.py:3823} INFO - Setting next_dagrun for supermarket_etl_pipeline to None, run_after=None
[2026-08-27T07:54:52.970+0000] {processor.py:183} INFO - Processing /opt/airflow/dags/supermarket_etl_pipeline.py took 0.280 seconds
[2026-08-27T07:55:23.278+0000] {processor.py:161} INFO - Started process (PID=4111) to work on /opt/airflow/dags/supermarket_etl_pipeline.py
[2026-08-27T07:55:23.281+0000] {processor.py:830} INFO - Processing file /opt/airflow/dags/supermarket_etl_pipeline.py for tasks to queue
[2026-08-27T07:55:23.283+0000] {logging_mixin.py:188} INFO - [2026-08-27T07:55:23.282+0000] {dagbag.py:538} INFO - Filling up the DagBag from /opt/airflow/dags/supermarket_etl_pipeline.py
[2026-08-27T07:55:23.514+0000] {processor.py:840} INFO - DAG(s) 'supermarket_etl_pipeline' retrieved from /opt/airflow/dags/supermarket_etl_pipeline.py
[2026-08-27T07:55:23.534+0000] {logging_mixin.py:188} INFO - [2026-08-27T07:55:23.534+0000] {dag.py:3036} INFO - Sync 1 DAGs
[2026-08-27T07:55:23.543+0000] {logging_mixin.py:188} INFO - [2026-08-27T07:55:23.543+0000] {dag.py:3823} INFO - Setting next_dagrun for supermarket_etl_pipeline to None, run_after=None
[2026-08-27T07:55:23.564+0000] {processor.py:183} INFO - Processing /opt/airflow/dags/supermarket_etl_pipeline.py took 0.289 seconds
[2026-08-27T07:55:53.892+0000] {processor.py:161} INFO - Started process (PID=4117) to work on /opt/airflow/dags/supermarket_etl_pipeline.py
[2026-08-27T07:55:53.894+0000] {processor.py:830} INFO - Processing file /opt/airflow/dags/supermarket_etl_pipeline.py for tasks to queue
[2026-08-27T07:55:53.896+0000] {logging_mixin.py:188} INFO - [2026-08-27T07:55:53.896+0000] {dagbag.py:538} INFO - Filling up the DagBag from /opt/airflow/dags/supermarket_etl_pipeline.py
[2026-08-27T07:55:54.128+0000] {processor.py:840} INFO - DAG(s) 'supermarket_etl_pipeline' retrieved from /opt/airflow/dags/supermarket_etl_pipeline.py
[2026-08-27T07:55:54.163+0000] {logging_mixin.py:188} INFO - [2026-08-27T07:55:54.163+0000] {dag.py:3036} INFO - Sync 1 DAGs
[2026-08-27T07:55:54.179+0000] {logging_mixin.py:188} INFO - [2026-08-27T07:55:54.179+0000] {dag.py:3823} INFO - Setting next_dagrun for supermarket_etl_pipeline to None, run_after=None
[2026-08-27T07:55:54.218+0000] {processor.py:183} INFO - Processing /opt/airflow/dags/supermarket_etl_pipeline.py took 0.328 seconds
[2026-08-27T07:56:24.554+0000] {processor.py:161} INFO - Started process (PID=4123) to work on /opt/airflow/dags/supermarket_etl_pipeline.py
[2026-08-27T07:56:24.555+0000] {processor.py:830} INFO - Processing file /opt/airflow/dags/supermarket_etl_pipeline.py for tasks to queue
[2026-08-27T07:56:24.557+0000] {logging_mixin.py:188} INFO - [2026-08-27T07:56:24.557+0000] {dagbag.py:538} INFO - Filling up the DagBag from /opt/airflow/dags/supermarket_etl_pipeline.py
[2026-08-27T07:56:24.775+0000] {processor.py:840} INFO - DAG(s) 'supermarket_etl_pipeline' retrieved from /opt/airflow/dags/supermarket_etl_pipeline.py
[2026-08-27T07:56:24.800+0000] {logging_mixin.py:188} INFO - [2026-08-27T07:56:24.799+0000] {dag.py:3036} INFO - Sync 1 DAGs
[2026-08-27T07:56:24.810+0000] {logging_mixin.py:188} INFO - [2026-08-27T07:56:24.810+0000] {dag.py:3823} INFO - Setting next_dagrun for supermarket_etl_pipeline to None, run_after=None
[2026-08-27T07:56:24.829+0000] {processor.py:183} INFO - Processing /opt/airflow/dags/supermarket_etl_pipeline.py took 0.278 seconds
[2026-08-27T07:56:55.170+0000] {processor.py:161} INFO - Started process (PID=4129) to work on /opt/airflow/dags/supermarket_etl_pipeline.py
[2026-08-27T07:56:55.171+0000] {processor.py:830} INFO - Processing file /opt/airflow/dags/supermarket_etl_pipeline.py for tasks to queue
[2026-08-27T07:56:55.173+0000] {logging_mixin.py:188} INFO - [2026-08-27T07:56:55.173+0000] {dagbag.py:538} INFO - Filling up the DagBag from /opt/airflow/dags/supermarket_etl_pipeline.py
[2026-08-27T07:56:55.396+0000] {processor.py:840} INFO - DAG(s) 'supermarket_etl_pipeline' retrieved from /opt/airflow/dags/supermarket_etl_pipeline.py
[2026-08-27T07:56:55.417+0000] {logging_mixin.py:188} INFO - [2026-08-27T07:56:55.417+0000] {dag.py:3036} INFO - Sync 1 DAGs
[2026-08-27T07:56:55.426+0000] {logging_mixin.py:188} INFO - [2026-08-27T07:56:55.426+0000] {dag.py:3823} INFO - Setting next_dagrun for supermarket_etl_pipeline to None, run_after=None
[2026-08-27T07:56:55.447+0000] {processor.py:183} INFO - Processing /opt/airflow/dags/supermarket_etl_pipeline.py took 0.279 seconds
[2026-08-27T07:57:25.786+0000] {processor.py:161} INFO - Started process (PID=4135) to work on /opt/airflow/dags/supermarket_etl_pipeline.py
[2026-08-27T07:57:25.788+0000] {processor.py:830} INFO - Processing file /opt/airflow/dags/supermarket_etl_pipeline.py for tasks to queue
[2026-08-27T07:57:25.792+0000] {logging_mixin.py:188} INFO - [2026-08-27T07:57:25.792+0000] {dagbag.py:538} INFO - Filling up the DagBag from /opt/airflow/dags/supermarket_etl_pipeline.py
[2026-08-27T07:57:26.066+0000] {processor.py:840} INFO - DAG(s) 'supermarket_etl_pipeline' retrieved from /opt/airflow/dags/supermarket_etl_pipeline.py
[2026-08-27T07:57:26.093+0000] {logging_mixin.py:188} INFO - [2026-08-27T07:57:26.092+0000] {dag.py:3036} INFO - Sync 1 DAGs
[2026-08-27T07:57:26.105+0000] {logging_mixin.py:188} INFO - [2026-08-27T07:57:26.105+0000] {dag.py:3823} INFO - Setting next_dagrun for supermarket_etl_pipeline to None, run_after=None
[2026-08-27T07:57:26.130+0000] {processor.py:183} INFO - Processing /opt/airflow/dags/supermarket_etl_pipeline.py took 0.349 seconds
[2026-08-27T07:57:56.488+0000] {processor.py:161} INFO - Started process (PID=4141) to work on /opt/airflow/dags/supermarket_etl_pipeline.py
[2026-08-27T07:57:56.490+0000] {processor.py:830} INFO - Processing file /opt/airflow/dags/supermarket_etl_pipeline.py for tasks to queue
[2026-08-27T07:57:56.492+0000] {logging_mixin.py:188} INFO - [2026-08-27T07:57:56.491+0000] {dagbag.py:538} INFO - Filling up the DagBag from /opt/airflow/dags/supermarket_etl_pipeline.py
[2026-08-27T07:57:56.756+0000] {processor.py:840} INFO - DAG(s) 'supermarket_etl_pipeline' retrieved from /opt/airflow/dags/supermarket_etl_pipeline.py
[2026-08-27T07:57:56.787+0000] {logging_mixin.py:188} INFO - [2026-08-27T07:57:56.787+0000] {dag.py:3036} INFO - Sync 1 DAGs
[2026-08-27T07:57:56.800+0000] {logging_mixin.py:188} INFO - [2026-08-27T07:57:56.800+0000] {dag.py:3823} INFO - Setting next_dagrun for supermarket_etl_pipeline to None, run_after=None
[2026-08-27T07:57:56.824+0000] {processor.py:183} INFO - Processing /opt/airflow/dags/supermarket_etl_pipeline.py took 0.340 seconds
[2026-08-27T07:58:27.190+0000] {processor.py:161} INFO - Started process (PID=4147) to work on /opt/airflow/dags/supermarket_etl_pipeline.py
[2026-08-27T07:58:27.192+0000] {processor.py:830} INFO - Processing file /opt/airflow/dags/supermarket_etl_pipeline.py for tasks to queue
[2026-08-27T07:58:27.194+0000] {logging_mixin.py:188} INFO - [2026-08-27T07:58:27.194+0000] {dagbag.py:538} INFO - Filling up the DagBag from /opt/airflow/dags/supermarket_etl_pipeline.py
[2026-08-27T07:58:27.412+0000] {processor.py:840} INFO - DAG(s) 'supermarket_etl_pipeline' retrieved from /opt/airflow/dags/supermarket_etl_pipeline.py
[2026-08-27T07:58:27.434+0000] {logging_mixin.py:188} INFO - [2026-08-27T07:58:27.434+0000] {dag.py:3036} INFO - Sync 1 DAGs
[2026-08-27T07:58:27.444+0000] {logging_mixin.py:188} INFO - [2026-08-27T07:58:27.444+0000] {dag.py:3823} INFO - Setting next_dagrun for supermarket_etl_pipeline to None, run_after=None
[2026-08-27T07:58:27.465+0000] {processor.py:183} INFO - Processing /opt/airflow/dags/supermarket_etl_pipeline.py took 0.279 seconds
[2026-08-27T07:58:57.847+0000] {processor.py:161} INFO - Started process (PID=4153) to work on /opt/airflow/dags/supermarket_etl_pipeline.py
[2026-08-27T07:58:57.849+0000] {processor.py:830} INFO - Processing file /opt/airflow/dags/supermarket_etl_pipeline.py for tasks to queue
[2026-08-27T07:58:57.853+0000] {logging_mixin.py:188} INFO - [2026-08-27T07:58:57.852+0000] {dagbag.py:538} INFO - Filling up the DagBag from /opt/airflow/dags/supermarket_etl_pipeline.py
[2026-08-27T07:58:58.099+0000] {processor.py:840} INFO - DAG(s) 'supermarket_etl_pipeline' retrieved from /opt/airflow/dags/supermarket_etl_pipeline.py
[2026-08-27T07:58:58.127+0000] {logging_mixin.py:188} INFO - [2026-08-27T07:58:58.126+0000] {dag.py:3036} INFO - Sync 1 DAGs
[2026-08-27T07:58:58.137+0000] {logging_mixin.py:188} INFO - [2026-08-27T07:58:58.136+0000] {dag.py:3823} INFO - Setting next_dagrun for supermarket_etl_pipeline to None, run_after=None
[2026-08-27T07:58:58.156+0000] {processor.py:183} INFO - Processing /opt/airflow/dags/supermarket_etl_pipeline.py took 0.315 seconds
[2026-08-27T07:59:28.606+0000] {processor.py:161} INFO - Started process (PID=4159) to work on /opt/airflow/dags/supermarket_etl_pipeline.py
[2026-08-27T07:59:28.611+0000] {processor.py:830} INFO - Processing file /opt/airflow/dags/supermarket_etl_pipeline.py for tasks to queue
[2026-08-27T07:59:28.615+0000] {logging_mixin.py:188} INFO - [2026-08-27T07:59:28.615+0000] {dagbag.py:538} INFO - Filling up the DagBag from /opt/airflow/dags/supermarket_etl_pipeline.py
[2026-08-27T07:59:29.002+0000] {processor.py:840} INFO - DAG(s) 'supermarket_etl_pipeline' retrieved from /opt/airflow/dags/supermarket_etl_pipeline.py
[2026-08-27T07:59:29.056+0000] {logging_mixin.py:188} INFO - [2026-08-27T07:59:29.054+0000] {dag.py:3036} INFO - Sync 1 DAGs
[2026-08-27T07:59:29.077+0000] {logging_mixin.py:188} INFO - [2026-08-27T07:59:29.077+0000] {dag.py:3823} INFO - Setting next_dagrun for supermarket_etl_pipeline to None, run_after=None
[2026-08-27T07:59:29.119+0000] {processor.py:183} INFO - Processing /opt/airflow/dags/supermarket_etl_pipeline.py took 0.519 seconds
[2026-08-27T07:59:59.495+0000] {processor.py:161} INFO - Started process (PID=4165) to work on /opt/airflow/dags/supermarket_etl_pipeline.py
[2026-08-27T07:59:59.497+0000] {processor.py:830} INFO - Processing file /opt/airflow/dags/supermarket_etl_pipeline.py for tasks to queue
[2026-08-27T07:59:59.500+0000] {logging_mixin.py:188} INFO - [2026-08-27T07:59:59.499+0000] {dagbag.py:538} INFO - Filling up the DagBag from /opt/airflow/dags/supermarket_etl_pipeline.py
[2026-08-27T07:59:59.867+0000] {processor.py:840} INFO - DAG(s) 'supermarket_etl_pipeline' retrieved from /opt/airflow/dags/supermarket_etl_pipeline.py
[2026-08-27T07:59:59.891+0000] {logging_mixin.py:188} INFO - [2026-08-27T07:59:59.890+0000] {dag.py:3036} INFO - Sync 1 DAGs
[2026-08-27T07:59:59.901+0000] {logging_mixin.py:188} INFO - [2026-08-27T07:59:59.901+0000] {dag.py:3823} INFO - Setting next_dagrun for supermarket_etl_pipeline to None, run_after=None
[2026-08-27T07:59:59.918+0000] {processor.py:183} INFO - Processing /opt/airflow/dags/supermarket_etl_pipeline.py took 0.429 seconds
[2026-08-27T08:00:30.187+0000] {processor.py:161} INFO - Started process (PID=4171) to work on /opt/airflow/dags/supermarket_etl_pipeline.py
[2026-08-27T08:00:30.190+0000] {processor.py:830} INFO - Processing file /opt/airflow/dags/supermarket_etl_pipeline.py for tasks to queue
[2026-08-27T08:00:30.193+0000] {logging_mixin.py:188} INFO - [2026-08-27T08:00:30.192+0000] {dagbag.py:538} INFO - Filling up the DagBag from /opt/airflow/dags/supermarket_etl_pipeline.py
[2026-08-27T08:00:30.494+0000] {processor.py:840} INFO - DAG(s) 'supermarket_etl_pipeline' retrieved from /opt/airflow/dags/supermarket_etl_pipeline.py
[2026-08-27T08:00:30.519+0000] {logging_mixin.py:188} INFO - [2026-08-27T08:00:30.519+0000] {dag.py:3036} INFO - Sync 1 DAGs
[2026-08-27T08:00:30.532+0000] {logging_mixin.py:188} INFO - [2026-08-27T08:00:30.531+0000] {dag.py:3823} INFO - Setting next_dagrun for supermarket_etl_pipeline to None, run_after=None
[2026-08-27T08:00:30.555+0000] {processor.py:183} INFO - Processing /opt/airflow/dags/supermarket_etl_pipeline.py took 0.374 seconds
[2026-08-27T08:01:00.894+0000] {processor.py:161} INFO - Started process (PID=4177) to work on /opt/airflow/dags/supermarket_etl_pipeline.py
[2026-08-27T08:01:00.896+0000] {processor.py:830} INFO - Processing file /opt/airflow/dags/supermarket_etl_pipeline.py for tasks to queue
[2026-08-27T08:01:00.897+0000] {logging_mixin.py:188} INFO - [2026-08-27T08:01:00.897+0000] {dagbag.py:538} INFO - Filling up the DagBag from /opt/airflow/dags/supermarket_etl_pipeline.py
[2026-08-27T08:01:01.130+0000] {processor.py:840} INFO - DAG(s) 'supermarket_etl_pipeline' retrieved from /opt/airflow/dags/supermarket_etl_pipeline.py
[2026-08-27T08:01:01.159+0000] {logging_mixin.py:188} INFO - [2026-08-27T08:01:01.158+0000] {dag.py:3036} INFO - Sync 1 DAGs
[2026-08-27T08:01:01.172+0000] {logging_mixin.py:188} INFO - [2026-08-27T08:01:01.171+0000] {dag.py:3823} INFO - Setting next_dagrun for supermarket_etl_pipeline to None, run_after=None
[2026-08-27T08:01:01.206+0000] {processor.py:183} INFO - Processing /opt/airflow/dags/supermarket_etl_pipeline.py took 0.314 seconds
[2026-08-27T08:01:31.638+0000] {processor.py:161} INFO - Started process (PID=4183) to work on /opt/airflow/dags/supermarket_etl_pipeline.py
[2026-08-27T08:01:31.640+0000] {processor.py:830} INFO - Processing file /opt/airflow/dags/supermarket_etl_pipeline.py for tasks to queue
[2026-08-27T08:01:31.642+0000] {logging_mixin.py:188} INFO - [2026-08-27T08:01:31.642+0000] {dagbag.py:538} INFO - Filling up the DagBag from /opt/airflow/dags/supermarket_etl_pipeline.py
[2026-08-27T08:01:31.935+0000] {processor.py:840} INFO - DAG(s) 'supermarket_etl_pipeline' retrieved from /opt/airflow/dags/supermarket_etl_pipeline.py
[2026-08-27T08:01:31.972+0000] {logging_mixin.py:188} INFO - [2026-08-27T08:01:31.972+0000] {dag.py:3036} INFO - Sync 1 DAGs
[2026-08-27T08:01:31.985+0000] {logging_mixin.py:188} INFO - [2026-08-27T08:01:31.985+0000] {dag.py:3823} INFO - Setting next_dagrun for supermarket_etl_pipeline to None, run_after=None
[2026-08-27T08:01:32.010+0000] {processor.py:183} INFO - Processing /opt/airflow/dags/supermarket_etl_pipeline.py took 0.377 seconds
[2026-08-27T08:02:02.376+0000] {processor.py:161} INFO - Started process (PID=4189) to work on /opt/airflow/dags/supermarket_etl_pipeline.py
[2026-08-27T08:02:02.378+0000] {processor.py:830} INFO - Processing file /opt/airflow/dags/supermarket_etl_pipeline.py for tasks to queue
[2026-08-27T08:02:02.380+0000] {logging_mixin.py:188} INFO - [2026-08-27T08:02:02.380+0000] {dagbag.py:538} INFO - Filling up the DagBag from /opt/airflow/dags/supermarket_etl_pipeline.py
[2026-08-27T08:02:02.599+0000] {processor.py:840} INFO - DAG(s) 'supermarket_etl_pipeline' retrieved from /opt/airflow/dags/supermarket_etl_pipeline.py
[2026-08-27T08:02:02.627+0000] {logging_mixin.py:188} INFO - [2026-08-27T08:02:02.627+0000] {dag.py:3036} INFO - Sync 1 DAGs
[2026-08-27T08:02:02.640+0000] {logging_mixin.py:188} INFO - [2026-08-27T08:02:02.640+0000] {dag.py:3823} INFO - Setting next_dagrun for supermarket_etl_pipeline to None, run_after=None
[2026-08-27T08:02:02.663+0000] {processor.py:183} INFO - Processing /opt/airflow/dags/supermarket_etl_pipeline.py took 0.290 seconds
[2026-08-27T08:02:32.992+0000] {processor.py:161} INFO - Started process (PID=4195) to work on /opt/airflow/dags/supermarket_etl_pipeline.py
[2026-08-27T08:02:32.994+0000] {processor.py:830} INFO - Processing file /opt/airflow/dags/supermarket_etl_pipeline.py for tasks to queue
[2026-08-27T08:02:32.996+0000] {logging_mixin.py:188} INFO - [2026-08-27T08:02:32.995+0000] {dagbag.py:538} INFO - Filling up the DagBag from /opt/airflow/dags/supermarket_etl_pipeline.py
[2026-08-27T08:02:33.208+0000] {processor.py:840} INFO - DAG(s) 'supermarket_etl_pipeline' retrieved from /opt/airflow/dags/supermarket_etl_pipeline.py
[2026-08-27T08:02:33.234+0000] {logging_mixin.py:188} INFO - [2026-08-27T08:02:33.234+0000] {dag.py:3036} INFO - Sync 1 DAGs
[2026-08-27T08:02:33.244+0000] {logging_mixin.py:188} INFO - [2026-08-27T08:02:33.244+0000] {dag.py:3823} INFO - Setting next_dagrun for supermarket_etl_pipeline to None, run_after=None
[2026-08-27T08:02:33.264+0000] {processor.py:183} INFO - Processing /opt/airflow/dags/supermarket_etl_pipeline.py took 0.274 seconds
[2026-08-27T08:03:03.641+0000] {processor.py:161} INFO - Started process (PID=4201) to work on /opt/airflow/dags/supermarket_etl_pipeline.py
[2026-08-27T08:03:03.642+0000] {processor.py:830} INFO - Processing file /opt/airflow/dags/supermarket_etl_pipeline.py for tasks to queue
[2026-08-27T08:03:03.645+0000] {logging_mixin.py:188} INFO - [2026-08-27T08:03:03.644+0000] {dagbag.py:538} INFO - Filling up the DagBag from /opt/airflow/dags/supermarket_etl_pipeline.py
[2026-08-27T08:03:03.864+0000] {processor.py:840} INFO - DAG(s) 'supermarket_etl_pipeline' retrieved from /opt/airflow/dags/supermarket_etl_pipeline.py
[2026-08-27T08:03:03.884+0000] {logging_mixin.py:188} INFO - [2026-08-27T08:03:03.884+0000] {dag.py:3036} INFO - Sync 1 DAGs
[2026-08-27T08:03:03.894+0000] {logging_mixin.py:188} INFO - [2026-08-27T08:03:03.894+0000] {dag.py:3823} INFO - Setting next_dagrun for supermarket_etl_pipeline to None, run_after=None
[2026-08-27T08:03:03.912+0000] {processor.py:183} INFO - Processing /opt/airflow/dags/supermarket_etl_pipeline.py took 0.274 seconds
[2026-08-27T08:03:34.234+0000] {processor.py:161} INFO - Started process (PID=4207) to work on /opt/airflow/dags/supermarket_etl_pipeline.py
[2026-08-27T08:03:34.258+0000] {processor.py:830} INFO - Processing file /opt/airflow/dags/supermarket_etl_pipeline.py for tasks to queue
[2026-08-27T08:03:34.267+0000] {logging_mixin.py:188} INFO - [2026-08-27T08:03:34.266+0000] {dagbag.py:538} INFO - Filling up the DagBag from /opt/airflow/dags/supermarket_etl_pipeline.py
[2026-08-27T08:03:34.523+0000] {processor.py:840} INFO - DAG(s) 'supermarket_etl_pipeline' retrieved from /opt/airflow/dags/supermarket_etl_pipeline.py
[2026-08-27T08:03:34.545+0000] {logging_mixin.py:188} INFO - [2026-08-27T08:03:34.545+0000] {dag.py:3036} INFO - Sync 1 DAGs
[2026-08-27T08:03:34.555+0000] {logging_mixin.py:188} INFO - [2026-08-27T08:03:34.555+0000] {dag.py:3823} INFO - Setting next_dagrun for supermarket_etl_pipeline to None, run_after=None
[2026-08-27T08:03:34.577+0000] {processor.py:183} INFO - Processing /opt/airflow/dags/supermarket_etl_pipeline.py took 0.346 seconds
[2026-08-27T08:04:04.904+0000] {processor.py:161} INFO - Started process (PID=4213) to work on /opt/airflow/dags/supermarket_etl_pipeline.py
[2026-08-27T08:04:04.906+0000] {processor.py:830} INFO - Processing file /opt/airflow/dags/supermarket_etl_pipeline.py for tasks to queue
[2026-08-27T08:04:04.908+0000] {logging_mixin.py:188} INFO - [2026-08-27T08:04:04.908+0000] {dagbag.py:538} INFO - Filling up the DagBag from /opt/airflow/dags/supermarket_etl_pipeline.py
[2026-08-27T08:04:05.128+0000] {processor.py:840} INFO - DAG(s) 'supermarket_etl_pipeline' retrieved from /opt/airflow/dags/supermarket_etl_pipeline.py
[2026-08-27T08:04:05.149+0000] {logging_mixin.py:188} INFO - [2026-08-27T08:04:05.149+0000] {dag.py:3036} INFO - Sync 1 DAGs
[2026-08-27T08:04:05.160+0000] {logging_mixin.py:188} INFO - [2026-08-27T08:04:05.159+0000] {dag.py:3823} INFO - Setting next_dagrun for supermarket_etl_pipeline to None, run_after=None
[2026-08-27T08:04:05.183+0000] {processor.py:183} INFO - Processing /opt/airflow/dags/supermarket_etl_pipeline.py took 0.281 seconds
[2026-08-27T08:04:35.514+0000] {processor.py:161} INFO - Started process (PID=4219) to work on /opt/airflow/dags/supermarket_etl_pipeline.py
[2026-08-27T08:04:35.516+0000] {processor.py:830} INFO - Processing file /opt/airflow/dags/supermarket_etl_pipeline.py for tasks to queue
[2026-08-27T08:04:35.519+0000] {logging_mixin.py:188} INFO - [2026-08-27T08:04:35.518+0000] {dagbag.py:538} INFO - Filling up the DagBag from /opt/airflow/dags/supermarket_etl_pipeline.py
[2026-08-27T08:04:35.782+0000] {processor.py:840} INFO - DAG(s) 'supermarket_etl_pipeline' retrieved from /opt/airflow/dags/supermarket_etl_pipeline.py
[2026-08-27T08:04:35.809+0000] {logging_mixin.py:188} INFO - [2026-08-27T08:04:35.809+0000] {dag.py:3036} INFO - Sync 1 DAGs
[2026-08-27T08:04:35.821+0000] {logging_mixin.py:188} INFO - [2026-08-27T08:04:35.820+0000] {dag.py:3823} INFO - Setting next_dagrun for supermarket_etl_pipeline to None, run_after=None
[2026-08-27T08:04:35.843+0000] {processor.py:183} INFO - Processing /opt/airflow/dags/supermarket_etl_pipeline.py took 0.333 seconds
[2026-08-27T08:05:06.177+0000] {processor.py:161} INFO - Started process (PID=4225) to work on /opt/airflow/dags/supermarket_etl_pipeline.py
[2026-08-27T08:05:06.179+0000] {processor.py:830} INFO - Processing file /opt/airflow/dags/supermarket_etl_pipeline.py for tasks to queue
[2026-08-27T08:05:06.181+0000] {logging_mixin.py:188} INFO - [2026-08-27T08:05:06.181+0000] {dagbag.py:538} INFO - Filling up the DagBag from /opt/airflow/dags/supermarket_etl_pipeline.py
[2026-08-27T08:05:06.463+0000] {processor.py:840} INFO - DAG(s) 'supermarket_etl_pipeline' retrieved from /opt/airflow/dags/supermarket_etl_pipeline.py
[2026-08-27T08:05:06.497+0000] {logging_mixin.py:188} INFO - [2026-08-27T08:05:06.496+0000] {dag.py:3036} INFO - Sync 1 DAGs
[2026-08-27T08:05:06.511+0000] {logging_mixin.py:188} INFO - [2026-08-27T08:05:06.511+0000] {dag.py:3823} INFO - Setting next_dagrun for supermarket_etl_pipeline to None, run_after=None
[2026-08-27T08:05:06.534+0000] {processor.py:183} INFO - Processing /opt/airflow/dags/supermarket_etl_pipeline.py took 0.360 seconds
[2026-08-27T08:05:36.886+0000] {processor.py:161} INFO - Started process (PID=4231) to work on /opt/airflow/dags/supermarket_etl_pipeline.py
[2026-08-27T08:05:36.888+0000] {processor.py:830} INFO - Processing file /opt/airflow/dags/supermarket_etl_pipeline.py for tasks to queue
[2026-08-27T08:05:36.891+0000] {logging_mixin.py:188} INFO - [2026-08-27T08:05:36.890+0000] {dagbag.py:538} INFO - Filling up the DagBag from /opt/airflow/dags/supermarket_etl_pipeline.py
[2026-08-27T08:05:37.121+0000] {processor.py:840} INFO - DAG(s) 'supermarket_etl_pipeline' retrieved from /opt/airflow/dags/supermarket_etl_pipeline.py
[2026-08-27T08:05:37.142+0000] {logging_mixin.py:188} INFO - [2026-08-27T08:05:37.142+0000] {dag.py:3036} INFO - Sync 1 DAGs
[2026-08-27T08:05:37.153+0000] {logging_mixin.py:188} INFO - [2026-08-27T08:05:37.152+0000] {dag.py:3823} INFO - Setting next_dagrun for supermarket_etl_pipeline to None, run_after=None
[2026-08-27T08:05:37.175+0000] {processor.py:183} INFO - Processing /opt/airflow/dags/supermarket_etl_pipeline.py took 0.294 seconds
[2026-08-27T08:06:07.625+0000] {processor.py:161} INFO - Started process (PID=4237) to work on /opt/airflow/dags/supermarket_etl_pipeline.py
[2026-08-27T08:06:07.627+0000] {processor.py:830} INFO - Processing file /opt/airflow/dags/supermarket_etl_pipeline.py for tasks to queue
[2026-08-27T08:06:07.629+0000] {logging_mixin.py:188} INFO - [2026-08-27T08:06:07.629+0000] {dagbag.py:538} INFO - Filling up the DagBag from /opt/airflow/dags/supermarket_etl_pipeline.py
[2026-08-27T08:06:07.856+0000] {processor.py:840} INFO - DAG(s) 'supermarket_etl_pipeline' retrieved from /opt/airflow/dags/supermarket_etl_pipeline.py
[2026-08-27T08:06:07.879+0000] {logging_mixin.py:188} INFO - [2026-08-27T08:06:07.878+0000] {dag.py:3036} INFO - Sync 1 DAGs
[2026-08-27T08:06:07.891+0000] {logging_mixin.py:188} INFO - [2026-08-27T08:06:07.891+0000] {dag.py:3823} INFO - Setting next_dagrun for supermarket_etl_pipeline to None, run_after=None
[2026-08-27T08:06:07.913+0000] {processor.py:183} INFO - Processing /opt/airflow/dags/supermarket_etl_pipeline.py took 0.290 seconds
[2026-08-27T08:06:37.989+0000] {processor.py:161} INFO - Started process (PID=4243) to work on /opt/airflow/dags/supermarket_etl_pipeline.py
[2026-08-27T08:06:37.992+0000] {processor.py:830} INFO - Processing file /opt/airflow/dags/supermarket_etl_pipeline.py for tasks to queue
[2026-08-27T08:06:37.994+0000] {logging_mixin.py:188} INFO - [2026-08-27T08:06:37.994+0000] {dagbag.py:538} INFO - Filling up the DagBag from /opt/airflow/dags/supermarket_etl_pipeline.py
[2026-08-27T08:06:38.256+0000] {processor.py:840} INFO - DAG(s) 'supermarket_etl_pipeline' retrieved from /opt/airflow/dags/supermarket_etl_pipeline.py
[2026-08-27T08:06:38.285+0000] {logging_mixin.py:188} INFO - [2026-08-27T08:06:38.284+0000] {dag.py:3036} INFO - Sync 1 DAGs
[2026-08-27T08:06:38.297+0000] {logging_mixin.py:188} INFO - [2026-08-27T08:06:38.297+0000] {dag.py:3823} INFO - Setting next_dagrun for supermarket_etl_pipeline to None, run_after=None
[2026-08-27T08:06:38.322+0000] {processor.py:183} INFO - Processing /opt/airflow/dags/supermarket_etl_pipeline.py took 0.340 seconds
[2026-08-27T08:07:08.587+0000] {processor.py:161} INFO - Started process (PID=4249) to work on /opt/airflow/dags/supermarket_etl_pipeline.py
[2026-08-27T08:07:08.589+0000] {processor.py:830} INFO - Processing file /opt/airflow/dags/supermarket_etl_pipeline.py for tasks to queue
[2026-08-27T08:07:08.591+0000] {logging_mixin.py:188} INFO - [2026-08-27T08:07:08.590+0000] {dagbag.py:538} INFO - Filling up the DagBag from /opt/airflow/dags/supermarket_etl_pipeline.py
[2026-08-27T08:07:08.814+0000] {processor.py:840} INFO - DAG(s) 'supermarket_etl_pipeline' retrieved from /opt/airflow/dags/supermarket_etl_pipeline.py
[2026-08-27T08:07:08.834+0000] {logging_mixin.py:188} INFO - [2026-08-27T08:07:08.834+0000] {dag.py:3036} INFO - Sync 1 DAGs
[2026-08-27T08:07:08.844+0000] {logging_mixin.py:188} INFO - [2026-08-27T08:07:08.844+0000] {dag.py:3823} INFO - Setting next_dagrun for supermarket_etl_pipeline to None, run_after=None
[2026-08-27T08:07:08.865+0000] {processor.py:183} INFO - Processing /opt/airflow/dags/supermarket_etl_pipeline.py took 0.282 seconds
[2026-08-27T08:07:38.997+0000] {processor.py:161} INFO - Started process (PID=4255) to work on /opt/airflow/dags/supermarket_etl_pipeline.py
[2026-08-27T08:07:39.000+0000] {processor.py:830} INFO - Processing file /opt/airflow/dags/supermarket_etl_pipeline.py for tasks to queue
[2026-08-27T08:07:39.002+0000] {logging_mixin.py:188} INFO - [2026-08-27T08:07:39.001+0000] {dagbag.py:538} INFO - Filling up the DagBag from /opt/airflow/dags/supermarket_etl_pipeline.py
[2026-08-27T08:07:39.266+0000] {processor.py:840} INFO - DAG(s) 'supermarket_etl_pipeline' retrieved from /opt/airflow/dags/supermarket_etl_pipeline.py
[2026-08-27T08:07:39.292+0000] {logging_mixin.py:188} INFO - [2026-08-27T08:07:39.291+0000] {dag.py:3036} INFO - Sync 1 DAGs
[2026-08-27T08:07:39.303+0000] {logging_mixin.py:188} INFO - [2026-08-27T08:07:39.303+0000] {dag.py:3823} INFO - Setting next_dagrun for supermarket_etl_pipeline to None, run_after=None
[2026-08-27T08:07:39.328+0000] {processor.py:183} INFO - Processing /opt/airflow/dags/supermarket_etl_pipeline.py took 0.335 seconds
[2026-08-27T08:08:09.504+0000] {processor.py:161} INFO - Started process (PID=4261) to work on /opt/airflow/dags/supermarket_etl_pipeline.py
[2026-08-27T08:08:09.505+0000] {processor.py:830} INFO - Processing file /opt/airflow/dags/supermarket_etl_pipeline.py for tasks to queue
[2026-08-27T08:08:09.507+0000] {logging_mixin.py:188} INFO - [2026-08-27T08:08:09.507+0000] {dagbag.py:538} INFO - Filling up the DagBag from /opt/airflow/dags/supermarket_etl_pipeline.py
[2026-08-27T08:08:09.726+0000] {processor.py:840} INFO - DAG(s) 'supermarket_etl_pipeline' retrieved from /opt/airflow/dags/supermarket_etl_pipeline.py
[2026-08-27T08:08:09.745+0000] {logging_mixin.py:188} INFO - [2026-08-27T08:08:09.745+0000] {dag.py:3036} INFO - Sync 1 DAGs
[2026-08-27T08:08:09.756+0000] {logging_mixin.py:188} INFO - [2026-08-27T08:08:09.755+0000] {dag.py:3823} INFO - Setting next_dagrun for supermarket_etl_pipeline to None, run_after=None
[2026-08-27T08:08:09.776+0000] {processor.py:183} INFO - Processing /opt/airflow/dags/supermarket_etl_pipeline.py took 0.274 seconds
[2026-08-27T08:08:40.008+0000] {processor.py:161} INFO - Started process (PID=4267) to work on /opt/airflow/dags/supermarket_etl_pipeline.py
[2026-08-27T08:08:40.010+0000] {processor.py:830} INFO - Processing file /opt/airflow/dags/supermarket_etl_pipeline.py for tasks to queue
[2026-08-27T08:08:40.012+0000] {logging_mixin.py:188} INFO - [2026-08-27T08:08:40.012+0000] {dagbag.py:538} INFO - Filling up the DagBag from /opt/airflow/dags/supermarket_etl_pipeline.py
[2026-08-27T08:08:40.231+0000] {processor.py:840} INFO - DAG(s) 'supermarket_etl_pipeline' retrieved from /opt/airflow/dags/supermarket_etl_pipeline.py
[2026-08-27T08:08:40.252+0000] {logging_mixin.py:188} INFO - [2026-08-27T08:08:40.252+0000] {dag.py:3036} INFO - Sync 1 DAGs
[2026-08-27T08:08:40.262+0000] {logging_mixin.py:188} INFO - [2026-08-27T08:08:40.262+0000] {dag.py:3823} INFO - Setting next_dagrun for supermarket_etl_pipeline to None, run_after=None
[2026-08-27T08:08:40.280+0000] {processor.py:183} INFO - Processing /opt/airflow/dags/supermarket_etl_pipeline.py took 0.274 seconds
[2026-08-27T08:09:10.410+0000] {processor.py:161} INFO - Started process (PID=4273) to work on /opt/airflow/dags/supermarket_etl_pipeline.py
[2026-08-27T08:09:10.412+0000] {processor.py:830} INFO - Processing file /opt/airflow/dags/supermarket_etl_pipeline.py for tasks to queue
[2026-08-27T08:09:10.414+0000] {logging_mixin.py:188} INFO - [2026-08-27T08:09:10.413+0000] {dagbag.py:538} INFO - Filling up the DagBag from /opt/airflow/dags/supermarket_etl_pipeline.py
[2026-08-27T08:09:10.639+0000] {processor.py:840} INFO - DAG(s) 'supermarket_etl_pipeline' retrieved from /opt/airflow/dags/supermarket_etl_pipeline.py
[2026-08-27T08:09:10.658+0000] {logging_mixin.py:188} INFO - [2026-08-27T08:09:10.658+0000] {dag.py:3036} INFO - Sync 1 DAGs
[2026-08-27T08:09:10.668+0000] {logging_mixin.py:188} INFO - [2026-08-27T08:09:10.668+0000] {dag.py:3823} INFO - Setting next_dagrun for supermarket_etl_pipeline to None, run_after=None
[2026-08-27T08:09:10.687+0000] {processor.py:183} INFO - Processing /opt/airflow/dags/supermarket_etl_pipeline.py took 0.280 seconds
[2026-08-27T08:09:40.956+0000] {processor.py:161} INFO - Started process (PID=4279) to work on /opt/airflow/dags/supermarket_etl_pipeline.py
[2026-08-27T08:09:40.958+0000] {processor.py:830} INFO - Processing file /opt/airflow/dags/supermarket_etl_pipeline.py for tasks to queue
[2026-08-27T08:09:40.960+0000] {logging_mixin.py:188} INFO - [2026-08-27T08:09:40.960+0000] {dagbag.py:538} INFO - Filling up the DagBag from /opt/airflow/dags/supermarket_etl_pipeline.py
[2026-08-27T08:09:41.172+0000] {processor.py:840} INFO - DAG(s) 'supermarket_etl_pipeline' retrieved from /opt/airflow/dags/supermarket_etl_pipeline.py
[2026-08-27T08:09:41.195+0000] {logging_mixin.py:188} INFO - [2026-08-27T08:09:41.194+0000] {dag.py:3036} INFO - Sync 1 DAGs
[2026-08-27T08:09:41.206+0000] {logging_mixin.py:188} INFO - [2026-08-27T08:09:41.206+0000] {dag.py:3823} INFO - Setting next_dagrun for supermarket_etl_pipeline to None, run_after=None
[2026-08-27T08:09:41.229+0000] {processor.py:183} INFO - Processing /opt/airflow/dags/supermarket_etl_pipeline.py took 0.275 seconds
[2026-08-27T08:10:11.327+0000] {processor.py:161} INFO - Started process (PID=4285) to work on /opt/airflow/dags/supermarket_etl_pipeline.py
[2026-08-27T08:10:11.329+0000] {processor.py:830} INFO - Processing file /opt/airflow/dags/supermarket_etl_pipeline.py for tasks to queue
[2026-08-27T08:10:11.331+0000] {logging_mixin.py:188} INFO - [2026-08-27T08:10:11.331+0000] {dagbag.py:538} INFO - Filling up the DagBag from /opt/airflow/dags/supermarket_etl_pipeline.py
[2026-08-27T08:10:11.592+0000] {processor.py:840} INFO - DAG(s) 'supermarket_etl_pipeline' retrieved from /opt/airflow/dags/supermarket_etl_pipeline.py
[2026-08-27T08:10:11.615+0000] {logging_mixin.py:188} INFO - [2026-08-27T08:10:11.615+0000] {dag.py:3036} INFO - Sync 1 DAGs
[2026-08-27T08:10:11.625+0000] {logging_mixin.py:188} INFO - [2026-08-27T08:10:11.625+0000] {dag.py:3823} INFO - Setting next_dagrun for supermarket_etl_pipeline to None, run_after=None
[2026-08-27T08:10:11.645+0000] {processor.py:183} INFO - Processing /opt/airflow/dags/supermarket_etl_pipeline.py took 0.322 seconds
[2026-08-27T08:10:41.902+0000] {processor.py:161} INFO - Started process (PID=4291) to work on /opt/airflow/dags/supermarket_etl_pipeline.py
[2026-08-27T08:10:41.904+0000] {processor.py:830} INFO - Processing file /opt/airflow/dags/supermarket_etl_pipeline.py for tasks to queue
[2026-08-27T08:10:41.906+0000] {logging_mixin.py:188} INFO - [2026-08-27T08:10:41.906+0000] {dagbag.py:538} INFO - Filling up the DagBag from /opt/airflow/dags/supermarket_etl_pipeline.py
[2026-08-27T08:10:42.114+0000] {processor.py:840} INFO - DAG(s) 'supermarket_etl_pipeline' retrieved from /opt/airflow/dags/supermarket_etl_pipeline.py
[2026-08-27T08:10:42.135+0000] {logging_mixin.py:188} INFO - [2026-08-27T08:10:42.135+0000] {dag.py:3036} INFO - Sync 1 DAGs
[2026-08-27T08:10:42.145+0000] {logging_mixin.py:188} INFO - [2026-08-27T08:10:42.145+0000] {dag.py:3823} INFO - Setting next_dagrun for supermarket_etl_pipeline to None, run_after=None
[2026-08-27T08:10:42.163+0000] {processor.py:183} INFO - Processing /opt/airflow/dags/supermarket_etl_pipeline.py took 0.264 seconds
[2026-08-27T08:11:12.384+0000] {processor.py:161} INFO - Started process (PID=4297) to work on /opt/airflow/dags/supermarket_etl_pipeline.py
[2026-08-27T08:11:12.386+0000] {processor.py:830} INFO - Processing file /opt/airflow/dags/supermarket_etl_pipeline.py for tasks to queue
[2026-08-27T08:11:12.389+0000] {logging_mixin.py:188} INFO - [2026-08-27T08:11:12.389+0000] {dagbag.py:538} INFO - Filling up the DagBag from /opt/airflow/dags/supermarket_etl_pipeline.py
[2026-08-27T08:11:12.647+0000] {processor.py:840} INFO - DAG(s) 'supermarket_etl_pipeline' retrieved from /opt/airflow/dags/supermarket_etl_pipeline.py
[2026-08-27T08:11:12.668+0000] {logging_mixin.py:188} INFO - [2026-08-27T08:11:12.668+0000] {dag.py:3036} INFO - Sync 1 DAGs
[2026-08-27T08:11:12.678+0000] {logging_mixin.py:188} INFO - [2026-08-27T08:11:12.677+0000] {dag.py:3823} INFO - Setting next_dagrun for supermarket_etl_pipeline to None, run_after=None
[2026-08-27T08:11:12.696+0000] {processor.py:183} INFO - Processing /opt/airflow/dags/supermarket_etl_pipeline.py took 0.315 seconds
[2026-08-27T08:11:42.859+0000] {processor.py:161} INFO - Started process (PID=4303) to work on /opt/airflow/dags/supermarket_etl_pipeline.py
[2026-08-27T08:11:42.861+0000] {processor.py:830} INFO - Processing file /opt/airflow/dags/supermarket_etl_pipeline.py for tasks to queue
[2026-08-27T08:11:42.863+0000] {logging_mixin.py:188} INFO - [2026-08-27T08:11:42.863+0000] {dagbag.py:538} INFO - Filling up the DagBag from /opt/airflow/dags/supermarket_etl_pipeline.py
[2026-08-27T08:11:43.079+0000] {processor.py:840} INFO - DAG(s) 'supermarket_etl_pipeline' retrieved from /opt/airflow/dags/supermarket_etl_pipeline.py
[2026-08-27T08:11:43.100+0000] {logging_mixin.py:188} INFO - [2026-08-27T08:11:43.100+0000] {dag.py:3036} INFO - Sync 1 DAGs
[2026-08-27T08:11:43.111+0000] {logging_mixin.py:188} INFO - [2026-08-27T08:11:43.110+0000] {dag.py:3823} INFO - Setting next_dagrun for supermarket_etl_pipeline to None, run_after=None
[2026-08-27T08:11:43.131+0000] {processor.py:183} INFO - Processing /opt/airflow/dags/supermarket_etl_pipeline.py took 0.277 seconds
[2026-08-27T08:12:13.329+0000] {processor.py:161} INFO - Started process (PID=4309) to work on /opt/airflow/dags/supermarket_etl_pipeline.py
[2026-08-27T08:12:13.332+0000] {processor.py:830} INFO - Processing file /opt/airflow/dags/supermarket_etl_pipeline.py for tasks to queue
[2026-08-27T08:12:13.334+0000] {logging_mixin.py:188} INFO - [2026-08-27T08:12:13.334+0000] {dagbag.py:538} INFO - Filling up the DagBag from /opt/airflow/dags/supermarket_etl_pipeline.py
[2026-08-27T08:12:13.598+0000] {processor.py:840} INFO - DAG(s) 'supermarket_etl_pipeline' retrieved from /opt/airflow/dags/supermarket_etl_pipeline.py
[2026-08-27T08:12:13.625+0000] {logging_mixin.py:188} INFO - [2026-08-27T08:12:13.625+0000] {dag.py:3036} INFO - Sync 1 DAGs
[2026-08-27T08:12:13.639+0000] {logging_mixin.py:188} INFO - [2026-08-27T08:12:13.639+0000] {dag.py:3823} INFO - Setting next_dagrun for supermarket_etl_pipeline to None, run_after=None
[2026-08-27T08:12:13.672+0000] {processor.py:183} INFO - Processing /opt/airflow/dags/supermarket_etl_pipeline.py took 0.348 seconds
[2026-08-27T08:12:43.802+0000] {processor.py:161} INFO - Started process (PID=4315) to work on /opt/airflow/dags/supermarket_etl_pipeline.py
[2026-08-27T08:12:43.804+0000] {processor.py:830} INFO - Processing file /opt/airflow/dags/supermarket_etl_pipeline.py for tasks to queue
[2026-08-27T08:12:43.806+0000] {logging_mixin.py:188} INFO - [2026-08-27T08:12:43.806+0000] {dagbag.py:538} INFO - Filling up the DagBag from /opt/airflow/dags/supermarket_etl_pipeline.py
[2026-08-27T08:12:44.034+0000] {processor.py:840} INFO - DAG(s) 'supermarket_etl_pipeline' retrieved from /opt/airflow/dags/supermarket_etl_pipeline.py
[2026-08-27T08:12:44.054+0000] {logging_mixin.py:188} INFO - [2026-08-27T08:12:44.054+0000] {dag.py:3036} INFO - Sync 1 DAGs
[2026-08-27T08:12:44.064+0000] {logging_mixin.py:188} INFO - [2026-08-27T08:12:44.064+0000] {dag.py:3823} INFO - Setting next_dagrun for supermarket_etl_pipeline to None, run_after=None
[2026-08-27T08:12:44.085+0000] {processor.py:183} INFO - Processing /opt/airflow/dags/supermarket_etl_pipeline.py took 0.285 seconds
[2026-08-27T08:13:14.385+0000] {processor.py:161} INFO - Started process (PID=4321) to work on /opt/airflow/dags/supermarket_etl_pipeline.py
[2026-08-27T08:13:14.388+0000] {processor.py:830} INFO - Processing file /opt/airflow/dags/supermarket_etl_pipeline.py for tasks to queue
[2026-08-27T08:13:14.391+0000] {logging_mixin.py:188} INFO - [2026-08-27T08:13:14.390+0000] {dagbag.py:538} INFO - Filling up the DagBag from /opt/airflow/dags/supermarket_etl_pipeline.py
[2026-08-27T08:13:14.725+0000] {processor.py:840} INFO - DAG(s) 'supermarket_etl_pipeline' retrieved from /opt/airflow/dags/supermarket_etl_pipeline.py
[2026-08-27T08:13:14.759+0000] {logging_mixin.py:188} INFO - [2026-08-27T08:13:14.759+0000] {dag.py:3036} INFO - Sync 1 DAGs
[2026-08-27T08:13:14.772+0000] {logging_mixin.py:188} INFO - [2026-08-27T08:13:14.771+0000] {dag.py:3823} INFO - Setting next_dagrun for supermarket_etl_pipeline to None, run_after=None
[2026-08-27T08:13:14.794+0000] {processor.py:183} INFO - Processing /opt/airflow/dags/supermarket_etl_pipeline.py took 0.413 seconds
[2026-08-27T08:13:45.151+0000] {processor.py:161} INFO - Started process (PID=4327) to work on /opt/airflow/dags/supermarket_etl_pipeline.py
[2026-08-27T08:13:45.153+0000] {processor.py:830} INFO - Processing file /opt/airflow/dags/supermarket_etl_pipeline.py for tasks to queue
[2026-08-27T08:13:45.156+0000] {logging_mixin.py:188} INFO - [2026-08-27T08:13:45.156+0000] {dagbag.py:538} INFO - Filling up the DagBag from /opt/airflow/dags/supermarket_etl_pipeline.py
[2026-08-27T08:13:45.444+0000] {processor.py:840} INFO - DAG(s) 'supermarket_etl_pipeline' retrieved from /opt/airflow/dags/supermarket_etl_pipeline.py
[2026-08-27T08:13:45.477+0000] {logging_mixin.py:188} INFO - [2026-08-27T08:13:45.477+0000] {dag.py:3036} INFO - Sync 1 DAGs
[2026-08-27T08:13:45.490+0000] {logging_mixin.py:188} INFO - [2026-08-27T08:13:45.489+0000] {dag.py:3823} INFO - Setting next_dagrun for supermarket_etl_pipeline to None, run_after=None
[2026-08-27T08:13:45.515+0000] {processor.py:183} INFO - Processing /opt/airflow/dags/supermarket_etl_pipeline.py took 0.373 seconds
[2026-08-27T08:14:15.906+0000] {processor.py:161} INFO - Started process (PID=4333) to work on /opt/airflow/dags/supermarket_etl_pipeline.py
[2026-08-27T08:14:15.908+0000] {processor.py:830} INFO - Processing file /opt/airflow/dags/supermarket_etl_pipeline.py for tasks to queue
[2026-08-27T08:14:15.911+0000] {logging_mixin.py:188} INFO - [2026-08-27T08:14:15.910+0000] {dagbag.py:538} INFO - Filling up the DagBag from /opt/airflow/dags/supermarket_etl_pipeline.py
[2026-08-27T08:14:16.202+0000] {processor.py:840} INFO - DAG(s) 'supermarket_etl_pipeline' retrieved from /opt/airflow/dags/supermarket_etl_pipeline.py
[2026-08-27T08:14:16.230+0000] {logging_mixin.py:188} INFO - [2026-08-27T08:14:16.230+0000] {dag.py:3036} INFO - Sync 1 DAGs
[2026-08-27T08:14:16.244+0000] {logging_mixin.py:188} INFO - [2026-08-27T08:14:16.243+0000] {dag.py:3823} INFO - Setting next_dagrun for supermarket_etl_pipeline to None, run_after=None
[2026-08-27T08:14:16.266+0000] {processor.py:183} INFO - Processing /opt/airflow/dags/supermarket_etl_pipeline.py took 0.364 seconds
[2026-08-27T08:14:46.610+0000] {processor.py:161} INFO - Started process (PID=4339) to work on /opt/airflow/dags/supermarket_etl_pipeline.py
[2026-08-27T08:14:46.612+0000] {processor.py:830} INFO - Processing file /opt/airflow/dags/supermarket_etl_pipeline.py for tasks to queue
[2026-08-27T08:14:46.613+0000] {logging_mixin.py:188} INFO - [2026-08-27T08:14:46.613+0000] {dagbag.py:538} INFO - Filling up the DagBag from /opt/airflow/dags/supermarket_etl_pipeline.py
[2026-08-27T08:14:46.830+0000] {processor.py:840} INFO - DAG(s) 'supermarket_etl_pipeline' retrieved from /opt/airflow/dags/supermarket_etl_pipeline.py
[2026-08-27T08:14:46.850+0000] {logging_mixin.py:188} INFO - [2026-08-27T08:14:46.850+0000] {dag.py:3036} INFO - Sync 1 DAGs
[2026-08-27T08:14:46.860+0000] {logging_mixin.py:188} INFO - [2026-08-27T08:14:46.860+0000] {dag.py:3823} INFO - Setting next_dagrun for supermarket_etl_pipeline to None, run_after=None
[2026-08-27T08:14:46.881+0000] {processor.py:183} INFO - Processing /opt/airflow/dags/supermarket_etl_pipeline.py took 0.274 seconds
[2026-08-27T08:15:17.257+0000] {processor.py:161} INFO - Started process (PID=4345) to work on /opt/airflow/dags/supermarket_etl_pipeline.py
[2026-08-27T08:15:17.259+0000] {processor.py:830} INFO - Processing file /opt/airflow/dags/supermarket_etl_pipeline.py for tasks to queue
[2026-08-27T08:15:17.260+0000] {logging_mixin.py:188} INFO - [2026-08-27T08:15:17.260+0000] {dagbag.py:538} INFO - Filling up the DagBag from /opt/airflow/dags/supermarket_etl_pipeline.py
[2026-08-27T08:15:17.486+0000] {processor.py:840} INFO - DAG(s) 'supermarket_etl_pipeline' retrieved from /opt/airflow/dags/supermarket_etl_pipeline.py
[2026-08-27T08:15:17.510+0000] {logging_mixin.py:188} INFO - [2026-08-27T08:15:17.510+0000] {dag.py:3036} INFO - Sync 1 DAGs
[2026-08-27T08:15:17.520+0000] {logging_mixin.py:188} INFO - [2026-08-27T08:15:17.520+0000] {dag.py:3823} INFO - Setting next_dagrun for supermarket_etl_pipeline to None, run_after=None
[2026-08-27T08:15:17.537+0000] {processor.py:183} INFO - Processing /opt/airflow/dags/supermarket_etl_pipeline.py took 0.283 seconds
[2026-08-27T08:15:47.903+0000] {processor.py:161} INFO - Started process (PID=4351) to work on /opt/airflow/dags/supermarket_etl_pipeline.py
[2026-08-27T08:15:47.906+0000] {processor.py:830} INFO - Processing file /opt/airflow/dags/supermarket_etl_pipeline.py for tasks to queue
[2026-08-27T08:15:47.908+0000] {logging_mixin.py:188} INFO - [2026-08-27T08:15:47.908+0000] {dagbag.py:538} INFO - Filling up the DagBag from /opt/airflow/dags/supermarket_etl_pipeline.py
[2026-08-27T08:15:48.203+0000] {processor.py:840} INFO - DAG(s) 'supermarket_etl_pipeline' retrieved from /opt/airflow/dags/supermarket_etl_pipeline.py
[2026-08-27T08:15:48.231+0000] {logging_mixin.py:188} INFO - [2026-08-27T08:15:48.230+0000] {dag.py:3036} INFO - Sync 1 DAGs
[2026-08-27T08:15:48.245+0000] {logging_mixin.py:188} INFO - [2026-08-27T08:15:48.245+0000] {dag.py:3823} INFO - Setting next_dagrun for supermarket_etl_pipeline to None, run_after=None
[2026-08-27T08:15:48.280+0000] {processor.py:183} INFO - Processing /opt/airflow/dags/supermarket_etl_pipeline.py took 0.382 seconds
[2026-08-27T08:16:18.644+0000] {processor.py:161} INFO - Started process (PID=4357) to work on /opt/airflow/dags/supermarket_etl_pipeline.py
[2026-08-27T08:16:18.646+0000] {processor.py:830} INFO - Processing file /opt/airflow/dags/supermarket_etl_pipeline.py for tasks to queue
[2026-08-27T08:16:18.649+0000] {logging_mixin.py:188} INFO - [2026-08-27T08:16:18.648+0000] {dagbag.py:538} INFO - Filling up the DagBag from /opt/airflow/dags/supermarket_etl_pipeline.py
[2026-08-27T08:16:18.861+0000] {processor.py:840} INFO - DAG(s) 'supermarket_etl_pipeline' retrieved from /opt/airflow/dags/supermarket_etl_pipeline.py
[2026-08-27T08:16:18.882+0000] {logging_mixin.py:188} INFO - [2026-08-27T08:16:18.882+0000] {dag.py:3036} INFO - Sync 1 DAGs
[2026-08-27T08:16:18.892+0000] {logging_mixin.py:188} INFO - [2026-08-27T08:16:18.892+0000] {dag.py:3823} INFO - Setting next_dagrun for supermarket_etl_pipeline to None, run_after=None
[2026-08-27T08:16:18.912+0000] {processor.py:183} INFO - Processing /opt/airflow/dags/supermarket_etl_pipeline.py took 0.270 seconds
[2026-08-27T08:16:49.270+0000] {processor.py:161} INFO - Started process (PID=4363) to work on /opt/airflow/dags/supermarket_etl_pipeline.py
[2026-08-27T08:16:49.272+0000] {processor.py:830} INFO - Processing file /opt/airflow/dags/supermarket_etl_pipeline.py for tasks to queue
[2026-08-27T08:16:49.274+0000] {logging_mixin.py:188} INFO - [2026-08-27T08:16:49.273+0000] {dagbag.py:538} INFO - Filling up the DagBag from /opt/airflow/dags/supermarket_etl_pipeline.py
[2026-08-27T08:16:49.514+0000] {processor.py:840} INFO - DAG(s) 'supermarket_etl_pipeline' retrieved from /opt/airflow/dags/supermarket_etl_pipeline.py
[2026-08-27T08:16:49.537+0000] {logging_mixin.py:188} INFO - [2026-08-27T08:16:49.537+0000] {dag.py:3036} INFO - Sync 1 DAGs
[2026-08-27T08:16:49.549+0000] {logging_mixin.py:188} INFO - [2026-08-27T08:16:49.548+0000] {dag.py:3823} INFO - Setting next_dagrun for supermarket_etl_pipeline to None, run_after=None
[2026-08-27T08:16:49.572+0000] {processor.py:183} INFO - Processing /opt/airflow/dags/supermarket_etl_pipeline.py took 0.306 seconds
[2026-08-27T08:17:19.913+0000] {processor.py:161} INFO - Started process (PID=4369) to work on /opt/airflow/dags/supermarket_etl_pipeline.py
[2026-08-27T08:17:19.915+0000] {processor.py:830} INFO - Processing file /opt/airflow/dags/supermarket_etl_pipeline.py for tasks to queue
[2026-08-27T08:17:19.918+0000] {logging_mixin.py:188} INFO - [2026-08-27T08:17:19.918+0000] {dagbag.py:538} INFO - Filling up the DagBag from /opt/airflow/dags/supermarket_etl_pipeline.py
[2026-08-27T08:17:20.210+0000] {processor.py:840} INFO - DAG(s) 'supermarket_etl_pipeline' retrieved from /opt/airflow/dags/supermarket_etl_pipeline.py
[2026-08-27T08:17:20.238+0000] {logging_mixin.py:188} INFO - [2026-08-27T08:17:20.237+0000] {dag.py:3036} INFO - Sync 1 DAGs
[2026-08-27T08:17:20.250+0000] {logging_mixin.py:188} INFO - [2026-08-27T08:17:20.250+0000] {dag.py:3823} INFO - Setting next_dagrun for supermarket_etl_pipeline to None, run_after=None
[2026-08-27T08:17:20.273+0000] {processor.py:183} INFO - Processing /opt/airflow/dags/supermarket_etl_pipeline.py took 0.367 seconds
[2026-08-27T08:17:50.675+0000] {processor.py:161} INFO - Started process (PID=4375) to work on /opt/airflow/dags/supermarket_etl_pipeline.py
[2026-08-27T08:17:50.678+0000] {processor.py:830} INFO - Processing file /opt/airflow/dags/supermarket_etl_pipeline.py for tasks to queue
[2026-08-27T08:17:50.681+0000] {logging_mixin.py:188} INFO - [2026-08-27T08:17:50.681+0000] {dagbag.py:538} INFO - Filling up the DagBag from /opt/airflow/dags/supermarket_etl_pipeline.py
[2026-08-27T08:17:50.962+0000] {processor.py:840} INFO - DAG(s) 'supermarket_etl_pipeline' retrieved from /opt/airflow/dags/supermarket_etl_pipeline.py
[2026-08-27T08:17:50.989+0000] {logging_mixin.py:188} INFO - [2026-08-27T08:17:50.989+0000] {dag.py:3036} INFO - Sync 1 DAGs
[2026-08-27T08:17:51.002+0000] {logging_mixin.py:188} INFO - [2026-08-27T08:17:51.002+0000] {dag.py:3823} INFO - Setting next_dagrun for supermarket_etl_pipeline to None, run_after=None
[2026-08-27T08:17:51.027+0000] {processor.py:183} INFO - Processing /opt/airflow/dags/supermarket_etl_pipeline.py took 0.358 seconds
[2026-08-27T08:18:21.351+0000] {processor.py:161} INFO - Started process (PID=4381) to work on /opt/airflow/dags/supermarket_etl_pipeline.py
[2026-08-27T08:18:21.352+0000] {processor.py:830} INFO - Processing file /opt/airflow/dags/supermarket_etl_pipeline.py for tasks to queue
[2026-08-27T08:18:21.353+0000] {logging_mixin.py:188} INFO - [2026-08-27T08:18:21.352+0000] {dagbag.py:538} INFO - Filling up the DagBag from /opt/airflow/dags/supermarket_etl_pipeline.py
[2026-08-27T08:18:21.560+0000] {processor.py:840} INFO - DAG(s) 'supermarket_etl_pipeline' retrieved from /opt/airflow/dags/supermarket_etl_pipeline.py
[2026-08-27T08:18:21.580+0000] {logging_mixin.py:188} INFO - [2026-08-27T08:18:21.580+0000] {dag.py:3036} INFO - Sync 1 DAGs
[2026-08-27T08:18:21.592+0000] {logging_mixin.py:188} INFO - [2026-08-27T08:18:21.591+0000] {dag.py:3823} INFO - Setting next_dagrun for supermarket_etl_pipeline to None, run_after=None
[2026-08-27T08:18:21.611+0000] {processor.py:183} INFO - Processing /opt/airflow/dags/supermarket_etl_pipeline.py took 0.263 seconds
[2026-08-27T08:18:51.963+0000] {processor.py:161} INFO - Started process (PID=4387) to work on /opt/airflow/dags/supermarket_etl_pipeline.py
[2026-08-27T08:18:51.967+0000] {processor.py:830} INFO - Processing file /opt/airflow/dags/supermarket_etl_pipeline.py for tasks to queue
[2026-08-27T08:18:51.970+0000] {logging_mixin.py:188} INFO - [2026-08-27T08:18:51.970+0000] {dagbag.py:538} INFO - Filling up the DagBag from /opt/airflow/dags/supermarket_etl_pipeline.py
[2026-08-27T08:18:52.230+0000] {processor.py:840} INFO - DAG(s) 'supermarket_etl_pipeline' retrieved from /opt/airflow/dags/supermarket_etl_pipeline.py
[2026-08-27T08:18:52.254+0000] {logging_mixin.py:188} INFO - [2026-08-27T08:18:52.254+0000] {dag.py:3036} INFO - Sync 1 DAGs
[2026-08-27T08:18:52.264+0000] {logging_mixin.py:188} INFO - [2026-08-27T08:18:52.263+0000] {dag.py:3823} INFO - Setting next_dagrun for supermarket_etl_pipeline to None, run_after=None
[2026-08-27T08:18:52.281+0000] {processor.py:183} INFO - Processing /opt/airflow/dags/supermarket_etl_pipeline.py took 0.324 seconds
[2026-08-27T08:19:22.663+0000] {processor.py:161} INFO - Started process (PID=4393) to work on /opt/airflow/dags/supermarket_etl_pipeline.py
[2026-08-27T08:19:22.665+0000] {processor.py:830} INFO - Processing file /opt/airflow/dags/supermarket_etl_pipeline.py for tasks to queue
[2026-08-27T08:19:22.667+0000] {logging_mixin.py:188} INFO - [2026-08-27T08:19:22.667+0000] {dagbag.py:538} INFO - Filling up the DagBag from /opt/airflow/dags/supermarket_etl_pipeline.py
[2026-08-27T08:19:22.884+0000] {processor.py:840} INFO - DAG(s) 'supermarket_etl_pipeline' retrieved from /opt/airflow/dags/supermarket_etl_pipeline.py
[2026-08-27T08:19:22.905+0000] {logging_mixin.py:188} INFO - [2026-08-27T08:19:22.904+0000] {dag.py:3036} INFO - Sync 1 DAGs
[2026-08-27T08:19:22.916+0000] {logging_mixin.py:188} INFO - [2026-08-27T08:19:22.916+0000] {dag.py:3823} INFO - Setting next_dagrun for supermarket_etl_pipeline to None, run_after=None
[2026-08-27T08:19:22.935+0000] {processor.py:183} INFO - Processing /opt/airflow/dags/supermarket_etl_pipeline.py took 0.275 seconds
[2026-08-27T08:19:53.238+0000] {processor.py:161} INFO - Started process (PID=4399) to work on /opt/airflow/dags/supermarket_etl_pipeline.py
[2026-08-27T08:19:53.240+0000] {processor.py:830} INFO - Processing file /opt/airflow/dags/supermarket_etl_pipeline.py for tasks to queue
[2026-08-27T08:19:53.242+0000] {logging_mixin.py:188} INFO - [2026-08-27T08:19:53.242+0000] {dagbag.py:538} INFO - Filling up the DagBag from /opt/airflow/dags/supermarket_etl_pipeline.py
[2026-08-27T08:19:53.469+0000] {processor.py:840} INFO - DAG(s) 'supermarket_etl_pipeline' retrieved from /opt/airflow/dags/supermarket_etl_pipeline.py
[2026-08-27T08:19:53.493+0000] {logging_mixin.py:188} INFO - [2026-08-27T08:19:53.492+0000] {dag.py:3036} INFO - Sync 1 DAGs
[2026-08-27T08:19:53.503+0000] {logging_mixin.py:188} INFO - [2026-08-27T08:19:53.503+0000] {dag.py:3823} INFO - Setting next_dagrun for supermarket_etl_pipeline to None, run_after=None
[2026-08-27T08:19:53.524+0000] {processor.py:183} INFO - Processing /opt/airflow/dags/supermarket_etl_pipeline.py took 0.288 seconds
[2026-08-27T08:20:23.814+0000] {processor.py:161} INFO - Started process (PID=4405) to work on /opt/airflow/dags/supermarket_etl_pipeline.py
[2026-08-27T08:20:23.819+0000] {processor.py:830} INFO - Processing file /opt/airflow/dags/supermarket_etl_pipeline.py for tasks to queue
[2026-08-27T08:20:23.822+0000] {logging_mixin.py:188} INFO - [2026-08-27T08:20:23.822+0000] {dagbag.py:538} INFO - Filling up the DagBag from /opt/airflow/dags/supermarket_etl_pipeline.py
[2026-08-27T08:20:24.097+0000] {processor.py:840} INFO - DAG(s) 'supermarket_etl_pipeline' retrieved from /opt/airflow/dags/supermarket_etl_pipeline.py
[2026-08-27T08:20:24.123+0000] {logging_mixin.py:188} INFO - [2026-08-27T08:20:24.122+0000] {dag.py:3036} INFO - Sync 1 DAGs
[2026-08-27T08:20:24.133+0000] {logging_mixin.py:188} INFO - [2026-08-27T08:20:24.133+0000] {dag.py:3823} INFO - Setting next_dagrun for supermarket_etl_pipeline to None, run_after=None
[2026-08-27T08:20:24.153+0000] {processor.py:183} INFO - Processing /opt/airflow/dags/supermarket_etl_pipeline.py took 0.345 seconds
[2026-08-27T08:20:54.459+0000] {processor.py:161} INFO - Started process (PID=4411) to work on /opt/airflow/dags/supermarket_etl_pipeline.py
[2026-08-27T08:20:54.461+0000] {processor.py:830} INFO - Processing file /opt/airflow/dags/supermarket_etl_pipeline.py for tasks to queue
[2026-08-27T08:20:54.463+0000] {logging_mixin.py:188} INFO - [2026-08-27T08:20:54.463+0000] {dagbag.py:538} INFO - Filling up the DagBag from /opt/airflow/dags/supermarket_etl_pipeline.py
[2026-08-27T08:20:54.688+0000] {processor.py:840} INFO - DAG(s) 'supermarket_etl_pipeline' retrieved from /opt/airflow/dags/supermarket_etl_pipeline.py
[2026-08-27T08:20:54.719+0000] {logging_mixin.py:188} INFO - [2026-08-27T08:20:54.716+0000] {dag.py:3036} INFO - Sync 1 DAGs
[2026-08-27T08:20:54.734+0000] {logging_mixin.py:188} INFO - [2026-08-27T08:20:54.734+0000] {dag.py:3823} INFO - Setting next_dagrun for supermarket_etl_pipeline to None, run_after=None
[2026-08-27T08:20:54.764+0000] {processor.py:183} INFO - Processing /opt/airflow/dags/supermarket_etl_pipeline.py took 0.307 seconds
[2026-08-27T08:21:24.859+0000] {processor.py:161} INFO - Started process (PID=4417) to work on /opt/airflow/dags/supermarket_etl_pipeline.py
[2026-08-27T08:21:24.861+0000] {processor.py:830} INFO - Processing file /opt/airflow/dags/supermarket_etl_pipeline.py for tasks to queue
[2026-08-27T08:21:24.863+0000] {logging_mixin.py:188} INFO - [2026-08-27T08:21:24.863+0000] {dagbag.py:538} INFO - Filling up the DagBag from /opt/airflow/dags/supermarket_etl_pipeline.py
[2026-08-27T08:21:25.107+0000] {processor.py:840} INFO - DAG(s) 'supermarket_etl_pipeline' retrieved from /opt/airflow/dags/supermarket_etl_pipeline.py
[2026-08-27T08:21:25.128+0000] {logging_mixin.py:188} INFO - [2026-08-27T08:21:25.127+0000] {dag.py:3036} INFO - Sync 1 DAGs
[2026-08-27T08:21:25.137+0000] {logging_mixin.py:188} INFO - [2026-08-27T08:21:25.137+0000] {dag.py:3823} INFO - Setting next_dagrun for supermarket_etl_pipeline to None, run_after=None
[2026-08-27T08:21:25.156+0000] {processor.py:183} INFO - Processing /opt/airflow/dags/supermarket_etl_pipeline.py took 0.301 seconds
[2026-08-27T08:21:55.326+0000] {processor.py:161} INFO - Started process (PID=4423) to work on /opt/airflow/dags/supermarket_etl_pipeline.py
[2026-08-27T08:21:55.327+0000] {processor.py:830} INFO - Processing file /opt/airflow/dags/supermarket_etl_pipeline.py for tasks to queue
[2026-08-27T08:21:55.329+0000] {logging_mixin.py:188} INFO - [2026-08-27T08:21:55.329+0000] {dagbag.py:538} INFO - Filling up the DagBag from /opt/airflow/dags/supermarket_etl_pipeline.py
[2026-08-27T08:21:55.570+0000] {processor.py:840} INFO - DAG(s) 'supermarket_etl_pipeline' retrieved from /opt/airflow/dags/supermarket_etl_pipeline.py
[2026-08-27T08:21:55.597+0000] {logging_mixin.py:188} INFO - [2026-08-27T08:21:55.597+0000] {dag.py:3036} INFO - Sync 1 DAGs
[2026-08-27T08:21:55.608+0000] {logging_mixin.py:188} INFO - [2026-08-27T08:21:55.607+0000] {dag.py:3823} INFO - Setting next_dagrun for supermarket_etl_pipeline to None, run_after=None
[2026-08-27T08:21:55.633+0000] {processor.py:183} INFO - Processing /opt/airflow/dags/supermarket_etl_pipeline.py took 0.311 seconds
[2026-08-27T08:22:25.741+0000] {processor.py:161} INFO - Started process (PID=4429) to work on /opt/airflow/dags/supermarket_etl_pipeline.py
[2026-08-27T08:22:25.743+0000] {processor.py:830} INFO - Processing file /opt/airflow/dags/supermarket_etl_pipeline.py for tasks to queue
[2026-08-27T08:22:25.744+0000] {logging_mixin.py:188} INFO - [2026-08-27T08:22:25.744+0000] {dagbag.py:538} INFO - Filling up the DagBag from /opt/airflow/dags/supermarket_etl_pipeline.py
[2026-08-27T08:22:26.003+0000] {processor.py:840} INFO - DAG(s) 'supermarket_etl_pipeline' retrieved from /opt/airflow/dags/supermarket_etl_pipeline.py
[2026-08-27T08:22:26.045+0000] {logging_mixin.py:188} INFO - [2026-08-27T08:22:26.045+0000] {dag.py:3036} INFO - Sync 1 DAGs
[2026-08-27T08:22:26.057+0000] {logging_mixin.py:188} INFO - [2026-08-27T08:22:26.057+0000] {dag.py:3823} INFO - Setting next_dagrun for supermarket_etl_pipeline to None, run_after=None
[2026-08-27T08:22:26.080+0000] {processor.py:183} INFO - Processing /opt/airflow/dags/supermarket_etl_pipeline.py took 0.342 seconds
[2026-08-27T08:22:56.297+0000] {processor.py:161} INFO - Started process (PID=4435) to work on /opt/airflow/dags/supermarket_etl_pipeline.py
[2026-08-27T08:22:56.299+0000] {processor.py:830} INFO - Processing file /opt/airflow/dags/supermarket_etl_pipeline.py for tasks to queue
[2026-08-27T08:22:56.302+0000] {logging_mixin.py:188} INFO - [2026-08-27T08:22:56.301+0000] {dagbag.py:538} INFO - Filling up the DagBag from /opt/airflow/dags/supermarket_etl_pipeline.py
[2026-08-27T08:22:56.516+0000] {processor.py:840} INFO - DAG(s) 'supermarket_etl_pipeline' retrieved from /opt/airflow/dags/supermarket_etl_pipeline.py
[2026-08-27T08:22:56.537+0000] {logging_mixin.py:188} INFO - [2026-08-27T08:22:56.537+0000] {dag.py:3036} INFO - Sync 1 DAGs
[2026-08-27T08:22:56.547+0000] {logging_mixin.py:188} INFO - [2026-08-27T08:22:56.547+0000] {dag.py:3823} INFO - Setting next_dagrun for supermarket_etl_pipeline to None, run_after=None
[2026-08-27T08:22:56.566+0000] {processor.py:183} INFO - Processing /opt/airflow/dags/supermarket_etl_pipeline.py took 0.272 seconds
[2026-08-27T08:23:26.669+0000] {processor.py:161} INFO - Started process (PID=4441) to work on /opt/airflow/dags/supermarket_etl_pipeline.py
[2026-08-27T08:23:26.670+0000] {processor.py:830} INFO - Processing file /opt/airflow/dags/supermarket_etl_pipeline.py for tasks to queue
[2026-08-27T08:23:26.671+0000] {logging_mixin.py:188} INFO - [2026-08-27T08:23:26.671+0000] {dagbag.py:538} INFO - Filling up the DagBag from /opt/airflow/dags/supermarket_etl_pipeline.py
[2026-08-27T08:23:26.892+0000] {processor.py:840} INFO - DAG(s) 'supermarket_etl_pipeline' retrieved from /opt/airflow/dags/supermarket_etl_pipeline.py
[2026-08-27T08:23:26.917+0000] {logging_mixin.py:188} INFO - [2026-08-27T08:23:26.917+0000] {dag.py:3036} INFO - Sync 1 DAGs
[2026-08-27T08:23:26.927+0000] {logging_mixin.py:188} INFO - [2026-08-27T08:23:26.927+0000] {dag.py:3823} INFO - Setting next_dagrun for supermarket_etl_pipeline to None, run_after=None
[2026-08-27T08:23:26.948+0000] {processor.py:183} INFO - Processing /opt/airflow/dags/supermarket_etl_pipeline.py took 0.282 seconds
[2026-08-27T08:23:57.306+0000] {processor.py:161} INFO - Started process (PID=4447) to work on /opt/airflow/dags/supermarket_etl_pipeline.py
[2026-08-27T08:23:57.308+0000] {processor.py:830} INFO - Processing file /opt/airflow/dags/supermarket_etl_pipeline.py for tasks to queue
[2026-08-27T08:23:57.310+0000] {logging_mixin.py:188} INFO - [2026-08-27T08:23:57.309+0000] {dagbag.py:538} INFO - Filling up the DagBag from /opt/airflow/dags/supermarket_etl_pipeline.py
[2026-08-27T08:23:57.527+0000] {processor.py:840} INFO - DAG(s) 'supermarket_etl_pipeline' retrieved from /opt/airflow/dags/supermarket_etl_pipeline.py
[2026-08-27T08:23:57.547+0000] {logging_mixin.py:188} INFO - [2026-08-27T08:23:57.547+0000] {dag.py:3036} INFO - Sync 1 DAGs
[2026-08-27T08:23:57.556+0000] {logging_mixin.py:188} INFO - [2026-08-27T08:23:57.556+0000] {dag.py:3823} INFO - Setting next_dagrun for supermarket_etl_pipeline to None, run_after=None
[2026-08-27T08:23:57.576+0000] {processor.py:183} INFO - Processing /opt/airflow/dags/supermarket_etl_pipeline.py took 0.273 seconds
[2026-08-27T08:24:27.641+0000] {processor.py:161} INFO - Started process (PID=4453) to work on /opt/airflow/dags/supermarket_etl_pipeline.py
[2026-08-27T08:24:27.643+0000] {processor.py:830} INFO - Processing file /opt/airflow/dags/supermarket_etl_pipeline.py for tasks to queue
[2026-08-27T08:24:27.645+0000] {logging_mixin.py:188} INFO - [2026-08-27T08:24:27.645+0000] {dagbag.py:538} INFO - Filling up the DagBag from /opt/airflow/dags/supermarket_etl_pipeline.py
[2026-08-27T08:24:27.975+0000] {processor.py:840} INFO - DAG(s) 'supermarket_etl_pipeline' retrieved from /opt/airflow/dags/supermarket_etl_pipeline.py
[2026-08-27T08:24:27.997+0000] {logging_mixin.py:188} INFO - [2026-08-27T08:24:27.996+0000] {dag.py:3036} INFO - Sync 1 DAGs
[2026-08-27T08:24:28.008+0000] {logging_mixin.py:188} INFO - [2026-08-27T08:24:28.007+0000] {dag.py:3823} INFO - Setting next_dagrun for supermarket_etl_pipeline to None, run_after=None
[2026-08-27T08:24:28.029+0000] {processor.py:183} INFO - Processing /opt/airflow/dags/supermarket_etl_pipeline.py took 0.391 seconds
[2026-08-27T08:24:58.203+0000] {processor.py:161} INFO - Started process (PID=4459) to work on /opt/airflow/dags/supermarket_etl_pipeline.py
[2026-08-27T08:24:58.205+0000] {processor.py:830} INFO - Processing file /opt/airflow/dags/supermarket_etl_pipeline.py for tasks to queue
[2026-08-27T08:24:58.208+0000] {logging_mixin.py:188} INFO - [2026-08-27T08:24:58.207+0000] {dagbag.py:538} INFO - Filling up the DagBag from /opt/airflow/dags/supermarket_etl_pipeline.py
[2026-08-27T08:24:58.416+0000] {processor.py:840} INFO - DAG(s) 'supermarket_etl_pipeline' retrieved from /opt/airflow/dags/supermarket_etl_pipeline.py
[2026-08-27T08:24:58.435+0000] {logging_mixin.py:188} INFO - [2026-08-27T08:24:58.435+0000] {dag.py:3036} INFO - Sync 1 DAGs
[2026-08-27T08:24:58.444+0000] {logging_mixin.py:188} INFO - [2026-08-27T08:24:58.444+0000] {dag.py:3823} INFO - Setting next_dagrun for supermarket_etl_pipeline to None, run_after=None
[2026-08-27T08:24:58.462+0000] {processor.py:183} INFO - Processing /opt/airflow/dags/supermarket_etl_pipeline.py took 0.261 seconds
[2026-08-27T08:25:28.591+0000] {processor.py:161} INFO - Started process (PID=4465) to work on /opt/airflow/dags/supermarket_etl_pipeline.py
[2026-08-27T08:25:28.597+0000] {processor.py:830} INFO - Processing file /opt/airflow/dags/supermarket_etl_pipeline.py for tasks to queue
[2026-08-27T08:25:28.602+0000] {logging_mixin.py:188} INFO - [2026-08-27T08:25:28.601+0000] {dagbag.py:538} INFO - Filling up the DagBag from /opt/airflow/dags/supermarket_etl_pipeline.py
[2026-08-27T08:25:28.806+0000] {processor.py:840} INFO - DAG(s) 'supermarket_etl_pipeline' retrieved from /opt/airflow/dags/supermarket_etl_pipeline.py
[2026-08-27T08:25:28.826+0000] {logging_mixin.py:188} INFO - [2026-08-27T08:25:28.825+0000] {dag.py:3036} INFO - Sync 1 DAGs
[2026-08-27T08:25:28.834+0000] {logging_mixin.py:188} INFO - [2026-08-27T08:25:28.834+0000] {dag.py:3823} INFO - Setting next_dagrun for supermarket_etl_pipeline to None, run_after=None
[2026-08-27T08:25:28.854+0000] {processor.py:183} INFO - Processing /opt/airflow/dags/supermarket_etl_pipeline.py took 0.265 seconds
[2026-08-27T08:25:59.014+0000] {processor.py:161} INFO - Started process (PID=4471) to work on /opt/airflow/dags/supermarket_etl_pipeline.py
[2026-08-27T08:25:59.017+0000] {processor.py:830} INFO - Processing file /opt/airflow/dags/supermarket_etl_pipeline.py for tasks to queue
[2026-08-27T08:25:59.019+0000] {logging_mixin.py:188} INFO - [2026-08-27T08:25:59.019+0000] {dagbag.py:538} INFO - Filling up the DagBag from /opt/airflow/dags/supermarket_etl_pipeline.py
[2026-08-27T08:25:59.268+0000] {processor.py:840} INFO - DAG(s) 'supermarket_etl_pipeline' retrieved from /opt/airflow/dags/supermarket_etl_pipeline.py
[2026-08-27T08:25:59.292+0000] {logging_mixin.py:188} INFO - [2026-08-27T08:25:59.291+0000] {dag.py:3036} INFO - Sync 1 DAGs
[2026-08-27T08:25:59.303+0000] {logging_mixin.py:188} INFO - [2026-08-27T08:25:59.303+0000] {dag.py:3823} INFO - Setting next_dagrun for supermarket_etl_pipeline to None, run_after=None
[2026-08-27T08:25:59.320+0000] {processor.py:183} INFO - Processing /opt/airflow/dags/supermarket_etl_pipeline.py took 0.310 seconds
[2026-08-27T08:26:29.649+0000] {processor.py:161} INFO - Started process (PID=4477) to work on /opt/airflow/dags/supermarket_etl_pipeline.py
[2026-08-27T08:26:29.651+0000] {processor.py:830} INFO - Processing file /opt/airflow/dags/supermarket_etl_pipeline.py for tasks to queue
[2026-08-27T08:26:29.654+0000] {logging_mixin.py:188} INFO - [2026-08-27T08:26:29.654+0000] {dagbag.py:538} INFO - Filling up the DagBag from /opt/airflow/dags/supermarket_etl_pipeline.py
[2026-08-27T08:26:29.931+0000] {processor.py:840} INFO - DAG(s) 'supermarket_etl_pipeline' retrieved from /opt/airflow/dags/supermarket_etl_pipeline.py
[2026-08-27T08:26:29.957+0000] {logging_mixin.py:188} INFO - [2026-08-27T08:26:29.957+0000] {dag.py:3036} INFO - Sync 1 DAGs
[2026-08-27T08:26:29.970+0000] {logging_mixin.py:188} INFO - [2026-08-27T08:26:29.970+0000] {dag.py:3823} INFO - Setting next_dagrun for supermarket_etl_pipeline to None, run_after=None
[2026-08-27T08:26:29.992+0000] {processor.py:183} INFO - Processing /opt/airflow/dags/supermarket_etl_pipeline.py took 0.348 seconds
[2026-08-27T08:27:00.335+0000] {processor.py:161} INFO - Started process (PID=4483) to work on /opt/airflow/dags/supermarket_etl_pipeline.py
[2026-08-27T08:27:00.337+0000] {processor.py:830} INFO - Processing file /opt/airflow/dags/supermarket_etl_pipeline.py for tasks to queue
[2026-08-27T08:27:00.339+0000] {logging_mixin.py:188} INFO - [2026-08-27T08:27:00.339+0000] {dagbag.py:538} INFO - Filling up the DagBag from /opt/airflow/dags/supermarket_etl_pipeline.py
[2026-08-27T08:27:00.571+0000] {processor.py:840} INFO - DAG(s) 'supermarket_etl_pipeline' retrieved from /opt/airflow/dags/supermarket_etl_pipeline.py
[2026-08-27T08:27:00.594+0000] {logging_mixin.py:188} INFO - [2026-08-27T08:27:00.594+0000] {dag.py:3036} INFO - Sync 1 DAGs
[2026-08-27T08:27:00.603+0000] {logging_mixin.py:188} INFO - [2026-08-27T08:27:00.603+0000] {dag.py:3823} INFO - Setting next_dagrun for supermarket_etl_pipeline to None, run_after=None
[2026-08-27T08:27:00.628+0000] {processor.py:183} INFO - Processing /opt/airflow/dags/supermarket_etl_pipeline.py took 0.296 seconds
[2026-08-27T08:27:30.983+0000] {processor.py:161} INFO - Started process (PID=4489) to work on /opt/airflow/dags/supermarket_etl_pipeline.py
[2026-08-27T08:27:30.984+0000] {processor.py:830} INFO - Processing file /opt/airflow/dags/supermarket_etl_pipeline.py for tasks to queue
[2026-08-27T08:27:30.987+0000] {logging_mixin.py:188} INFO - [2026-08-27T08:27:30.986+0000] {dagbag.py:538} INFO - Filling up the DagBag from /opt/airflow/dags/supermarket_etl_pipeline.py
[2026-08-27T08:27:31.178+0000] {processor.py:840} INFO - DAG(s) 'supermarket_etl_pipeline' retrieved from /opt/airflow/dags/supermarket_etl_pipeline.py
[2026-08-27T08:27:31.198+0000] {logging_mixin.py:188} INFO - [2026-08-27T08:27:31.197+0000] {dag.py:3036} INFO - Sync 1 DAGs
[2026-08-27T08:27:31.208+0000] {logging_mixin.py:188} INFO - [2026-08-27T08:27:31.208+0000] {dag.py:3823} INFO - Setting next_dagrun for supermarket_etl_pipeline to None, run_after=None
[2026-08-27T08:27:31.225+0000] {processor.py:183} INFO - Processing /opt/airflow/dags/supermarket_etl_pipeline.py took 0.245 seconds
[2026-08-27T08:28:01.614+0000] {processor.py:161} INFO - Started process (PID=4495) to work on /opt/airflow/dags/supermarket_etl_pipeline.py
[2026-08-27T08:28:01.616+0000] {processor.py:830} INFO - Processing file /opt/airflow/dags/supermarket_etl_pipeline.py for tasks to queue
[2026-08-27T08:28:01.618+0000] {logging_mixin.py:188} INFO - [2026-08-27T08:28:01.618+0000] {dagbag.py:538} INFO - Filling up the DagBag from /opt/airflow/dags/supermarket_etl_pipeline.py
[2026-08-27T08:28:01.838+0000] {processor.py:840} INFO - DAG(s) 'supermarket_etl_pipeline' retrieved from /opt/airflow/dags/supermarket_etl_pipeline.py
[2026-08-27T08:28:01.858+0000] {logging_mixin.py:188} INFO - [2026-08-27T08:28:01.858+0000] {dag.py:3036} INFO - Sync 1 DAGs
[2026-08-27T08:28:01.867+0000] {logging_mixin.py:188} INFO - [2026-08-27T08:28:01.867+0000] {dag.py:3823} INFO - Setting next_dagrun for supermarket_etl_pipeline to None, run_after=None
[2026-08-27T08:28:01.887+0000] {processor.py:183} INFO - Processing /opt/airflow/dags/supermarket_etl_pipeline.py took 0.277 seconds
[2026-08-27T08:28:32.274+0000] {processor.py:161} INFO - Started process (PID=4501) to work on /opt/airflow/dags/supermarket_etl_pipeline.py
[2026-08-27T08:28:32.275+0000] {processor.py:830} INFO - Processing file /opt/airflow/dags/supermarket_etl_pipeline.py for tasks to queue
[2026-08-27T08:28:32.277+0000] {logging_mixin.py:188} INFO - [2026-08-27T08:28:32.277+0000] {dagbag.py:538} INFO - Filling up the DagBag from /opt/airflow/dags/supermarket_etl_pipeline.py
[2026-08-27T08:28:32.485+0000] {processor.py:840} INFO - DAG(s) 'supermarket_etl_pipeline' retrieved from /opt/airflow/dags/supermarket_etl_pipeline.py
[2026-08-27T08:28:32.505+0000] {logging_mixin.py:188} INFO - [2026-08-27T08:28:32.505+0000] {dag.py:3036} INFO - Sync 1 DAGs
[2026-08-27T08:28:32.515+0000] {logging_mixin.py:188} INFO - [2026-08-27T08:28:32.515+0000] {dag.py:3823} INFO - Setting next_dagrun for supermarket_etl_pipeline to None, run_after=None
[2026-08-27T08:28:32.534+0000] {processor.py:183} INFO - Processing /opt/airflow/dags/supermarket_etl_pipeline.py took 0.263 seconds
[2026-08-27T08:29:02.846+0000] {processor.py:161} INFO - Started process (PID=4507) to work on /opt/airflow/dags/supermarket_etl_pipeline.py
[2026-08-27T08:29:02.847+0000] {processor.py:830} INFO - Processing file /opt/airflow/dags/supermarket_etl_pipeline.py for tasks to queue
[2026-08-27T08:29:02.849+0000] {logging_mixin.py:188} INFO - [2026-08-27T08:29:02.849+0000] {dagbag.py:538} INFO - Filling up the DagBag from /opt/airflow/dags/supermarket_etl_pipeline.py
[2026-08-27T08:29:03.068+0000] {processor.py:840} INFO - DAG(s) 'supermarket_etl_pipeline' retrieved from /opt/airflow/dags/supermarket_etl_pipeline.py
[2026-08-27T08:29:03.094+0000] {logging_mixin.py:188} INFO - [2026-08-27T08:29:03.094+0000] {dag.py:3036} INFO - Sync 1 DAGs
[2026-08-27T08:29:03.103+0000] {logging_mixin.py:188} INFO - [2026-08-27T08:29:03.103+0000] {dag.py:3823} INFO - Setting next_dagrun for supermarket_etl_pipeline to None, run_after=None
[2026-08-27T08:29:03.125+0000] {processor.py:183} INFO - Processing /opt/airflow/dags/supermarket_etl_pipeline.py took 0.282 seconds
[2026-08-27T08:29:33.532+0000] {processor.py:161} INFO - Started process (PID=4513) to work on /opt/airflow/dags/supermarket_etl_pipeline.py
[2026-08-27T08:29:33.534+0000] {processor.py:830} INFO - Processing file /opt/airflow/dags/supermarket_etl_pipeline.py for tasks to queue
[2026-08-27T08:29:33.536+0000] {logging_mixin.py:188} INFO - [2026-08-27T08:29:33.536+0000] {dagbag.py:538} INFO - Filling up the DagBag from /opt/airflow/dags/supermarket_etl_pipeline.py
[2026-08-27T08:29:33.767+0000] {processor.py:840} INFO - DAG(s) 'supermarket_etl_pipeline' retrieved from /opt/airflow/dags/supermarket_etl_pipeline.py
[2026-08-27T08:29:33.790+0000] {logging_mixin.py:188} INFO - [2026-08-27T08:29:33.790+0000] {dag.py:3036} INFO - Sync 1 DAGs
[2026-08-27T08:29:33.800+0000] {logging_mixin.py:188} INFO - [2026-08-27T08:29:33.800+0000] {dag.py:3823} INFO - Setting next_dagrun for supermarket_etl_pipeline to None, run_after=None
[2026-08-27T08:29:33.822+0000] {processor.py:183} INFO - Processing /opt/airflow/dags/supermarket_etl_pipeline.py took 0.292 seconds
[2026-08-27T08:30:04.134+0000] {processor.py:161} INFO - Started process (PID=4519) to work on /opt/airflow/dags/supermarket_etl_pipeline.py
[2026-08-27T08:30:04.136+0000] {processor.py:830} INFO - Processing file /opt/airflow/dags/supermarket_etl_pipeline.py for tasks to queue
[2026-08-27T08:30:04.138+0000] {logging_mixin.py:188} INFO - [2026-08-27T08:30:04.138+0000] {dagbag.py:538} INFO - Filling up the DagBag from /opt/airflow/dags/supermarket_etl_pipeline.py
[2026-08-27T08:30:04.358+0000] {processor.py:840} INFO - DAG(s) 'supermarket_etl_pipeline' retrieved from /opt/airflow/dags/supermarket_etl_pipeline.py
[2026-08-27T08:30:04.380+0000] {logging_mixin.py:188} INFO - [2026-08-27T08:30:04.379+0000] {dag.py:3036} INFO - Sync 1 DAGs
[2026-08-27T08:30:04.392+0000] {logging_mixin.py:188} INFO - [2026-08-27T08:30:04.391+0000] {dag.py:3823} INFO - Setting next_dagrun for supermarket_etl_pipeline to None, run_after=None
[2026-08-27T08:30:04.415+0000] {processor.py:183} INFO - Processing /opt/airflow/dags/supermarket_etl_pipeline.py took 0.284 seconds
[2026-08-27T08:30:34.737+0000] {processor.py:161} INFO - Started process (PID=4525) to work on /opt/airflow/dags/supermarket_etl_pipeline.py
[2026-08-27T08:30:34.739+0000] {processor.py:830} INFO - Processing file /opt/airflow/dags/supermarket_etl_pipeline.py for tasks to queue
[2026-08-27T08:30:34.740+0000] {logging_mixin.py:188} INFO - [2026-08-27T08:30:34.740+0000] {dagbag.py:538} INFO - Filling up the DagBag from /opt/airflow/dags/supermarket_etl_pipeline.py
[2026-08-27T08:30:34.949+0000] {processor.py:840} INFO - DAG(s) 'supermarket_etl_pipeline' retrieved from /opt/airflow/dags/supermarket_etl_pipeline.py
[2026-08-27T08:30:34.970+0000] {logging_mixin.py:188} INFO - [2026-08-27T08:30:34.970+0000] {dag.py:3036} INFO - Sync 1 DAGs
[2026-08-27T08:30:34.980+0000] {logging_mixin.py:188} INFO - [2026-08-27T08:30:34.980+0000] {dag.py:3823} INFO - Setting next_dagrun for supermarket_etl_pipeline to None, run_after=None
[2026-08-27T08:30:34.998+0000] {processor.py:183} INFO - Processing /opt/airflow/dags/supermarket_etl_pipeline.py took 0.264 seconds
[2026-08-27T08:31:05.472+0000] {processor.py:161} INFO - Started process (PID=4531) to work on /opt/airflow/dags/supermarket_etl_pipeline.py
[2026-08-27T08:31:05.473+0000] {processor.py:830} INFO - Processing file /opt/airflow/dags/supermarket_etl_pipeline.py for tasks to queue
[2026-08-27T08:31:05.475+0000] {logging_mixin.py:188} INFO - [2026-08-27T08:31:05.475+0000] {dagbag.py:538} INFO - Filling up the DagBag from /opt/airflow/dags/supermarket_etl_pipeline.py
[2026-08-27T08:31:05.696+0000] {processor.py:840} INFO - DAG(s) 'supermarket_etl_pipeline' retrieved from /opt/airflow/dags/supermarket_etl_pipeline.py
[2026-08-27T08:31:05.720+0000] {logging_mixin.py:188} INFO - [2026-08-27T08:31:05.720+0000] {dag.py:3036} INFO - Sync 1 DAGs
[2026-08-27T08:31:05.731+0000] {logging_mixin.py:188} INFO - [2026-08-27T08:31:05.731+0000] {dag.py:3823} INFO - Setting next_dagrun for supermarket_etl_pipeline to None, run_after=None
[2026-08-27T08:31:05.755+0000] {processor.py:183} INFO - Processing /opt/airflow/dags/supermarket_etl_pipeline.py took 0.286 seconds
[2026-08-27T08:31:36.067+0000] {processor.py:161} INFO - Started process (PID=4537) to work on /opt/airflow/dags/supermarket_etl_pipeline.py
[2026-08-27T08:31:36.068+0000] {processor.py:830} INFO - Processing file /opt/airflow/dags/supermarket_etl_pipeline.py for tasks to queue
[2026-08-27T08:31:36.070+0000] {logging_mixin.py:188} INFO - [2026-08-27T08:31:36.070+0000] {dagbag.py:538} INFO - Filling up the DagBag from /opt/airflow/dags/supermarket_etl_pipeline.py
[2026-08-27T08:31:36.325+0000] {processor.py:840} INFO - DAG(s) 'supermarket_etl_pipeline' retrieved from /opt/airflow/dags/supermarket_etl_pipeline.py
[2026-08-27T08:31:36.346+0000] {logging_mixin.py:188} INFO - [2026-08-27T08:31:36.345+0000] {dag.py:3036} INFO - Sync 1 DAGs
[2026-08-27T08:31:36.355+0000] {logging_mixin.py:188} INFO - [2026-08-27T08:31:36.355+0000] {dag.py:3823} INFO - Setting next_dagrun for supermarket_etl_pipeline to None, run_after=None
[2026-08-27T08:31:36.376+0000] {processor.py:183} INFO - Processing /opt/airflow/dags/supermarket_etl_pipeline.py took 0.312 seconds
[2026-08-27T08:32:06.743+0000] {processor.py:161} INFO - Started process (PID=4543) to work on /opt/airflow/dags/supermarket_etl_pipeline.py
[2026-08-27T08:32:06.744+0000] {processor.py:830} INFO - Processing file /opt/airflow/dags/supermarket_etl_pipeline.py for tasks to queue
[2026-08-27T08:32:06.745+0000] {logging_mixin.py:188} INFO - [2026-08-27T08:32:06.745+0000] {dagbag.py:538} INFO - Filling up the DagBag from /opt/airflow/dags/supermarket_etl_pipeline.py
[2026-08-27T08:32:06.915+0000] {processor.py:840} INFO - DAG(s) 'supermarket_etl_pipeline' retrieved from /opt/airflow/dags/supermarket_etl_pipeline.py
[2026-08-27T08:32:06.934+0000] {logging_mixin.py:188} INFO - [2026-08-27T08:32:06.934+0000] {dag.py:3036} INFO - Sync 1 DAGs
[2026-08-27T08:32:06.943+0000] {logging_mixin.py:188} INFO - [2026-08-27T08:32:06.943+0000] {dag.py:3823} INFO - Setting next_dagrun for supermarket_etl_pipeline to None, run_after=None
[2026-08-27T08:32:06.962+0000] {processor.py:183} INFO - Processing /opt/airflow/dags/supermarket_etl_pipeline.py took 0.221 seconds
