[2026-08-26T08:53:49.408+0000] {manager.py:469} INFO - Processing files using up to 2 processes at a time 
[2026-08-26T08:53:49.410+0000] {manager.py:470} INFO - Process each file at most once every 30 seconds
[2026-08-26T08:53:49.412+0000] {manager.py:471} INFO - Checking for new files in /opt/airflow/dags every 300 seconds
[2026-08-26T08:53:49.414+0000] {manager.py:738} INFO - Searching for files in /opt/airflow/dags
[2026-08-26T08:53:49.464+0000] {manager.py:741} INFO - There are 1 files in /opt/airflow/dags
[2026-08-26T08:53:49.650+0000] {manager.py:879} INFO - 
================================================================================
DAG File Processing Stats

File Path                                        PID  Runtime      # DAGs    # Errors  Last Runtime    Last Run
---------------------------------------------  -----  ---------  --------  ----------  --------------  ----------
/opt/airflow/dags/supermarket_etl_pipeline.py    191  0.04s             0           0
================================================================================
[2026-08-26T08:54:19.704+0000] {manager.py:879} INFO - 
================================================================================
DAG File Processing Stats

File Path                                      PID    Runtime      # DAGs    # Errors  Last Runtime    Last Run
---------------------------------------------  -----  ---------  --------  ----------  --------------  -------------------
/opt/airflow/dags/supermarket_etl_pipeline.py                           1           0  1.88s           2026-08-26T08:53:51
================================================================================
[2026-08-26T08:54:50.138+0000] {manager.py:879} INFO - 
================================================================================
DAG File Processing Stats

File Path                                      PID    Runtime      # DAGs    # Errors  Last Runtime    Last Run
---------------------------------------------  -----  ---------  --------  ----------  --------------  -------------------
/opt/airflow/dags/supermarket_etl_pipeline.py                           1           0  0.55s           2026-08-26T08:54:22
================================================================================
[2026-08-26T08:55:20.809+0000] {manager.py:879} INFO - 
================================================================================
DAG File Processing Stats

File Path                                      PID    Runtime      # DAGs    # Errors  Last Runtime    Last Run
---------------------------------------------  -----  ---------  --------  ----------  --------------  -------------------
/opt/airflow/dags/supermarket_etl_pipeline.py                           1           0  0.38s           2026-08-26T08:54:52
================================================================================
[2026-08-26T08:55:50.814+0000] {manager.py:879} INFO - 
================================================================================
DAG File Processing Stats

File Path                                      PID    Runtime      # DAGs    # Errors  Last Runtime    Last Run
---------------------------------------------  -----  ---------  --------  ----------  --------------  -------------------
/opt/airflow/dags/supermarket_etl_pipeline.py                           1           0  0.46s           2026-08-26T08:55:23
================================================================================
[2026-08-26T08:56:21.075+0000] {manager.py:879} INFO - 
================================================================================
DAG File Processing Stats

File Path                                      PID    Runtime      # DAGs    # Errors  Last Runtime    Last Run
---------------------------------------------  -----  ---------  --------  ----------  --------------  -------------------
/opt/airflow/dags/supermarket_etl_pipeline.py                           1           0  0.34s           2026-08-26T08:55:54
================================================================================
[2026-08-26T08:56:51.158+0000] {manager.py:879} INFO - 
================================================================================
DAG File Processing Stats

File Path                                      PID    Runtime      # DAGs    # Errors  Last Runtime    Last Run
---------------------------------------------  -----  ---------  --------  ----------  --------------  -------------------
/opt/airflow/dags/supermarket_etl_pipeline.py                           1           0  0.53s           2026-08-26T08:56:24
================================================================================
[2026-08-26T08:57:21.443+0000] {manager.py:879} INFO - 
================================================================================
DAG File Processing Stats

File Path                                      PID    Runtime      # DAGs    # Errors  Last Runtime    Last Run
---------------------------------------------  -----  ---------  --------  ----------  --------------  -------------------
/opt/airflow/dags/supermarket_etl_pipeline.py                           1           0  0.34s           2026-08-26T08:56:55
================================================================================
[2026-08-26T08:57:52.041+0000] {manager.py:879} INFO - 
================================================================================
DAG File Processing Stats

File Path                                      PID    Runtime      # DAGs    # Errors  Last Runtime    Last Run
---------------------------------------------  -----  ---------  --------  ----------  --------------  -------------------
/opt/airflow/dags/supermarket_etl_pipeline.py                           1           0  0.35s           2026-08-26T08:57:26
================================================================================
[2026-08-26T08:58:22.668+0000] {manager.py:879} INFO - 
================================================================================
DAG File Processing Stats

File Path                                      PID    Runtime      # DAGs    # Errors  Last Runtime    Last Run
---------------------------------------------  -----  ---------  --------  ----------  --------------  -------------------
/opt/airflow/dags/supermarket_etl_pipeline.py                           1           0  0.35s           2026-08-26T08:57:56
================================================================================
[2026-08-26T08:58:49.699+0000] {manager.py:738} INFO - Searching for files in /opt/airflow/dags
[2026-08-26T08:58:49.786+0000] {manager.py:741} INFO - There are 1 files in /opt/airflow/dags
[2026-08-26T08:58:52.827+0000] {manager.py:879} INFO - 
================================================================================
DAG File Processing Stats

File Path                                      PID    Runtime      # DAGs    # Errors  Last Runtime    Last Run
---------------------------------------------  -----  ---------  --------  ----------  --------------  -------------------
/opt/airflow/dags/supermarket_etl_pipeline.py                           1           0  0.40s           2026-08-26T08:58:27
================================================================================
[2026-08-26T08:59:23.105+0000] {manager.py:879} INFO - 
================================================================================
DAG File Processing Stats

File Path                                      PID    Runtime      # DAGs    # Errors  Last Runtime    Last Run
---------------------------------------------  -----  ---------  --------  ----------  --------------  -------------------
/opt/airflow/dags/supermarket_etl_pipeline.py                           1           0  0.47s           2026-08-26T08:58:58
================================================================================
[2026-08-26T08:59:53.132+0000] {manager.py:879} INFO - 
================================================================================
DAG File Processing Stats

File Path                                      PID    Runtime      # DAGs    # Errors  Last Runtime    Last Run
---------------------------------------------  -----  ---------  --------  ----------  --------------  -------------------
/opt/airflow/dags/supermarket_etl_pipeline.py                           1           0  0.30s           2026-08-26T08:59:28
================================================================================
[2026-08-26T09:00:23.399+0000] {manager.py:879} INFO - 
================================================================================
DAG File Processing Stats

File Path                                      PID    Runtime      # DAGs    # Errors  Last Runtime    Last Run
---------------------------------------------  -----  ---------  --------  ----------  --------------  -------------------
/opt/airflow/dags/supermarket_etl_pipeline.py                           1           0  0.35s           2026-08-26T08:59:59
================================================================================
[2026-08-26T09:00:54.027+0000] {manager.py:879} INFO - 
================================================================================
DAG File Processing Stats

File Path                                      PID    Runtime      # DAGs    # Errors  Last Runtime    Last Run
---------------------------------------------  -----  ---------  --------  ----------  --------------  -------------------
/opt/airflow/dags/supermarket_etl_pipeline.py                           1           0  0.35s           2026-08-26T09:00:30
================================================================================
[2026-08-26T09:01:24.655+0000] {manager.py:879} INFO - 
================================================================================
DAG File Processing Stats

File Path                                      PID    Runtime      # DAGs    # Errors  Last Runtime    Last Run
---------------------------------------------  -----  ---------  --------  ----------  --------------  -------------------
/opt/airflow/dags/supermarket_etl_pipeline.py                           1           0  0.37s           2026-08-26T09:01:00
================================================================================
[2026-08-26T09:01:55.332+0000] {manager.py:879} INFO - 
================================================================================
DAG File Processing Stats

File Path                                      PID    Runtime      # DAGs    # Errors  Last Runtime    Last Run
---------------------------------------------  -----  ---------  --------  ----------  --------------  -------------------
/opt/airflow/dags/supermarket_etl_pipeline.py                           1           0  0.31s           2026-08-26T09:01:31
================================================================================
[2026-08-26T09:02:25.853+0000] {manager.py:879} INFO - 
================================================================================
DAG File Processing Stats

File Path                                      PID    Runtime      # DAGs    # Errors  Last Runtime    Last Run
---------------------------------------------  -----  ---------  --------  ----------  --------------  -------------------
/opt/airflow/dags/supermarket_etl_pipeline.py                           1           0  0.32s           2026-08-26T09:02:01
================================================================================
[2026-08-26T09:02:56.485+0000] {manager.py:879} INFO - 
================================================================================
DAG File Processing Stats

File Path                                      PID    Runtime      # DAGs    # Errors  Last Runtime    Last Run
---------------------------------------------  -----  ---------  --------  ----------  --------------  -------------------
/opt/airflow/dags/supermarket_etl_pipeline.py                           1           0  0.35s           2026-08-26T09:02:32
================================================================================
[2026-08-26T09:03:27.113+0000] {manager.py:879} INFO - 
================================================================================
DAG File Processing Stats

File Path                                      PID    Runtime      # DAGs    # Errors  Last Runtime    Last Run
---------------------------------------------  -----  ---------  --------  ----------  --------------  -------------------
/opt/airflow/dags/supermarket_etl_pipeline.py                           1           0  0.30s           2026-08-26T09:03:03
================================================================================
[2026-08-26T09:03:50.149+0000] {manager.py:738} INFO - Searching for files in /opt/airflow/dags
[2026-08-26T09:03:50.217+0000] {manager.py:741} INFO - There are 1 files in /opt/airflow/dags
[2026-08-26T09:03:57.284+0000] {manager.py:879} INFO - 
================================================================================
DAG File Processing Stats

File Path                                      PID    Runtime      # DAGs    # Errors  Last Runtime    Last Run
---------------------------------------------  -----  ---------  --------  ----------  --------------  -------------------
/opt/airflow/dags/supermarket_etl_pipeline.py                           1           0  0.53s           2026-08-26T09:03:33
================================================================================
[2026-08-26T09:04:27.876+0000] {manager.py:879} INFO - 
================================================================================
DAG File Processing Stats

File Path                                      PID    Runtime      # DAGs    # Errors  Last Runtime    Last Run
---------------------------------------------  -----  ---------  --------  ----------  --------------  -------------------
/opt/airflow/dags/supermarket_etl_pipeline.py                           1           0  0.34s           2026-08-26T09:04:04
================================================================================
[2026-08-26T09:04:58.187+0000] {manager.py:879} INFO - 
================================================================================
DAG File Processing Stats

File Path                                      PID    Runtime      # DAGs    # Errors  Last Runtime    Last Run
---------------------------------------------  -----  ---------  --------  ----------  --------------  -------------------
/opt/airflow/dags/supermarket_etl_pipeline.py                           1           0  0.36s           2026-08-26T09:04:35
================================================================================
[2026-08-26T09:05:28.797+0000] {manager.py:879} INFO - 
================================================================================
DAG File Processing Stats

File Path                                      PID    Runtime      # DAGs    # Errors  Last Runtime    Last Run
---------------------------------------------  -----  ---------  --------  ----------  --------------  -------------------
/opt/airflow/dags/supermarket_etl_pipeline.py                           1           0  0.34s           2026-08-26T09:05:05
================================================================================
[2026-08-26T09:05:58.825+0000] {manager.py:879} INFO - 
================================================================================
DAG File Processing Stats

File Path                                      PID    Runtime      # DAGs    # Errors  Last Runtime    Last Run
---------------------------------------------  -----  ---------  --------  ----------  --------------  -------------------
/opt/airflow/dags/supermarket_etl_pipeline.py                           1           0  0.44s           2026-08-26T09:05:36
================================================================================
[2026-08-26T09:06:29.089+0000] {manager.py:879} INFO - 
================================================================================
DAG File Processing Stats

File Path                                      PID    Runtime      # DAGs    # Errors  Last Runtime    Last Run
---------------------------------------------  -----  ---------  --------  ----------  --------------  -------------------
/opt/airflow/dags/supermarket_etl_pipeline.py                           1           0  0.42s           2026-08-26T09:06:07
================================================================================
[2026-08-26T09:06:59.119+0000] {manager.py:879} INFO - 
================================================================================
DAG File Processing Stats

File Path                                      PID    Runtime      # DAGs    # Errors  Last Runtime    Last Run
---------------------------------------------  -----  ---------  --------  ----------  --------------  -------------------
/opt/airflow/dags/supermarket_etl_pipeline.py                           1           0  0.35s           2026-08-26T09:06:37
================================================================================
[2026-08-26T09:07:29.396+0000] {manager.py:879} INFO - 
================================================================================
DAG File Processing Stats

File Path                                      PID    Runtime      # DAGs    # Errors  Last Runtime    Last Run
---------------------------------------------  -----  ---------  --------  ----------  --------------  -------------------
/opt/airflow/dags/supermarket_etl_pipeline.py                           1           0  0.37s           2026-08-26T09:07:08
================================================================================
[2026-08-26T09:07:59.535+0000] {manager.py:879} INFO - 
================================================================================
DAG File Processing Stats

File Path                                      PID    Runtime      # DAGs    # Errors  Last Runtime    Last Run
---------------------------------------------  -----  ---------  --------  ----------  --------------  -------------------
/opt/airflow/dags/supermarket_etl_pipeline.py                           1           0  0.46s           2026-08-26T09:07:39
================================================================================
[2026-08-26T09:08:29.829+0000] {manager.py:879} INFO - 
================================================================================
DAG File Processing Stats

File Path                                      PID    Runtime      # DAGs    # Errors  Last Runtime    Last Run
---------------------------------------------  -----  ---------  --------  ----------  --------------  -------------------
/opt/airflow/dags/supermarket_etl_pipeline.py                           1           0  0.35s           2026-08-26T09:08:09
================================================================================
[2026-08-26T09:08:50.378+0000] {manager.py:738} INFO - Searching for files in /opt/airflow/dags
[2026-08-26T09:08:50.446+0000] {manager.py:741} INFO - There are 1 files in /opt/airflow/dags
[2026-08-26T09:08:59.863+0000] {manager.py:879} INFO - 
================================================================================
DAG File Processing Stats

File Path                                      PID    Runtime      # DAGs    # Errors  Last Runtime    Last Run
---------------------------------------------  -----  ---------  --------  ----------  --------------  -------------------
/opt/airflow/dags/supermarket_etl_pipeline.py                           1           0  0.38s           2026-08-26T09:08:40
================================================================================
[2026-08-26T09:09:30.121+0000] {manager.py:879} INFO - 
================================================================================
DAG File Processing Stats

File Path                                      PID    Runtime      # DAGs    # Errors  Last Runtime    Last Run
---------------------------------------------  -----  ---------  --------  ----------  --------------  -------------------
/opt/airflow/dags/supermarket_etl_pipeline.py                           1           0  0.32s           2026-08-26T09:09:11
================================================================================
[2026-08-26T09:10:00.159+0000] {manager.py:879} INFO - 
================================================================================
DAG File Processing Stats

File Path                                      PID    Runtime      # DAGs    # Errors  Last Runtime    Last Run
---------------------------------------------  -----  ---------  --------  ----------  --------------  -------------------
/opt/airflow/dags/supermarket_etl_pipeline.py                           1           0  0.44s           2026-08-26T09:09:41
================================================================================
[2026-08-26T09:10:30.435+0000] {manager.py:879} INFO - 
================================================================================
DAG File Processing Stats

File Path                                      PID    Runtime      # DAGs    # Errors  Last Runtime    Last Run
---------------------------------------------  -----  ---------  --------  ----------  --------------  -------------------
/opt/airflow/dags/supermarket_etl_pipeline.py                           1           0  0.33s           2026-08-26T09:10:12
================================================================================
[2026-08-26T09:11:01.042+0000] {manager.py:879} INFO - 
================================================================================
DAG File Processing Stats

File Path                                      PID    Runtime      # DAGs    # Errors  Last Runtime    Last Run
---------------------------------------------  -----  ---------  --------  ----------  --------------  -------------------
/opt/airflow/dags/supermarket_etl_pipeline.py                           1           0  0.39s           2026-08-26T09:10:43
================================================================================
[2026-08-26T09:11:31.720+0000] {manager.py:879} INFO - 
================================================================================
DAG File Processing Stats

File Path                                      PID    Runtime      # DAGs    # Errors  Last Runtime    Last Run
---------------------------------------------  -----  ---------  --------  ----------  --------------  -------------------
/opt/airflow/dags/supermarket_etl_pipeline.py                           1           0  0.31s           2026-08-26T09:11:13
================================================================================
[2026-08-26T09:12:01.750+0000] {manager.py:879} INFO - 
================================================================================
DAG File Processing Stats

File Path                                      PID    Runtime      # DAGs    # Errors  Last Runtime    Last Run
---------------------------------------------  -----  ---------  --------  ----------  --------------  -------------------
/opt/airflow/dags/supermarket_etl_pipeline.py                           1           0  0.44s           2026-08-26T09:11:44
================================================================================
[2026-08-26T09:12:32.004+0000] {manager.py:879} INFO - 
================================================================================
DAG File Processing Stats

File Path                                      PID    Runtime      # DAGs    # Errors  Last Runtime    Last Run
---------------------------------------------  -----  ---------  --------  ----------  --------------  -------------------
/opt/airflow/dags/supermarket_etl_pipeline.py                           1           0  0.48s           2026-08-26T09:12:15
================================================================================
[2026-08-26T09:13:02.123+0000] {manager.py:879} INFO - 
================================================================================
DAG File Processing Stats

File Path                                      PID    Runtime      # DAGs    # Errors  Last Runtime    Last Run
---------------------------------------------  -----  ---------  --------  ----------  --------------  -------------------
/opt/airflow/dags/supermarket_etl_pipeline.py                           1           0  0.36s           2026-08-26T09:12:45
================================================================================
[2026-08-26T09:13:32.369+0000] {manager.py:879} INFO - 
================================================================================
DAG File Processing Stats

File Path                                      PID    Runtime      # DAGs    # Errors  Last Runtime    Last Run
---------------------------------------------  -----  ---------  --------  ----------  --------------  -------------------
/opt/airflow/dags/supermarket_etl_pipeline.py                           1           0  0.33s           2026-08-26T09:13:16
================================================================================
[2026-08-26T09:13:50.875+0000] {manager.py:738} INFO - Searching for files in /opt/airflow/dags
[2026-08-26T09:13:50.938+0000] {manager.py:741} INFO - There are 1 files in /opt/airflow/dags
[2026-08-26T09:14:02.440+0000] {manager.py:879} INFO - 
================================================================================
DAG File Processing Stats

File Path                                      PID    Runtime      # DAGs    # Errors  Last Runtime    Last Run
---------------------------------------------  -----  ---------  --------  ----------  --------------  -------------------
/opt/airflow/dags/supermarket_etl_pipeline.py                           1           0  0.46s           2026-08-26T09:13:47
================================================================================
[2026-08-26T09:14:32.741+0000] {manager.py:879} INFO - 
================================================================================
DAG File Processing Stats

File Path                                      PID    Runtime      # DAGs    # Errors  Last Runtime    Last Run
---------------------------------------------  -----  ---------  --------  ----------  --------------  -------------------
/opt/airflow/dags/supermarket_etl_pipeline.py                           1           0  0.31s           2026-08-26T09:14:17
================================================================================
[2026-08-26T09:15:03.357+0000] {manager.py:879} INFO - 
================================================================================
DAG File Processing Stats

File Path                                      PID    Runtime      # DAGs    # Errors  Last Runtime    Last Run
---------------------------------------------  -----  ---------  --------  ----------  --------------  -------------------
/opt/airflow/dags/supermarket_etl_pipeline.py                           1           0  0.36s           2026-08-26T09:14:48
================================================================================
[2026-08-26T09:15:33.406+0000] {manager.py:879} INFO - 
================================================================================
DAG File Processing Stats

File Path                                      PID    Runtime      # DAGs    # Errors  Last Runtime    Last Run
---------------------------------------------  -----  ---------  --------  ----------  --------------  -------------------
/opt/airflow/dags/supermarket_etl_pipeline.py                           1           0  0.40s           2026-08-26T09:15:19
================================================================================
[2026-08-26T09:16:03.642+0000] {manager.py:879} INFO - 
================================================================================
DAG File Processing Stats

File Path                                      PID    Runtime      # DAGs    # Errors  Last Runtime    Last Run
---------------------------------------------  -----  ---------  --------  ----------  --------------  -------------------
/opt/airflow/dags/supermarket_etl_pipeline.py                           1           0  0.43s           2026-08-26T09:15:49
================================================================================
[2026-08-26T09:16:34.295+0000] {manager.py:879} INFO - 
================================================================================
DAG File Processing Stats

File Path                                      PID    Runtime      # DAGs    # Errors  Last Runtime    Last Run
---------------------------------------------  -----  ---------  --------  ----------  --------------  -------------------
/opt/airflow/dags/supermarket_etl_pipeline.py                           1           0  0.32s           2026-08-26T09:16:20
================================================================================
[2026-08-26T09:17:04.842+0000] {manager.py:879} INFO - 
================================================================================
DAG File Processing Stats

File Path                                      PID    Runtime      # DAGs    # Errors  Last Runtime    Last Run
---------------------------------------------  -----  ---------  --------  ----------  --------------  -------------------
/opt/airflow/dags/supermarket_etl_pipeline.py                           1           0  0.32s           2026-08-26T09:16:51
================================================================================
[2026-08-26T09:17:35.413+0000] {manager.py:879} INFO - 
================================================================================
DAG File Processing Stats

File Path                                      PID    Runtime      # DAGs    # Errors  Last Runtime    Last Run
---------------------------------------------  -----  ---------  --------  ----------  --------------  -------------------
/opt/airflow/dags/supermarket_etl_pipeline.py                           1           0  0.32s           2026-08-26T09:17:21
================================================================================
[2026-08-26T09:18:50.991+0000] {manager.py:738} INFO - Searching for files in /opt/airflow/dags
[2026-08-26T09:18:51.134+0000] {manager.py:741} INFO - There are 1 files in /opt/airflow/dags
[2026-08-26T09:18:51.569+0000] {manager.py:879} INFO - 
================================================================================
DAG File Processing Stats

File Path                                      PID    Runtime      # DAGs    # Errors  Last Runtime    Last Run
---------------------------------------------  -----  ---------  --------  ----------  --------------  -------------------
/opt/airflow/dags/supermarket_etl_pipeline.py                           1           0  0.59s           2026-08-26T09:18:33
================================================================================
[2026-08-26T09:19:22.513+0000] {manager.py:879} INFO - 
================================================================================
DAG File Processing Stats

File Path                                      PID    Runtime      # DAGs    # Errors  Last Runtime    Last Run
---------------------------------------------  -----  ---------  --------  ----------  --------------  -------------------
/opt/airflow/dags/supermarket_etl_pipeline.py                           1           0  0.61s           2026-08-26T09:19:04
================================================================================
[2026-08-26T09:19:52.499+0000] {manager.py:879} INFO - 
================================================================================
DAG File Processing Stats

File Path                                      PID    Runtime      # DAGs    # Errors  Last Runtime    Last Run
---------------------------------------------  -----  ---------  --------  ----------  --------------  -------------------
/opt/airflow/dags/supermarket_etl_pipeline.py                           1           0  0.64s           2026-08-26T09:19:35
================================================================================
[2026-08-26T09:20:23.232+0000] {manager.py:879} INFO - 
================================================================================
DAG File Processing Stats

File Path                                      PID    Runtime      # DAGs    # Errors  Last Runtime    Last Run
---------------------------------------------  -----  ---------  --------  ----------  --------------  -------------------
/opt/airflow/dags/supermarket_etl_pipeline.py                           1           0  0.63s           2026-08-26T09:20:06
================================================================================
[2026-08-26T09:20:53.275+0000] {manager.py:879} INFO - 
================================================================================
DAG File Processing Stats

File Path                                      PID    Runtime      # DAGs    # Errors  Last Runtime    Last Run
---------------------------------------------  -----  ---------  --------  ----------  --------------  -------------------
/opt/airflow/dags/supermarket_etl_pipeline.py                           1           0  0.69s           2026-08-26T09:20:37
================================================================================
[2026-08-26T09:21:24.152+0000] {manager.py:879} INFO - 
================================================================================
DAG File Processing Stats

File Path                                      PID    Runtime      # DAGs    # Errors  Last Runtime    Last Run
---------------------------------------------  -----  ---------  --------  ----------  --------------  -------------------
/opt/airflow/dags/supermarket_etl_pipeline.py                           1           0  0.61s           2026-08-26T09:21:08
================================================================================
[2026-08-26T09:21:54.433+0000] {manager.py:879} INFO - 
================================================================================
DAG File Processing Stats

File Path                                      PID    Runtime      # DAGs    # Errors  Last Runtime    Last Run
---------------------------------------------  -----  ---------  --------  ----------  --------------  -------------------
/opt/airflow/dags/supermarket_etl_pipeline.py                           1           0  0.85s           2026-08-26T09:21:39
================================================================================
[2026-08-26T09:22:24.975+0000] {manager.py:879} INFO - 
================================================================================
DAG File Processing Stats

File Path                                      PID    Runtime      # DAGs    # Errors  Last Runtime    Last Run
---------------------------------------------  -----  ---------  --------  ----------  --------------  -------------------
/opt/airflow/dags/supermarket_etl_pipeline.py                           1           0  0.59s           2026-08-26T09:22:10
================================================================================
[2026-08-26T09:22:55.340+0000] {manager.py:879} INFO - 
================================================================================
DAG File Processing Stats

File Path                                      PID    Runtime      # DAGs    # Errors  Last Runtime    Last Run
---------------------------------------------  -----  ---------  --------  ----------  --------------  -------------------
/opt/airflow/dags/supermarket_etl_pipeline.py                           1           0  0.63s           2026-08-26T09:22:41
================================================================================
[2026-08-26T09:23:25.497+0000] {manager.py:879} INFO - 
================================================================================
DAG File Processing Stats

File Path                                      PID    Runtime      # DAGs    # Errors  Last Runtime    Last Run
---------------------------------------------  -----  ---------  --------  ----------  --------------  -------------------
/opt/airflow/dags/supermarket_etl_pipeline.py                           1           0  0.77s           2026-08-26T09:23:12
================================================================================
[2026-08-26T09:23:50.996+0000] {manager.py:738} INFO - Searching for files in /opt/airflow/dags
[2026-08-26T09:23:51.226+0000] {manager.py:741} INFO - There are 1 files in /opt/airflow/dags
[2026-08-26T09:23:55.623+0000] {manager.py:879} INFO - 
================================================================================
DAG File Processing Stats

File Path                                      PID    Runtime      # DAGs    # Errors  Last Runtime    Last Run
---------------------------------------------  -----  ---------  --------  ----------  --------------  -------------------
/opt/airflow/dags/supermarket_etl_pipeline.py                           1           0  0.72s           2026-08-26T09:23:43
================================================================================
[2026-08-26T09:24:25.955+0000] {manager.py:879} INFO - 
================================================================================
DAG File Processing Stats

File Path                                      PID    Runtime      # DAGs    # Errors  Last Runtime    Last Run
---------------------------------------------  -----  ---------  --------  ----------  --------------  -------------------
/opt/airflow/dags/supermarket_etl_pipeline.py                           1           0  0.61s           2026-08-26T09:24:14
================================================================================
[2026-08-26T09:24:56.633+0000] {manager.py:879} INFO - 
================================================================================
DAG File Processing Stats

File Path                                      PID    Runtime      # DAGs    # Errors  Last Runtime    Last Run
---------------------------------------------  -----  ---------  --------  ----------  --------------  -------------------
/opt/airflow/dags/supermarket_etl_pipeline.py                           1           0  0.62s           2026-08-26T09:24:44
================================================================================
[2026-08-26T09:25:26.838+0000] {manager.py:879} INFO - 
================================================================================
DAG File Processing Stats

File Path                                      PID    Runtime      # DAGs    # Errors  Last Runtime    Last Run
---------------------------------------------  -----  ---------  --------  ----------  --------------  -------------------
/opt/airflow/dags/supermarket_etl_pipeline.py                           1           0  0.85s           2026-08-26T09:25:15
================================================================================
[2026-08-26T09:25:57.123+0000] {manager.py:879} INFO - 
================================================================================
DAG File Processing Stats

File Path                                      PID    Runtime      # DAGs    # Errors  Last Runtime    Last Run
---------------------------------------------  -----  ---------  --------  ----------  --------------  -------------------
/opt/airflow/dags/supermarket_etl_pipeline.py                           1           0  0.88s           2026-08-26T09:25:46
================================================================================
[2026-08-26T09:26:28.014+0000] {manager.py:879} INFO - 
================================================================================
DAG File Processing Stats

File Path                                      PID    Runtime      # DAGs    # Errors  Last Runtime    Last Run
---------------------------------------------  -----  ---------  --------  ----------  --------------  -------------------
/opt/airflow/dags/supermarket_etl_pipeline.py                           1           0  0.62s           2026-08-26T09:26:18
================================================================================
[2026-08-26T09:26:58.500+0000] {manager.py:879} INFO - 
================================================================================
DAG File Processing Stats

File Path                                      PID    Runtime      # DAGs    # Errors  Last Runtime    Last Run
---------------------------------------------  -----  ---------  --------  ----------  --------------  -------------------
/opt/airflow/dags/supermarket_etl_pipeline.py                           1           0  0.52s           2026-08-26T09:26:48
================================================================================
[2026-08-26T09:27:28.844+0000] {manager.py:879} INFO - 
================================================================================
DAG File Processing Stats

File Path                                      PID    Runtime      # DAGs    # Errors  Last Runtime    Last Run
---------------------------------------------  -----  ---------  --------  ----------  --------------  -------------------
/opt/airflow/dags/supermarket_etl_pipeline.py                           1           0  0.84s           2026-08-26T09:27:19
================================================================================
[2026-08-26T09:27:58.858+0000] {manager.py:879} INFO - 
================================================================================
DAG File Processing Stats

File Path                                      PID    Runtime      # DAGs    # Errors  Last Runtime    Last Run
---------------------------------------------  -----  ---------  --------  ----------  --------------  -------------------
/opt/airflow/dags/supermarket_etl_pipeline.py                           1           0  0.66s           2026-08-26T09:27:50
================================================================================
[2026-08-26T09:28:29.073+0000] {manager.py:879} INFO - 
================================================================================
DAG File Processing Stats

File Path                                      PID    Runtime      # DAGs    # Errors  Last Runtime    Last Run
---------------------------------------------  -----  ---------  --------  ----------  --------------  -------------------
/opt/airflow/dags/supermarket_etl_pipeline.py                           1           0  0.83s           2026-08-26T09:28:21
================================================================================
[2026-08-26T09:28:51.043+0000] {manager.py:738} INFO - Searching for files in /opt/airflow/dags
[2026-08-26T09:28:51.166+0000] {manager.py:741} INFO - There are 1 files in /opt/airflow/dags
[2026-08-26T09:28:59.431+0000] {manager.py:879} INFO - 
================================================================================
DAG File Processing Stats

File Path                                      PID    Runtime      # DAGs    # Errors  Last Runtime    Last Run
---------------------------------------------  -----  ---------  --------  ----------  --------------  -------------------
/opt/airflow/dags/supermarket_etl_pipeline.py                           1           0  0.63s           2026-08-26T09:28:52
================================================================================
[2026-08-26T09:31:14.611+0000] {manager.py:879} INFO - 
================================================================================
DAG File Processing Stats

File Path                                      PID    Runtime      # DAGs    # Errors  Last Runtime    Last Run
---------------------------------------------  -----  ---------  --------  ----------  --------------  -------------------
/opt/airflow/dags/supermarket_etl_pipeline.py                           1           0  0.84s           2026-08-26T09:31:11
================================================================================
[2026-08-26T09:31:44.968+0000] {manager.py:879} INFO - 
================================================================================
DAG File Processing Stats

File Path                                      PID    Runtime      # DAGs    # Errors  Last Runtime    Last Run
---------------------------------------------  -----  ---------  --------  ----------  --------------  -------------------
/opt/airflow/dags/supermarket_etl_pipeline.py                           1           0  1.00s           2026-08-26T09:31:42
================================================================================
[2026-08-26T09:32:15.215+0000] {manager.py:879} INFO - 
================================================================================
DAG File Processing Stats

File Path                                      PID    Runtime      # DAGs    # Errors  Last Runtime    Last Run
---------------------------------------------  -----  ---------  --------  ----------  --------------  -------------------
/opt/airflow/dags/supermarket_etl_pipeline.py                           1           0  0.88s           2026-08-26T09:32:14
================================================================================
[2026-08-26T09:32:45.800+0000] {manager.py:879} INFO - 
================================================================================
DAG File Processing Stats

File Path                                      PID    Runtime      # DAGs    # Errors  Last Runtime    Last Run
---------------------------------------------  -----  ---------  --------  ----------  --------------  -------------------
/opt/airflow/dags/supermarket_etl_pipeline.py                           1           0  0.65s           2026-08-26T09:32:45
================================================================================
[2026-08-26T09:33:16.093+0000] {manager.py:879} INFO - 
================================================================================
DAG File Processing Stats

File Path                                        PID  Runtime      # DAGs    # Errors  Last Runtime    Last Run
---------------------------------------------  -----  ---------  --------  ----------  --------------  -------------------
/opt/airflow/dags/supermarket_etl_pipeline.py    645  0.61s             1           0  0.65s           2026-08-26T09:32:45
================================================================================
[2026-08-26T09:33:46.454+0000] {manager.py:879} INFO - 
================================================================================
DAG File Processing Stats

File Path                                        PID  Runtime      # DAGs    # Errors  Last Runtime    Last Run
---------------------------------------------  -----  ---------  --------  ----------  --------------  -------------------
/opt/airflow/dags/supermarket_etl_pipeline.py    651  0.01s             1           0  0.78s           2026-08-26T09:33:16
================================================================================
[2026-08-26T09:33:51.248+0000] {manager.py:738} INFO - Searching for files in /opt/airflow/dags
[2026-08-26T09:33:51.366+0000] {manager.py:741} INFO - There are 1 files in /opt/airflow/dags
[2026-08-26T09:34:16.650+0000] {manager.py:879} INFO - 
================================================================================
DAG File Processing Stats

File Path                                      PID    Runtime      # DAGs    # Errors  Last Runtime    Last Run
---------------------------------------------  -----  ---------  --------  ----------  --------------  -------------------
/opt/airflow/dags/supermarket_etl_pipeline.py                           1           0  0.77s           2026-08-26T09:33:47
================================================================================
[2026-08-26T09:34:46.983+0000] {manager.py:879} INFO - 
================================================================================
DAG File Processing Stats

File Path                                      PID    Runtime      # DAGs    # Errors  Last Runtime    Last Run
---------------------------------------------  -----  ---------  --------  ----------  --------------  -------------------
/opt/airflow/dags/supermarket_etl_pipeline.py                           1           0  1.08s           2026-08-26T09:34:18
================================================================================
[2026-08-26T09:35:17.162+0000] {manager.py:879} INFO - 
================================================================================
DAG File Processing Stats

File Path                                      PID    Runtime      # DAGs    # Errors  Last Runtime    Last Run
---------------------------------------------  -----  ---------  --------  ----------  --------------  -------------------
/opt/airflow/dags/supermarket_etl_pipeline.py                           1           0  0.76s           2026-08-26T09:34:49
================================================================================
[2026-08-26T09:35:47.798+0000] {manager.py:879} INFO - 
================================================================================
DAG File Processing Stats

File Path                                      PID    Runtime      # DAGs    # Errors  Last Runtime    Last Run
---------------------------------------------  -----  ---------  --------  ----------  --------------  -------------------
/opt/airflow/dags/supermarket_etl_pipeline.py                           1           0  1.38s           2026-08-26T09:35:21
================================================================================
[2026-08-26T09:36:18.212+0000] {manager.py:879} INFO - 
================================================================================
DAG File Processing Stats

File Path                                      PID    Runtime      # DAGs    # Errors  Last Runtime    Last Run
---------------------------------------------  -----  ---------  --------  ----------  --------------  -------------------
/opt/airflow/dags/supermarket_etl_pipeline.py                           1           0  1.04s           2026-08-26T09:35:52
================================================================================
[2026-08-26T09:36:48.502+0000] {manager.py:879} INFO - 
================================================================================
DAG File Processing Stats

File Path                                      PID    Runtime      # DAGs    # Errors  Last Runtime    Last Run
---------------------------------------------  -----  ---------  --------  ----------  --------------  -------------------
/opt/airflow/dags/supermarket_etl_pipeline.py                           1           0  0.89s           2026-08-26T09:36:24
================================================================================
[2026-08-26T09:37:18.559+0000] {manager.py:879} INFO - 
================================================================================
DAG File Processing Stats

File Path                                      PID    Runtime      # DAGs    # Errors  Last Runtime    Last Run
---------------------------------------------  -----  ---------  --------  ----------  --------------  -------------------
/opt/airflow/dags/supermarket_etl_pipeline.py                           1           0  0.66s           2026-08-26T09:36:55
================================================================================
[2026-08-26T09:37:48.641+0000] {manager.py:879} INFO - 
================================================================================
DAG File Processing Stats

File Path                                      PID    Runtime      # DAGs    # Errors  Last Runtime    Last Run
---------------------------------------------  -----  ---------  --------  ----------  --------------  -------------------
/opt/airflow/dags/supermarket_etl_pipeline.py                           1           0  0.74s           2026-08-26T09:37:26
================================================================================
[2026-08-26T09:38:18.870+0000] {manager.py:879} INFO - 
================================================================================
DAG File Processing Stats

File Path                                      PID    Runtime      # DAGs    # Errors  Last Runtime    Last Run
---------------------------------------------  -----  ---------  --------  ----------  --------------  -------------------
/opt/airflow/dags/supermarket_etl_pipeline.py                           1           0  0.92s           2026-08-26T09:37:57
================================================================================
[2026-08-26T09:38:49.242+0000] {manager.py:879} INFO - 
================================================================================
DAG File Processing Stats

File Path                                      PID    Runtime      # DAGs    # Errors  Last Runtime    Last Run
---------------------------------------------  -----  ---------  --------  ----------  --------------  -------------------
/opt/airflow/dags/supermarket_etl_pipeline.py                           1           0  1.28s           2026-08-26T09:38:29
================================================================================
[2026-08-26T09:38:51.261+0000] {manager.py:738} INFO - Searching for files in /opt/airflow/dags
[2026-08-26T09:38:51.369+0000] {manager.py:741} INFO - There are 1 files in /opt/airflow/dags
[2026-08-26T09:39:19.678+0000] {manager.py:879} INFO - 
================================================================================
DAG File Processing Stats

File Path                                      PID    Runtime      # DAGs    # Errors  Last Runtime    Last Run
---------------------------------------------  -----  ---------  --------  ----------  --------------  -------------------
/opt/airflow/dags/supermarket_etl_pipeline.py                           1           0  0.92s           2026-08-26T09:39:00
================================================================================
[2026-08-26T09:39:49.709+0000] {manager.py:879} INFO - 
================================================================================
DAG File Processing Stats

File Path                                      PID    Runtime      # DAGs    # Errors  Last Runtime    Last Run
---------------------------------------------  -----  ---------  --------  ----------  --------------  -------------------
/opt/airflow/dags/supermarket_etl_pipeline.py                           1           0  0.64s           2026-08-26T09:39:31
================================================================================
[2026-08-26T09:40:19.905+0000] {manager.py:879} INFO - 
================================================================================
DAG File Processing Stats

File Path                                      PID    Runtime      # DAGs    # Errors  Last Runtime    Last Run
---------------------------------------------  -----  ---------  --------  ----------  --------------  -------------------
/opt/airflow/dags/supermarket_etl_pipeline.py                           1           0  0.84s           2026-08-26T09:40:02
================================================================================
[2026-08-26T09:40:50.742+0000] {manager.py:879} INFO - 
================================================================================
DAG File Processing Stats

File Path                                      PID    Runtime      # DAGs    # Errors  Last Runtime    Last Run
---------------------------------------------  -----  ---------  --------  ----------  --------------  -------------------
/opt/airflow/dags/supermarket_etl_pipeline.py                           1           0  0.61s           2026-08-26T09:40:33
================================================================================
[2026-08-26T09:41:21.127+0000] {manager.py:879} INFO - 
================================================================================
DAG File Processing Stats

File Path                                      PID    Runtime      # DAGs    # Errors  Last Runtime    Last Run
---------------------------------------------  -----  ---------  --------  ----------  --------------  -------------------
/opt/airflow/dags/supermarket_etl_pipeline.py                           1           0  0.57s           2026-08-26T09:41:04
================================================================================
[2026-08-26T09:41:51.336+0000] {manager.py:879} INFO - 
================================================================================
DAG File Processing Stats

File Path                                      PID    Runtime      # DAGs    # Errors  Last Runtime    Last Run
---------------------------------------------  -----  ---------  --------  ----------  --------------  -------------------
/opt/airflow/dags/supermarket_etl_pipeline.py                           1           0  0.60s           2026-08-26T09:41:35
================================================================================
[2026-08-26T09:42:21.346+0000] {manager.py:879} INFO - 
================================================================================
DAG File Processing Stats

File Path                                      PID    Runtime      # DAGs    # Errors  Last Runtime    Last Run
---------------------------------------------  -----  ---------  --------  ----------  --------------  -------------------
/opt/airflow/dags/supermarket_etl_pipeline.py                           1           0  0.79s           2026-08-26T09:42:06
================================================================================
[2026-08-26T09:42:51.789+0000] {manager.py:879} INFO - 
================================================================================
DAG File Processing Stats

File Path                                      PID    Runtime      # DAGs    # Errors  Last Runtime    Last Run
---------------------------------------------  -----  ---------  --------  ----------  --------------  -------------------
/opt/airflow/dags/supermarket_etl_pipeline.py                           1           0  0.62s           2026-08-26T09:42:37
================================================================================
[2026-08-26T09:43:22.015+0000] {manager.py:879} INFO - 
================================================================================
DAG File Processing Stats

File Path                                      PID    Runtime      # DAGs    # Errors  Last Runtime    Last Run
---------------------------------------------  -----  ---------  --------  ----------  --------------  -------------------
/opt/airflow/dags/supermarket_etl_pipeline.py                           1           0  0.75s           2026-08-26T09:43:08
================================================================================
[2026-08-26T09:43:51.460+0000] {manager.py:738} INFO - Searching for files in /opt/airflow/dags
[2026-08-26T09:43:51.704+0000] {manager.py:741} INFO - There are 1 files in /opt/airflow/dags
[2026-08-26T09:43:52.029+0000] {manager.py:879} INFO - 
================================================================================
DAG File Processing Stats

File Path                                      PID    Runtime      # DAGs    # Errors  Last Runtime    Last Run
---------------------------------------------  -----  ---------  --------  ----------  --------------  -------------------
/opt/airflow/dags/supermarket_etl_pipeline.py                           1           0  0.70s           2026-08-26T09:43:38
================================================================================
[2026-08-26T09:44:22.348+0000] {manager.py:879} INFO - 
================================================================================
DAG File Processing Stats

File Path                                      PID    Runtime      # DAGs    # Errors  Last Runtime    Last Run
---------------------------------------------  -----  ---------  --------  ----------  --------------  -------------------
/opt/airflow/dags/supermarket_etl_pipeline.py                           1           0  0.79s           2026-08-26T09:44:09
================================================================================
[2026-08-26T09:44:52.698+0000] {manager.py:879} INFO - 
================================================================================
DAG File Processing Stats

File Path                                      PID    Runtime      # DAGs    # Errors  Last Runtime    Last Run
---------------------------------------------  -----  ---------  --------  ----------  --------------  -------------------
/opt/airflow/dags/supermarket_etl_pipeline.py                           1           0  0.81s           2026-08-26T09:44:40
================================================================================
[2026-08-26T09:45:22.742+0000] {manager.py:879} INFO - 
================================================================================
DAG File Processing Stats

File Path                                      PID    Runtime      # DAGs    # Errors  Last Runtime    Last Run
---------------------------------------------  -----  ---------  --------  ----------  --------------  -------------------
/opt/airflow/dags/supermarket_etl_pipeline.py                           1           0  0.70s           2026-08-26T09:45:11
================================================================================
[2026-08-26T09:45:53.140+0000] {manager.py:879} INFO - 
================================================================================
DAG File Processing Stats

File Path                                      PID    Runtime      # DAGs    # Errors  Last Runtime    Last Run
---------------------------------------------  -----  ---------  --------  ----------  --------------  -------------------
/opt/airflow/dags/supermarket_etl_pipeline.py                           1           0  1.20s           2026-08-26T09:45:43
================================================================================
[2026-08-26T09:46:23.276+0000] {manager.py:879} INFO - 
================================================================================
DAG File Processing Stats

File Path                                      PID    Runtime      # DAGs    # Errors  Last Runtime    Last Run
---------------------------------------------  -----  ---------  --------  ----------  --------------  -------------------
/opt/airflow/dags/supermarket_etl_pipeline.py                           1           0  0.74s           2026-08-26T09:46:14
================================================================================
[2026-08-26T09:46:53.388+0000] {manager.py:879} INFO - 
================================================================================
DAG File Processing Stats

File Path                                      PID    Runtime      # DAGs    # Errors  Last Runtime    Last Run
---------------------------------------------  -----  ---------  --------  ----------  --------------  -------------------
/opt/airflow/dags/supermarket_etl_pipeline.py                           1           0  0.73s           2026-08-26T09:46:45
================================================================================
[2026-08-26T09:47:23.556+0000] {manager.py:879} INFO - 
================================================================================
DAG File Processing Stats

File Path                                      PID    Runtime      # DAGs    # Errors  Last Runtime    Last Run
---------------------------------------------  -----  ---------  --------  ----------  --------------  -------------------
/opt/airflow/dags/supermarket_etl_pipeline.py                           1           0  0.80s           2026-08-26T09:47:16
================================================================================
[2026-08-26T09:47:53.904+0000] {manager.py:879} INFO - 
================================================================================
DAG File Processing Stats

File Path                                      PID    Runtime      # DAGs    # Errors  Last Runtime    Last Run
---------------------------------------------  -----  ---------  --------  ----------  --------------  -------------------
/opt/airflow/dags/supermarket_etl_pipeline.py                           1           0  0.75s           2026-08-26T09:47:47
================================================================================
[2026-08-26T09:48:24.255+0000] {manager.py:879} INFO - 
================================================================================
DAG File Processing Stats

File Path                                      PID    Runtime      # DAGs    # Errors  Last Runtime    Last Run
---------------------------------------------  -----  ---------  --------  ----------  --------------  -------------------
/opt/airflow/dags/supermarket_etl_pipeline.py                           1           0  0.85s           2026-08-26T09:48:18
================================================================================
[2026-08-26T09:48:51.497+0000] {manager.py:738} INFO - Searching for files in /opt/airflow/dags
[2026-08-26T09:48:51.570+0000] {manager.py:741} INFO - There are 1 files in /opt/airflow/dags
[2026-08-26T09:48:54.608+0000] {manager.py:879} INFO - 
================================================================================
DAG File Processing Stats

File Path                                      PID    Runtime      # DAGs    # Errors  Last Runtime    Last Run
---------------------------------------------  -----  ---------  --------  ----------  --------------  -------------------
/opt/airflow/dags/supermarket_etl_pipeline.py                           1           0  0.73s           2026-08-26T09:48:49
================================================================================
[2026-08-26T09:49:24.910+0000] {manager.py:879} INFO - 
================================================================================
DAG File Processing Stats

File Path                                      PID    Runtime      # DAGs    # Errors  Last Runtime    Last Run
---------------------------------------------  -----  ---------  --------  ----------  --------------  -------------------
/opt/airflow/dags/supermarket_etl_pipeline.py                           1           0  0.60s           2026-08-26T09:49:20
================================================================================
[2026-08-26T09:49:55.141+0000] {manager.py:879} INFO - 
================================================================================
DAG File Processing Stats

File Path                                      PID    Runtime      # DAGs    # Errors  Last Runtime    Last Run
---------------------------------------------  -----  ---------  --------  ----------  --------------  -------------------
/opt/airflow/dags/supermarket_etl_pipeline.py                           1           0  0.63s           2026-08-26T09:49:51
================================================================================
[2026-08-26T09:50:25.509+0000] {manager.py:879} INFO - 
================================================================================
DAG File Processing Stats

File Path                                      PID    Runtime      # DAGs    # Errors  Last Runtime    Last Run
---------------------------------------------  -----  ---------  --------  ----------  --------------  -------------------
/opt/airflow/dags/supermarket_etl_pipeline.py                           1           0  0.65s           2026-08-26T09:50:22
================================================================================
[2026-08-26T09:50:55.718+0000] {manager.py:879} INFO - 
================================================================================
DAG File Processing Stats

File Path                                      PID    Runtime      # DAGs    # Errors  Last Runtime    Last Run
---------------------------------------------  -----  ---------  --------  ----------  --------------  -------------------
/opt/airflow/dags/supermarket_etl_pipeline.py                           1           0  0.62s           2026-08-26T09:50:52
================================================================================
[2026-08-26T09:51:26.121+0000] {manager.py:879} INFO - 
================================================================================
DAG File Processing Stats

File Path                                      PID    Runtime      # DAGs    # Errors  Last Runtime    Last Run
---------------------------------------------  -----  ---------  --------  ----------  --------------  -------------------
/opt/airflow/dags/supermarket_etl_pipeline.py                           1           0  0.66s           2026-08-26T09:51:23
================================================================================
[2026-08-26T09:51:56.354+0000] {manager.py:879} INFO - 
================================================================================
DAG File Processing Stats

File Path                                      PID    Runtime      # DAGs    # Errors  Last Runtime    Last Run
---------------------------------------------  -----  ---------  --------  ----------  --------------  -------------------
/opt/airflow/dags/supermarket_etl_pipeline.py                           1           0  0.63s           2026-08-26T09:51:54
================================================================================
[2026-08-26T09:52:26.747+0000] {manager.py:879} INFO - 
================================================================================
DAG File Processing Stats

File Path                                      PID    Runtime      # DAGs    # Errors  Last Runtime    Last Run
---------------------------------------------  -----  ---------  --------  ----------  --------------  -------------------
/opt/airflow/dags/supermarket_etl_pipeline.py                           1           0  0.63s           2026-08-26T09:52:25
================================================================================
[2026-08-26T09:52:56.984+0000] {manager.py:879} INFO - 
================================================================================
DAG File Processing Stats

File Path                                      PID    Runtime      # DAGs    # Errors  Last Runtime    Last Run
---------------------------------------------  -----  ---------  --------  ----------  --------------  -------------------
/opt/airflow/dags/supermarket_etl_pipeline.py                           1           0  0.73s           2026-08-26T09:52:56
================================================================================
[2026-08-26T09:53:27.385+0000] {manager.py:879} INFO - 
================================================================================
DAG File Processing Stats

File Path                                      PID    Runtime      # DAGs    # Errors  Last Runtime    Last Run
---------------------------------------------  -----  ---------  --------  ----------  --------------  -------------------
/opt/airflow/dags/supermarket_etl_pipeline.py                           1           0  0.71s           2026-08-26T09:53:26
================================================================================
[2026-08-26T09:53:51.558+0000] {manager.py:738} INFO - Searching for files in /opt/airflow/dags
[2026-08-26T09:53:51.648+0000] {manager.py:741} INFO - There are 1 files in /opt/airflow/dags
[2026-08-26T09:53:57.703+0000] {manager.py:879} INFO - 
================================================================================
DAG File Processing Stats

File Path                                        PID  Runtime      # DAGs    # Errors  Last Runtime    Last Run
---------------------------------------------  -----  ---------  --------  ----------  --------------  -------------------
/opt/airflow/dags/supermarket_etl_pipeline.py    885  0.55s             1           0  0.71s           2026-08-26T09:53:26
================================================================================
[2026-08-26T09:54:27.956+0000] {manager.py:879} INFO - 
================================================================================
DAG File Processing Stats

File Path                                        PID  Runtime      # DAGs    # Errors  Last Runtime    Last Run
---------------------------------------------  -----  ---------  --------  ----------  --------------  -------------------
/opt/airflow/dags/supermarket_etl_pipeline.py    891  0.01s             1           0  0.61s           2026-08-26T09:53:57
================================================================================
[2026-08-26T09:54:58.204+0000] {manager.py:879} INFO - 
================================================================================
DAG File Processing Stats

File Path                                      PID    Runtime      # DAGs    # Errors  Last Runtime    Last Run
---------------------------------------------  -----  ---------  --------  ----------  --------------  -------------------
/opt/airflow/dags/supermarket_etl_pipeline.py                           1           0  0.64s           2026-08-26T09:54:28
================================================================================
[2026-08-26T09:55:28.643+0000] {manager.py:879} INFO - 
================================================================================
DAG File Processing Stats

File Path                                      PID    Runtime      # DAGs    # Errors  Last Runtime    Last Run
---------------------------------------------  -----  ---------  --------  ----------  --------------  -------------------
/opt/airflow/dags/supermarket_etl_pipeline.py                           1           0  0.89s           2026-08-26T09:54:59
================================================================================
[2026-08-26T09:55:59.022+0000] {manager.py:879} INFO - 
================================================================================
DAG File Processing Stats

File Path                                      PID    Runtime      # DAGs    # Errors  Last Runtime    Last Run
---------------------------------------------  -----  ---------  --------  ----------  --------------  -------------------
/opt/airflow/dags/supermarket_etl_pipeline.py                           1           0  0.75s           2026-08-26T09:55:30
================================================================================
[2026-08-26T09:56:29.149+0000] {manager.py:879} INFO - 
================================================================================
DAG File Processing Stats

File Path                                      PID    Runtime      # DAGs    # Errors  Last Runtime    Last Run
---------------------------------------------  -----  ---------  --------  ----------  --------------  -------------------
/opt/airflow/dags/supermarket_etl_pipeline.py                           1           0  0.74s           2026-08-26T09:56:01
================================================================================
[2026-08-26T09:56:59.293+0000] {manager.py:879} INFO - 
================================================================================
DAG File Processing Stats

File Path                                      PID    Runtime      # DAGs    # Errors  Last Runtime    Last Run
---------------------------------------------  -----  ---------  --------  ----------  --------------  -------------------
/opt/airflow/dags/supermarket_etl_pipeline.py                           1           0  0.78s           2026-08-26T09:56:32
================================================================================
[2026-08-26T09:57:29.296+0000] {manager.py:879} INFO - 
================================================================================
DAG File Processing Stats

File Path                                      PID    Runtime      # DAGs    # Errors  Last Runtime    Last Run
---------------------------------------------  -----  ---------  --------  ----------  --------------  -------------------
/opt/airflow/dags/supermarket_etl_pipeline.py                           1           0  0.84s           2026-08-26T09:57:03
================================================================================
[2026-08-26T09:57:59.491+0000] {manager.py:879} INFO - 
================================================================================
DAG File Processing Stats

File Path                                      PID    Runtime      # DAGs    # Errors  Last Runtime    Last Run
---------------------------------------------  -----  ---------  --------  ----------  --------------  -------------------
/opt/airflow/dags/supermarket_etl_pipeline.py                           1           0  0.81s           2026-08-26T09:57:35
================================================================================
[2026-08-26T09:58:29.870+0000] {manager.py:879} INFO - 
================================================================================
DAG File Processing Stats

File Path                                      PID    Runtime      # DAGs    # Errors  Last Runtime    Last Run
---------------------------------------------  -----  ---------  --------  ----------  --------------  -------------------
/opt/airflow/dags/supermarket_etl_pipeline.py                           1           0  0.92s           2026-08-26T09:58:06
================================================================================
[2026-08-26T09:58:51.665+0000] {manager.py:738} INFO - Searching for files in /opt/airflow/dags
[2026-08-26T09:58:51.786+0000] {manager.py:741} INFO - There are 1 files in /opt/airflow/dags
[2026-08-26T09:58:59.897+0000] {manager.py:879} INFO - 
================================================================================
DAG File Processing Stats

File Path                                      PID    Runtime      # DAGs    # Errors  Last Runtime    Last Run
---------------------------------------------  -----  ---------  --------  ----------  --------------  -------------------
/opt/airflow/dags/supermarket_etl_pipeline.py                           1           0  0.89s           2026-08-26T09:58:37
================================================================================
[2026-08-26T09:59:30.174+0000] {manager.py:879} INFO - 
================================================================================
DAG File Processing Stats

File Path                                      PID    Runtime      # DAGs    # Errors  Last Runtime    Last Run
---------------------------------------------  -----  ---------  --------  ----------  --------------  -------------------
/opt/airflow/dags/supermarket_etl_pipeline.py                           1           0  0.89s           2026-08-26T09:59:08
================================================================================
[2026-08-27T01:31:38.989+0000] {manager.py:469} INFO - Processing files using up to 2 processes at a time 
[2026-08-27T01:31:38.991+0000] {manager.py:470} INFO - Process each file at most once every 30 seconds
[2026-08-27T01:31:38.993+0000] {manager.py:471} INFO - Checking for new files in /opt/airflow/dags every 300 seconds
[2026-08-27T01:31:38.995+0000] {manager.py:738} INFO - Searching for files in /opt/airflow/dags
[2026-08-27T01:31:39.063+0000] {manager.py:741} INFO - There are 1 files in /opt/airflow/dags
[2026-08-27T01:31:39.272+0000] {manager.py:879} INFO - 
================================================================================
DAG File Processing Stats

File Path                                        PID  Runtime      # DAGs    # Errors  Last Runtime    Last Run
---------------------------------------------  -----  ---------  --------  ----------  --------------  ----------
/opt/airflow/dags/supermarket_etl_pipeline.py    189  0.08s             0           0
================================================================================
[2026-08-27T01:32:09.407+0000] {manager.py:879} INFO - 
================================================================================
DAG File Processing Stats

File Path                                      PID    Runtime      # DAGs    # Errors  Last Runtime    Last Run
---------------------------------------------  -----  ---------  --------  ----------  --------------  -------------------
/opt/airflow/dags/supermarket_etl_pipeline.py                           1           0  1.07s           2026-08-27T01:31:40
================================================================================
[2026-08-27T01:32:39.777+0000] {manager.py:879} INFO - 
================================================================================
DAG File Processing Stats

File Path                                      PID    Runtime      # DAGs    # Errors  Last Runtime    Last Run
---------------------------------------------  -----  ---------  --------  ----------  --------------  -------------------
/opt/airflow/dags/supermarket_etl_pipeline.py                           1           0  0.49s           2026-08-27T01:32:10
================================================================================
[2026-08-27T01:33:10.466+0000] {manager.py:879} INFO - 
================================================================================
DAG File Processing Stats

File Path                                      PID    Runtime      # DAGs    # Errors  Last Runtime    Last Run
---------------------------------------------  -----  ---------  --------  ----------  --------------  -------------------
/opt/airflow/dags/supermarket_etl_pipeline.py                           1           0  0.34s           2026-08-27T01:32:41
================================================================================
[2026-08-27T01:33:40.496+0000] {manager.py:879} INFO - 
================================================================================
DAG File Processing Stats

File Path                                      PID    Runtime      # DAGs    # Errors  Last Runtime    Last Run
---------------------------------------------  -----  ---------  --------  ----------  --------------  -------------------
/opt/airflow/dags/supermarket_etl_pipeline.py                           1           0  0.45s           2026-08-27T01:33:12
================================================================================
[2026-08-27T01:34:10.753+0000] {manager.py:879} INFO - 
================================================================================
DAG File Processing Stats

File Path                                      PID    Runtime      # DAGs    # Errors  Last Runtime    Last Run
---------------------------------------------  -----  ---------  --------  ----------  --------------  -------------------
/opt/airflow/dags/supermarket_etl_pipeline.py                           1           0  0.36s           2026-08-27T01:33:42
================================================================================
[2026-08-27T01:34:41.355+0000] {manager.py:879} INFO - 
================================================================================
DAG File Processing Stats

File Path                                      PID    Runtime      # DAGs    # Errors  Last Runtime    Last Run
---------------------------------------------  -----  ---------  --------  ----------  --------------  -------------------
/opt/airflow/dags/supermarket_etl_pipeline.py                           1           0  0.43s           2026-08-27T01:34:13
================================================================================
[2026-08-27T01:35:12.053+0000] {manager.py:879} INFO - 
================================================================================
DAG File Processing Stats

File Path                                      PID    Runtime      # DAGs    # Errors  Last Runtime    Last Run
---------------------------------------------  -----  ---------  --------  ----------  --------------  -------------------
/opt/airflow/dags/supermarket_etl_pipeline.py                           1           0  0.33s           2026-08-27T01:34:44
================================================================================
[2026-08-27T01:35:42.607+0000] {manager.py:879} INFO - 
================================================================================
DAG File Processing Stats

File Path                                      PID    Runtime      # DAGs    # Errors  Last Runtime    Last Run
---------------------------------------------  -----  ---------  --------  ----------  --------------  -------------------
/opt/airflow/dags/supermarket_etl_pipeline.py                           1           0  0.32s           2026-08-27T01:35:14
================================================================================
[2026-08-27T01:36:13.221+0000] {manager.py:879} INFO - 
================================================================================
DAG File Processing Stats

File Path                                      PID    Runtime      # DAGs    # Errors  Last Runtime    Last Run
---------------------------------------------  -----  ---------  --------  ----------  --------------  -------------------
/opt/airflow/dags/supermarket_etl_pipeline.py                           1           0  0.39s           2026-08-27T01:35:45
================================================================================
[2026-08-27T01:36:39.162+0000] {manager.py:738} INFO - Searching for files in /opt/airflow/dags
[2026-08-27T01:36:39.184+0000] {manager.py:741} INFO - There are 1 files in /opt/airflow/dags
[2026-08-27T01:36:43.243+0000] {manager.py:879} INFO - 
================================================================================
DAG File Processing Stats

File Path                                      PID    Runtime      # DAGs    # Errors  Last Runtime    Last Run
---------------------------------------------  -----  ---------  --------  ----------  --------------  -------------------
/opt/airflow/dags/supermarket_etl_pipeline.py                           1           0  0.35s           2026-08-27T01:36:15
================================================================================
[2026-08-27T01:37:13.255+0000] {manager.py:879} INFO - 
================================================================================
DAG File Processing Stats

File Path                                      PID    Runtime      # DAGs    # Errors  Last Runtime    Last Run
---------------------------------------------  -----  ---------  --------  ----------  --------------  -------------------
/opt/airflow/dags/supermarket_etl_pipeline.py                           1           0  0.74s           2026-08-27T01:36:47
================================================================================
[2026-08-27T01:37:43.533+0000] {manager.py:879} INFO - 
================================================================================
DAG File Processing Stats

File Path                                      PID    Runtime      # DAGs    # Errors  Last Runtime    Last Run
---------------------------------------------  -----  ---------  --------  ----------  --------------  -------------------
/opt/airflow/dags/supermarket_etl_pipeline.py                           1           0  0.36s           2026-08-27T01:37:17
================================================================================
[2026-08-27T01:38:14.046+0000] {manager.py:879} INFO - 
================================================================================
DAG File Processing Stats

File Path                                      PID    Runtime      # DAGs    # Errors  Last Runtime    Last Run
---------------------------------------------  -----  ---------  --------  ----------  --------------  -------------------
/opt/airflow/dags/supermarket_etl_pipeline.py                           1           0  0.33s           2026-08-27T01:37:47
================================================================================
[2026-08-27T01:38:44.542+0000] {manager.py:879} INFO - 
================================================================================
DAG File Processing Stats

File Path                                      PID    Runtime      # DAGs    # Errors  Last Runtime    Last Run
---------------------------------------------  -----  ---------  --------  ----------  --------------  -------------------
/opt/airflow/dags/supermarket_etl_pipeline.py                           1           0  0.29s           2026-08-27T01:38:18
================================================================================
[2026-08-27T01:39:14.922+0000] {manager.py:879} INFO - 
================================================================================
DAG File Processing Stats

File Path                                      PID    Runtime      # DAGs    # Errors  Last Runtime    Last Run
---------------------------------------------  -----  ---------  --------  ----------  --------------  -------------------
/opt/airflow/dags/supermarket_etl_pipeline.py                           1           0  0.30s           2026-08-27T01:38:48
================================================================================
[2026-08-27T01:39:45.388+0000] {manager.py:879} INFO - 
================================================================================
DAG File Processing Stats

File Path                                      PID    Runtime      # DAGs    # Errors  Last Runtime    Last Run
---------------------------------------------  -----  ---------  --------  ----------  --------------  -------------------
/opt/airflow/dags/supermarket_etl_pipeline.py                           1           0  0.33s           2026-08-27T01:39:19
================================================================================
[2026-08-27T01:40:15.752+0000] {manager.py:879} INFO - 
================================================================================
DAG File Processing Stats

File Path                                      PID    Runtime      # DAGs    # Errors  Last Runtime    Last Run
---------------------------------------------  -----  ---------  --------  ----------  --------------  -------------------
/opt/airflow/dags/supermarket_etl_pipeline.py                           1           0  0.33s           2026-08-27T01:39:49
================================================================================
[2026-08-27T01:40:46.208+0000] {manager.py:879} INFO - 
================================================================================
DAG File Processing Stats

File Path                                      PID    Runtime      # DAGs    # Errors  Last Runtime    Last Run
---------------------------------------------  -----  ---------  --------  ----------  --------------  -------------------
/opt/airflow/dags/supermarket_etl_pipeline.py                           1           0  0.35s           2026-08-27T01:40:20
================================================================================
[2026-08-27T01:41:16.595+0000] {manager.py:879} INFO - 
================================================================================
DAG File Processing Stats

File Path                                      PID    Runtime      # DAGs    # Errors  Last Runtime    Last Run
---------------------------------------------  -----  ---------  --------  ----------  --------------  -------------------
/opt/airflow/dags/supermarket_etl_pipeline.py                           1           0  0.30s           2026-08-27T01:40:50
================================================================================
[2026-08-27T01:41:39.925+0000] {manager.py:738} INFO - Searching for files in /opt/airflow/dags
[2026-08-27T01:41:40.079+0000] {manager.py:741} INFO - There are 1 files in /opt/airflow/dags
[2026-08-27T01:41:47.156+0000] {manager.py:879} INFO - 
================================================================================
DAG File Processing Stats

File Path                                      PID    Runtime      # DAGs    # Errors  Last Runtime    Last Run
---------------------------------------------  -----  ---------  --------  ----------  --------------  -------------------
/opt/airflow/dags/supermarket_etl_pipeline.py                           1           0  0.30s           2026-08-27T01:41:20
================================================================================
[2026-08-27T01:42:17.450+0000] {manager.py:879} INFO - 
================================================================================
DAG File Processing Stats

File Path                                      PID    Runtime      # DAGs    # Errors  Last Runtime    Last Run
---------------------------------------------  -----  ---------  --------  ----------  --------------  -------------------
/opt/airflow/dags/supermarket_etl_pipeline.py                           1           0  0.34s           2026-08-27T01:41:51
================================================================================
[2026-08-27T01:42:48.014+0000] {manager.py:879} INFO - 
================================================================================
DAG File Processing Stats

File Path                                      PID    Runtime      # DAGs    # Errors  Last Runtime    Last Run
---------------------------------------------  -----  ---------  --------  ----------  --------------  -------------------
/opt/airflow/dags/supermarket_etl_pipeline.py                           1           0  0.32s           2026-08-27T01:42:22
================================================================================
[2026-08-27T01:43:18.037+0000] {manager.py:879} INFO - 
================================================================================
DAG File Processing Stats

File Path                                      PID    Runtime      # DAGs    # Errors  Last Runtime    Last Run
---------------------------------------------  -----  ---------  --------  ----------  --------------  -------------------
/opt/airflow/dags/supermarket_etl_pipeline.py                           1           0  0.34s           2026-08-27T01:42:52
================================================================================
[2026-08-27T01:43:48.355+0000] {manager.py:879} INFO - 
================================================================================
DAG File Processing Stats

File Path                                      PID    Runtime      # DAGs    # Errors  Last Runtime    Last Run
---------------------------------------------  -----  ---------  --------  ----------  --------------  -------------------
/opt/airflow/dags/supermarket_etl_pipeline.py                           1           0  0.40s           2026-08-27T01:43:23
================================================================================
[2026-08-27T01:44:18.398+0000] {manager.py:879} INFO - 
================================================================================
DAG File Processing Stats

File Path                                      PID    Runtime      # DAGs    # Errors  Last Runtime    Last Run
---------------------------------------------  -----  ---------  --------  ----------  --------------  -------------------
/opt/airflow/dags/supermarket_etl_pipeline.py                           1           0  0.35s           2026-08-27T01:43:54
================================================================================
[2026-08-27T01:44:48.695+0000] {manager.py:879} INFO - 
================================================================================
DAG File Processing Stats

File Path                                      PID    Runtime      # DAGs    # Errors  Last Runtime    Last Run
---------------------------------------------  -----  ---------  --------  ----------  --------------  -------------------
/opt/airflow/dags/supermarket_etl_pipeline.py                           1           0  0.29s           2026-08-27T01:44:24
================================================================================
[2026-08-27T01:45:19.414+0000] {manager.py:879} INFO - 
================================================================================
DAG File Processing Stats

File Path                                      PID    Runtime      # DAGs    # Errors  Last Runtime    Last Run
---------------------------------------------  -----  ---------  --------  ----------  --------------  -------------------
/opt/airflow/dags/supermarket_etl_pipeline.py                           1           0  0.31s           2026-08-27T01:44:55
================================================================================
[2026-08-27T01:45:49.928+0000] {manager.py:879} INFO - 
================================================================================
DAG File Processing Stats

File Path                                      PID    Runtime      # DAGs    # Errors  Last Runtime    Last Run
---------------------------------------------  -----  ---------  --------  ----------  --------------  -------------------
/opt/airflow/dags/supermarket_etl_pipeline.py                           1           0  0.26s           2026-08-27T01:45:25
================================================================================
[2026-08-27T01:46:20.218+0000] {manager.py:879} INFO - 
================================================================================
DAG File Processing Stats

File Path                                      PID    Runtime      # DAGs    # Errors  Last Runtime    Last Run
---------------------------------------------  -----  ---------  --------  ----------  --------------  -------------------
/opt/airflow/dags/supermarket_etl_pipeline.py                           1           0  0.39s           2026-08-27T01:45:56
================================================================================
[2026-08-27T01:46:40.206+0000] {manager.py:738} INFO - Searching for files in /opt/airflow/dags
[2026-08-27T01:46:40.280+0000] {manager.py:741} INFO - There are 1 files in /opt/airflow/dags
[2026-08-27T01:46:50.372+0000] {manager.py:879} INFO - 
================================================================================
DAG File Processing Stats

File Path                                      PID    Runtime      # DAGs    # Errors  Last Runtime    Last Run
---------------------------------------------  -----  ---------  --------  ----------  --------------  -------------------
/opt/airflow/dags/supermarket_etl_pipeline.py                           1           0  0.35s           2026-08-27T01:46:27
================================================================================
[2026-08-27T01:47:20.660+0000] {manager.py:879} INFO - 
================================================================================
DAG File Processing Stats

File Path                                      PID    Runtime      # DAGs    # Errors  Last Runtime    Last Run
---------------------------------------------  -----  ---------  --------  ----------  --------------  -------------------
/opt/airflow/dags/supermarket_etl_pipeline.py                           1           0  0.32s           2026-08-27T01:46:57
================================================================================
[2026-08-27T01:47:51.274+0000] {manager.py:879} INFO - 
================================================================================
DAG File Processing Stats

File Path                                      PID    Runtime      # DAGs    # Errors  Last Runtime    Last Run
---------------------------------------------  -----  ---------  --------  ----------  --------------  -------------------
/opt/airflow/dags/supermarket_etl_pipeline.py                           1           0  0.32s           2026-08-27T01:47:28
================================================================================
[2026-08-27T01:48:21.891+0000] {manager.py:879} INFO - 
================================================================================
DAG File Processing Stats

File Path                                      PID    Runtime      # DAGs    # Errors  Last Runtime    Last Run
---------------------------------------------  -----  ---------  --------  ----------  --------------  -------------------
/opt/airflow/dags/supermarket_etl_pipeline.py                           1           0  0.31s           2026-08-27T01:47:58
================================================================================
[2026-08-27T01:48:52.433+0000] {manager.py:879} INFO - 
================================================================================
DAG File Processing Stats

File Path                                      PID    Runtime      # DAGs    # Errors  Last Runtime    Last Run
---------------------------------------------  -----  ---------  --------  ----------  --------------  -------------------
/opt/airflow/dags/supermarket_etl_pipeline.py                           1           0  0.32s           2026-08-27T01:48:29
================================================================================
[2026-08-27T01:49:23.118+0000] {manager.py:879} INFO - 
================================================================================
DAG File Processing Stats

File Path                                      PID    Runtime      # DAGs    # Errors  Last Runtime    Last Run
---------------------------------------------  -----  ---------  --------  ----------  --------------  -------------------
/opt/airflow/dags/supermarket_etl_pipeline.py                           1           0  0.30s           2026-08-27T01:49:00
================================================================================
[2026-08-27T01:49:53.704+0000] {manager.py:879} INFO - 
================================================================================
DAG File Processing Stats

File Path                                      PID    Runtime      # DAGs    # Errors  Last Runtime    Last Run
---------------------------------------------  -----  ---------  --------  ----------  --------------  -------------------
/opt/airflow/dags/supermarket_etl_pipeline.py                           1           0  0.30s           2026-08-27T01:49:30
================================================================================
[2026-08-27T01:50:23.979+0000] {manager.py:879} INFO - 
================================================================================
DAG File Processing Stats

File Path                                      PID    Runtime      # DAGs    # Errors  Last Runtime    Last Run
---------------------------------------------  -----  ---------  --------  ----------  --------------  -------------------
/opt/airflow/dags/supermarket_etl_pipeline.py                           1           0  0.32s           2026-08-27T01:50:01
================================================================================
[2026-08-27T01:50:54.635+0000] {manager.py:879} INFO - 
================================================================================
DAG File Processing Stats

File Path                                      PID    Runtime      # DAGs    # Errors  Last Runtime    Last Run
---------------------------------------------  -----  ---------  --------  ----------  --------------  -------------------
/opt/airflow/dags/supermarket_etl_pipeline.py                           1           0  0.32s           2026-08-27T01:50:31
================================================================================
[2026-08-27T01:51:25.281+0000] {manager.py:879} INFO - 
================================================================================
DAG File Processing Stats

File Path                                      PID    Runtime      # DAGs    # Errors  Last Runtime    Last Run
---------------------------------------------  -----  ---------  --------  ----------  --------------  -------------------
/opt/airflow/dags/supermarket_etl_pipeline.py                           1           0  0.31s           2026-08-27T01:51:02
================================================================================
[2026-08-27T01:51:40.726+0000] {manager.py:738} INFO - Searching for files in /opt/airflow/dags
[2026-08-27T01:51:40.786+0000] {manager.py:741} INFO - There are 1 files in /opt/airflow/dags
[2026-08-27T01:51:55.917+0000] {manager.py:879} INFO - 
================================================================================
DAG File Processing Stats

File Path                                      PID    Runtime      # DAGs    # Errors  Last Runtime    Last Run
---------------------------------------------  -----  ---------  --------  ----------  --------------  -------------------
/opt/airflow/dags/supermarket_etl_pipeline.py                           1           0  0.35s           2026-08-27T01:51:32
================================================================================
[2026-08-27T01:52:26.266+0000] {manager.py:879} INFO - 
================================================================================
DAG File Processing Stats

File Path                                      PID    Runtime      # DAGs    # Errors  Last Runtime    Last Run
---------------------------------------------  -----  ---------  --------  ----------  --------------  -------------------
/opt/airflow/dags/supermarket_etl_pipeline.py                           1           0  0.33s           2026-08-27T01:52:03
================================================================================
[2026-08-27T01:52:56.850+0000] {manager.py:879} INFO - 
================================================================================
DAG File Processing Stats

File Path                                      PID    Runtime      # DAGs    # Errors  Last Runtime    Last Run
---------------------------------------------  -----  ---------  --------  ----------  --------------  -------------------
/opt/airflow/dags/supermarket_etl_pipeline.py                           1           0  0.32s           2026-08-27T01:52:33
================================================================================
[2026-08-27T01:53:26.903+0000] {manager.py:879} INFO - 
================================================================================
DAG File Processing Stats

File Path                                      PID    Runtime      # DAGs    # Errors  Last Runtime    Last Run
---------------------------------------------  -----  ---------  --------  ----------  --------------  -------------------
/opt/airflow/dags/supermarket_etl_pipeline.py                           1           0  0.43s           2026-08-27T01:53:04
================================================================================
[2026-08-27T01:53:57.202+0000] {manager.py:879} INFO - 
================================================================================
DAG File Processing Stats

File Path                                      PID    Runtime      # DAGs    # Errors  Last Runtime    Last Run
---------------------------------------------  -----  ---------  --------  ----------  --------------  -------------------
/opt/airflow/dags/supermarket_etl_pipeline.py                           1           0  0.33s           2026-08-27T01:53:35
================================================================================
[2026-08-27T01:54:27.855+0000] {manager.py:879} INFO - 
================================================================================
DAG File Processing Stats

File Path                                      PID    Runtime      # DAGs    # Errors  Last Runtime    Last Run
---------------------------------------------  -----  ---------  --------  ----------  --------------  -------------------
/opt/airflow/dags/supermarket_etl_pipeline.py                           1           0  0.31s           2026-08-27T01:54:05
================================================================================
[2026-08-27T01:54:58.219+0000] {manager.py:879} INFO - 
================================================================================
DAG File Processing Stats

File Path                                      PID    Runtime      # DAGs    # Errors  Last Runtime    Last Run
---------------------------------------------  -----  ---------  --------  ----------  --------------  -------------------
/opt/airflow/dags/supermarket_etl_pipeline.py                           1           0  0.26s           2026-08-27T01:54:36
================================================================================
[2026-08-27T01:55:28.773+0000] {manager.py:879} INFO - 
================================================================================
DAG File Processing Stats

File Path                                      PID    Runtime      # DAGs    # Errors  Last Runtime    Last Run
---------------------------------------------  -----  ---------  --------  ----------  --------------  -------------------
/opt/airflow/dags/supermarket_etl_pipeline.py                           1           0  0.32s           2026-08-27T01:55:06
================================================================================
[2026-08-27T01:55:59.068+0000] {manager.py:879} INFO - 
================================================================================
DAG File Processing Stats

File Path                                      PID    Runtime      # DAGs    # Errors  Last Runtime    Last Run
---------------------------------------------  -----  ---------  --------  ----------  --------------  -------------------
/opt/airflow/dags/supermarket_etl_pipeline.py                           1           0  0.34s           2026-08-27T01:55:37
================================================================================
[2026-08-27T01:56:29.654+0000] {manager.py:879} INFO - 
================================================================================
DAG File Processing Stats

File Path                                      PID    Runtime      # DAGs    # Errors  Last Runtime    Last Run
---------------------------------------------  -----  ---------  --------  ----------  --------------  -------------------
/opt/airflow/dags/supermarket_etl_pipeline.py                           1           0  0.34s           2026-08-27T01:56:07
================================================================================
[2026-08-27T01:56:41.069+0000] {manager.py:738} INFO - Searching for files in /opt/airflow/dags
[2026-08-27T01:56:41.095+0000] {manager.py:741} INFO - There are 1 files in /opt/airflow/dags
[2026-08-27T01:57:00.314+0000] {manager.py:879} INFO - 
================================================================================
DAG File Processing Stats

File Path                                      PID    Runtime      # DAGs    # Errors  Last Runtime    Last Run
---------------------------------------------  -----  ---------  --------  ----------  --------------  -------------------
/opt/airflow/dags/supermarket_etl_pipeline.py                           1           0  0.34s           2026-08-27T01:56:38
================================================================================
[2026-08-27T01:57:30.869+0000] {manager.py:879} INFO - 
================================================================================
DAG File Processing Stats

File Path                                      PID    Runtime      # DAGs    # Errors  Last Runtime    Last Run
---------------------------------------------  -----  ---------  --------  ----------  --------------  -------------------
/opt/airflow/dags/supermarket_etl_pipeline.py                           1           0  0.31s           2026-08-27T01:57:08
================================================================================
[2026-08-27T01:58:01.500+0000] {manager.py:879} INFO - 
================================================================================
DAG File Processing Stats

File Path                                      PID    Runtime      # DAGs    # Errors  Last Runtime    Last Run
---------------------------------------------  -----  ---------  --------  ----------  --------------  -------------------
/opt/airflow/dags/supermarket_etl_pipeline.py                           1           0  0.30s           2026-08-27T01:57:39
================================================================================
[2026-08-27T01:58:32.095+0000] {manager.py:879} INFO - 
================================================================================
DAG File Processing Stats

File Path                                      PID    Runtime      # DAGs    # Errors  Last Runtime    Last Run
---------------------------------------------  -----  ---------  --------  ----------  --------------  -------------------
/opt/airflow/dags/supermarket_etl_pipeline.py                           1           0  0.34s           2026-08-27T01:58:10
================================================================================
[2026-08-27T01:59:02.176+0000] {manager.py:879} INFO - 
================================================================================
DAG File Processing Stats

File Path                                      PID    Runtime      # DAGs    # Errors  Last Runtime    Last Run
---------------------------------------------  -----  ---------  --------  ----------  --------------  -------------------
/opt/airflow/dags/supermarket_etl_pipeline.py                           1           0  0.33s           2026-08-27T01:58:40
================================================================================
[2026-08-27T01:59:32.515+0000] {manager.py:879} INFO - 
================================================================================
DAG File Processing Stats

File Path                                      PID    Runtime      # DAGs    # Errors  Last Runtime    Last Run
---------------------------------------------  -----  ---------  --------  ----------  --------------  -------------------
/opt/airflow/dags/supermarket_etl_pipeline.py                           1           0  0.33s           2026-08-27T01:59:11
================================================================================
[2026-08-27T02:00:03.157+0000] {manager.py:879} INFO - 
================================================================================
DAG File Processing Stats

File Path                                      PID    Runtime      # DAGs    # Errors  Last Runtime    Last Run
---------------------------------------------  -----  ---------  --------  ----------  --------------  -------------------
/opt/airflow/dags/supermarket_etl_pipeline.py                           1           0  0.35s           2026-08-27T01:59:42
================================================================================
[2026-08-27T02:00:33.805+0000] {manager.py:879} INFO - 
================================================================================
DAG File Processing Stats

File Path                                      PID    Runtime      # DAGs    # Errors  Last Runtime    Last Run
---------------------------------------------  -----  ---------  --------  ----------  --------------  -------------------
/opt/airflow/dags/supermarket_etl_pipeline.py                           1           0  0.31s           2026-08-27T02:00:12
================================================================================
[2026-08-27T02:01:04.404+0000] {manager.py:879} INFO - 
================================================================================
DAG File Processing Stats

File Path                                      PID    Runtime      # DAGs    # Errors  Last Runtime    Last Run
---------------------------------------------  -----  ---------  --------  ----------  --------------  -------------------
/opt/airflow/dags/supermarket_etl_pipeline.py                           1           0  0.32s           2026-08-27T02:00:43
================================================================================
[2026-08-27T02:01:34.722+0000] {manager.py:879} INFO - 
================================================================================
DAG File Processing Stats

File Path                                      PID    Runtime      # DAGs    # Errors  Last Runtime    Last Run
---------------------------------------------  -----  ---------  --------  ----------  --------------  -------------------
/opt/airflow/dags/supermarket_etl_pipeline.py                           1           0  0.28s           2026-08-27T02:01:13
================================================================================
[2026-08-27T02:01:41.775+0000] {manager.py:738} INFO - Searching for files in /opt/airflow/dags
[2026-08-27T02:01:41.857+0000] {manager.py:741} INFO - There are 1 files in /opt/airflow/dags
[2026-08-27T02:02:05.152+0000] {manager.py:879} INFO - 
================================================================================
DAG File Processing Stats

File Path                                      PID    Runtime      # DAGs    # Errors  Last Runtime    Last Run
---------------------------------------------  -----  ---------  --------  ----------  --------------  -------------------
/opt/airflow/dags/supermarket_etl_pipeline.py                           1           0  0.29s           2026-08-27T02:01:44
================================================================================
[2026-08-27T02:02:35.578+0000] {manager.py:879} INFO - 
================================================================================
DAG File Processing Stats

File Path                                      PID    Runtime      # DAGs    # Errors  Last Runtime    Last Run
---------------------------------------------  -----  ---------  --------  ----------  --------------  -------------------
/opt/airflow/dags/supermarket_etl_pipeline.py                           1           0  0.54s           2026-08-27T02:02:14
================================================================================
[2026-08-27T02:03:06.165+0000] {manager.py:879} INFO - 
================================================================================
DAG File Processing Stats

File Path                                      PID    Runtime      # DAGs    # Errors  Last Runtime    Last Run
---------------------------------------------  -----  ---------  --------  ----------  --------------  -------------------
/opt/airflow/dags/supermarket_etl_pipeline.py                           1           0  0.38s           2026-08-27T02:02:45
================================================================================
[2026-08-27T02:03:36.723+0000] {manager.py:879} INFO - 
================================================================================
DAG File Processing Stats

File Path                                      PID    Runtime      # DAGs    # Errors  Last Runtime    Last Run
---------------------------------------------  -----  ---------  --------  ----------  --------------  -------------------
/opt/airflow/dags/supermarket_etl_pipeline.py                           1           0  0.39s           2026-08-27T02:03:15
================================================================================
[2026-08-27T02:04:06.724+0000] {manager.py:879} INFO - 
================================================================================
DAG File Processing Stats

File Path                                      PID    Runtime      # DAGs    # Errors  Last Runtime    Last Run
---------------------------------------------  -----  ---------  --------  ----------  --------------  -------------------
/opt/airflow/dags/supermarket_etl_pipeline.py                           1           0  0.35s           2026-08-27T02:03:46
================================================================================
[2026-08-27T02:04:37.047+0000] {manager.py:879} INFO - 
================================================================================
DAG File Processing Stats

File Path                                      PID    Runtime      # DAGs    # Errors  Last Runtime    Last Run
---------------------------------------------  -----  ---------  --------  ----------  --------------  -------------------
/opt/airflow/dags/supermarket_etl_pipeline.py                           1           0  0.45s           2026-08-27T02:04:17
================================================================================
[2026-08-27T02:05:07.089+0000] {manager.py:879} INFO - 
================================================================================
DAG File Processing Stats

File Path                                      PID    Runtime      # DAGs    # Errors  Last Runtime    Last Run
---------------------------------------------  -----  ---------  --------  ----------  --------------  -------------------
/opt/airflow/dags/supermarket_etl_pipeline.py                           1           0  0.31s           2026-08-27T02:04:47
================================================================================
[2026-08-27T02:05:37.373+0000] {manager.py:879} INFO - 
================================================================================
DAG File Processing Stats

File Path                                      PID    Runtime      # DAGs    # Errors  Last Runtime    Last Run
---------------------------------------------  -----  ---------  --------  ----------  --------------  -------------------
/opt/airflow/dags/supermarket_etl_pipeline.py                           1           0  0.31s           2026-08-27T02:05:18
================================================================================
[2026-08-27T02:06:07.899+0000] {manager.py:879} INFO - 
================================================================================
DAG File Processing Stats

File Path                                      PID    Runtime      # DAGs    # Errors  Last Runtime    Last Run
---------------------------------------------  -----  ---------  --------  ----------  --------------  -------------------
/opt/airflow/dags/supermarket_etl_pipeline.py                           1           0  0.37s           2026-08-27T02:05:48
================================================================================
[2026-08-27T02:06:38.302+0000] {manager.py:879} INFO - 
================================================================================
DAG File Processing Stats

File Path                                      PID    Runtime      # DAGs    # Errors  Last Runtime    Last Run
---------------------------------------------  -----  ---------  --------  ----------  --------------  -------------------
/opt/airflow/dags/supermarket_etl_pipeline.py                           1           0  0.44s           2026-08-27T02:06:19
================================================================================
[2026-08-27T02:06:42.327+0000] {manager.py:738} INFO - Searching for files in /opt/airflow/dags
[2026-08-27T02:06:42.395+0000] {manager.py:741} INFO - There are 1 files in /opt/airflow/dags
[2026-08-27T02:07:08.847+0000] {manager.py:879} INFO - 
================================================================================
DAG File Processing Stats

File Path                                      PID    Runtime      # DAGs    # Errors  Last Runtime    Last Run
---------------------------------------------  -----  ---------  --------  ----------  --------------  -------------------
/opt/airflow/dags/supermarket_etl_pipeline.py                           1           0  0.34s           2026-08-27T02:06:49
================================================================================
[2026-08-27T02:07:39.280+0000] {manager.py:879} INFO - 
================================================================================
DAG File Processing Stats

File Path                                      PID    Runtime      # DAGs    # Errors  Last Runtime    Last Run
---------------------------------------------  -----  ---------  --------  ----------  --------------  -------------------
/opt/airflow/dags/supermarket_etl_pipeline.py                           1           0  0.33s           2026-08-27T02:07:20
================================================================================
[2026-08-27T02:08:09.759+0000] {manager.py:879} INFO - 
================================================================================
DAG File Processing Stats

File Path                                      PID    Runtime      # DAGs    # Errors  Last Runtime    Last Run
---------------------------------------------  -----  ---------  --------  ----------  --------------  -------------------
/opt/airflow/dags/supermarket_etl_pipeline.py                           1           0  0.37s           2026-08-27T02:07:50
================================================================================
[2026-08-27T02:08:40.256+0000] {manager.py:879} INFO - 
================================================================================
DAG File Processing Stats

File Path                                      PID    Runtime      # DAGs    # Errors  Last Runtime    Last Run
---------------------------------------------  -----  ---------  --------  ----------  --------------  -------------------
/opt/airflow/dags/supermarket_etl_pipeline.py                           1           0  0.53s           2026-08-27T02:08:21
================================================================================
[2026-08-27T02:09:10.978+0000] {manager.py:879} INFO - 
================================================================================
DAG File Processing Stats

File Path                                      PID    Runtime      # DAGs    # Errors  Last Runtime    Last Run
---------------------------------------------  -----  ---------  --------  ----------  --------------  -------------------
/opt/airflow/dags/supermarket_etl_pipeline.py                           1           0  0.33s           2026-08-27T02:08:52
================================================================================
[2026-08-27T02:09:41.532+0000] {manager.py:879} INFO - 
================================================================================
DAG File Processing Stats

File Path                                      PID    Runtime      # DAGs    # Errors  Last Runtime    Last Run
---------------------------------------------  -----  ---------  --------  ----------  --------------  -------------------
/opt/airflow/dags/supermarket_etl_pipeline.py                           1           0  0.30s           2026-08-27T02:09:22
================================================================================
[2026-08-27T02:10:11.834+0000] {manager.py:879} INFO - 
================================================================================
DAG File Processing Stats

File Path                                      PID    Runtime      # DAGs    # Errors  Last Runtime    Last Run
---------------------------------------------  -----  ---------  --------  ----------  --------------  -------------------
/opt/airflow/dags/supermarket_etl_pipeline.py                           1           0  0.36s           2026-08-27T02:09:53
================================================================================
[2026-08-27T02:10:41.848+0000] {manager.py:879} INFO - 
================================================================================
DAG File Processing Stats

File Path                                      PID    Runtime      # DAGs    # Errors  Last Runtime    Last Run
---------------------------------------------  -----  ---------  --------  ----------  --------------  -------------------
/opt/airflow/dags/supermarket_etl_pipeline.py                           1           0  0.44s           2026-08-27T02:10:23
================================================================================
[2026-08-27T02:11:12.690+0000] {manager.py:879} INFO - 
================================================================================
DAG File Processing Stats

File Path                                      PID    Runtime      # DAGs    # Errors  Last Runtime    Last Run
---------------------------------------------  -----  ---------  --------  ----------  --------------  -------------------
/opt/airflow/dags/supermarket_etl_pipeline.py                           1           0  0.61s           2026-08-27T02:10:54
================================================================================
[2026-08-27T02:11:42.995+0000] {manager.py:738} INFO - Searching for files in /opt/airflow/dags
[2026-08-27T02:11:43.179+0000] {manager.py:741} INFO - There are 1 files in /opt/airflow/dags
[2026-08-27T02:11:43.193+0000] {manager.py:879} INFO - 
================================================================================
DAG File Processing Stats

File Path                                      PID    Runtime      # DAGs    # Errors  Last Runtime    Last Run
---------------------------------------------  -----  ---------  --------  ----------  --------------  -------------------
/opt/airflow/dags/supermarket_etl_pipeline.py                           1           0  0.34s           2026-08-27T02:11:25
================================================================================
[2026-08-27T02:12:13.524+0000] {manager.py:879} INFO - 
================================================================================
DAG File Processing Stats

File Path                                      PID    Runtime      # DAGs    # Errors  Last Runtime    Last Run
---------------------------------------------  -----  ---------  --------  ----------  --------------  -------------------
/opt/airflow/dags/supermarket_etl_pipeline.py                           1           0  0.37s           2026-08-27T02:11:55
================================================================================
[2026-08-27T02:12:43.525+0000] {manager.py:879} INFO - 
================================================================================
DAG File Processing Stats

File Path                                      PID    Runtime      # DAGs    # Errors  Last Runtime    Last Run
---------------------------------------------  -----  ---------  --------  ----------  --------------  -------------------
/opt/airflow/dags/supermarket_etl_pipeline.py                           1           0  0.48s           2026-08-27T02:12:26
================================================================================
[2026-08-27T02:13:13.807+0000] {manager.py:879} INFO - 
================================================================================
DAG File Processing Stats

File Path                                      PID    Runtime      # DAGs    # Errors  Last Runtime    Last Run
---------------------------------------------  -----  ---------  --------  ----------  --------------  -------------------
/opt/airflow/dags/supermarket_etl_pipeline.py                           1           0  0.40s           2026-08-27T02:12:57
================================================================================
[2026-08-27T02:13:44.428+0000] {manager.py:879} INFO - 
================================================================================
DAG File Processing Stats

File Path                                      PID    Runtime      # DAGs    # Errors  Last Runtime    Last Run
---------------------------------------------  -----  ---------  --------  ----------  --------------  -------------------
/opt/airflow/dags/supermarket_etl_pipeline.py                           1           0  0.30s           2026-08-27T02:13:27
================================================================================
[2026-08-27T02:14:14.942+0000] {manager.py:879} INFO - 
================================================================================
DAG File Processing Stats

File Path                                      PID    Runtime      # DAGs    # Errors  Last Runtime    Last Run
---------------------------------------------  -----  ---------  --------  ----------  --------------  -------------------
/opt/airflow/dags/supermarket_etl_pipeline.py                           1           0  0.37s           2026-08-27T02:13:58
================================================================================
[2026-08-27T02:14:45.064+0000] {manager.py:879} INFO - 
================================================================================
DAG File Processing Stats

File Path                                      PID    Runtime      # DAGs    # Errors  Last Runtime    Last Run
---------------------------------------------  -----  ---------  --------  ----------  --------------  -------------------
/opt/airflow/dags/supermarket_etl_pipeline.py                           1           0  0.44s           2026-08-27T02:14:28
================================================================================
[2026-08-27T02:15:15.314+0000] {manager.py:879} INFO - 
================================================================================
DAG File Processing Stats

File Path                                      PID    Runtime      # DAGs    # Errors  Last Runtime    Last Run
---------------------------------------------  -----  ---------  --------  ----------  --------------  -------------------
/opt/airflow/dags/supermarket_etl_pipeline.py                           1           0  0.27s           2026-08-27T02:14:59
================================================================================
[2026-08-27T02:15:45.776+0000] {manager.py:879} INFO - 
================================================================================
DAG File Processing Stats

File Path                                      PID    Runtime      # DAGs    # Errors  Last Runtime    Last Run
---------------------------------------------  -----  ---------  --------  ----------  --------------  -------------------
/opt/airflow/dags/supermarket_etl_pipeline.py                           1           0  0.32s           2026-08-27T02:15:29
================================================================================
[2026-08-27T02:16:16.326+0000] {manager.py:879} INFO - 
================================================================================
DAG File Processing Stats

File Path                                      PID    Runtime      # DAGs    # Errors  Last Runtime    Last Run
---------------------------------------------  -----  ---------  --------  ----------  --------------  -------------------
/opt/airflow/dags/supermarket_etl_pipeline.py                           1           0  0.30s           2026-08-27T02:16:00
================================================================================
[2026-08-27T02:16:43.287+0000] {manager.py:738} INFO - Searching for files in /opt/airflow/dags
[2026-08-27T02:16:43.346+0000] {manager.py:741} INFO - There are 1 files in /opt/airflow/dags
[2026-08-27T02:16:46.374+0000] {manager.py:879} INFO - 
================================================================================
DAG File Processing Stats

File Path                                      PID    Runtime      # DAGs    # Errors  Last Runtime    Last Run
---------------------------------------------  -----  ---------  --------  ----------  --------------  -------------------
/opt/airflow/dags/supermarket_etl_pipeline.py                           1           0  0.47s           2026-08-27T02:16:31
================================================================================
[2026-08-27T02:17:16.636+0000] {manager.py:879} INFO - 
================================================================================
DAG File Processing Stats

File Path                                      PID    Runtime      # DAGs    # Errors  Last Runtime    Last Run
---------------------------------------------  -----  ---------  --------  ----------  --------------  -------------------
/opt/airflow/dags/supermarket_etl_pipeline.py                           1           0  0.44s           2026-08-27T02:17:01
================================================================================
[2026-08-27T02:17:47.303+0000] {manager.py:879} INFO - 
================================================================================
DAG File Processing Stats

File Path                                      PID    Runtime      # DAGs    # Errors  Last Runtime    Last Run
---------------------------------------------  -----  ---------  --------  ----------  --------------  -------------------
/opt/airflow/dags/supermarket_etl_pipeline.py                           1           0  0.33s           2026-08-27T02:17:32
================================================================================
[2026-08-27T02:18:17.830+0000] {manager.py:879} INFO - 
================================================================================
DAG File Processing Stats

File Path                                      PID    Runtime      # DAGs    # Errors  Last Runtime    Last Run
---------------------------------------------  -----  ---------  --------  ----------  --------------  -------------------
/opt/airflow/dags/supermarket_etl_pipeline.py                           1           0  0.30s           2026-08-27T02:18:03
================================================================================
[2026-08-27T02:18:48.317+0000] {manager.py:879} INFO - 
================================================================================
DAG File Processing Stats

File Path                                      PID    Runtime      # DAGs    # Errors  Last Runtime    Last Run
---------------------------------------------  -----  ---------  --------  ----------  --------------  -------------------
/opt/airflow/dags/supermarket_etl_pipeline.py                           1           0  0.43s           2026-08-27T02:18:33
================================================================================
[2026-08-27T02:19:18.991+0000] {manager.py:879} INFO - 
================================================================================
DAG File Processing Stats

File Path                                      PID    Runtime      # DAGs    # Errors  Last Runtime    Last Run
---------------------------------------------  -----  ---------  --------  ----------  --------------  -------------------
/opt/airflow/dags/supermarket_etl_pipeline.py                           1           0  0.29s           2026-08-27T02:19:04
================================================================================
[2026-08-27T02:19:49.483+0000] {manager.py:879} INFO - 
================================================================================
DAG File Processing Stats

File Path                                      PID    Runtime      # DAGs    # Errors  Last Runtime    Last Run
---------------------------------------------  -----  ---------  --------  ----------  --------------  -------------------
/opt/airflow/dags/supermarket_etl_pipeline.py                           1           0  0.32s           2026-08-27T02:19:34
================================================================================
[2026-08-27T02:20:20.147+0000] {manager.py:879} INFO - 
================================================================================
DAG File Processing Stats

File Path                                      PID    Runtime      # DAGs    # Errors  Last Runtime    Last Run
---------------------------------------------  -----  ---------  --------  ----------  --------------  -------------------
/opt/airflow/dags/supermarket_etl_pipeline.py                           1           0  0.32s           2026-08-27T02:20:05
================================================================================
[2026-08-27T02:20:50.227+0000] {manager.py:879} INFO - 
================================================================================
DAG File Processing Stats

File Path                                      PID    Runtime      # DAGs    # Errors  Last Runtime    Last Run
---------------------------------------------  -----  ---------  --------  ----------  --------------  -------------------
/opt/airflow/dags/supermarket_etl_pipeline.py                           1           0  0.43s           2026-08-27T02:20:36
================================================================================
[2026-08-27T02:21:20.580+0000] {manager.py:879} INFO - 
================================================================================
DAG File Processing Stats

File Path                                      PID    Runtime      # DAGs    # Errors  Last Runtime    Last Run
---------------------------------------------  -----  ---------  --------  ----------  --------------  -------------------
/opt/airflow/dags/supermarket_etl_pipeline.py                           1           0  0.32s           2026-08-27T02:21:06
================================================================================
[2026-08-27T02:21:43.524+0000] {manager.py:738} INFO - Searching for files in /opt/airflow/dags
[2026-08-27T02:21:43.622+0000] {manager.py:741} INFO - There are 1 files in /opt/airflow/dags
[2026-08-27T02:21:50.689+0000] {manager.py:879} INFO - 
================================================================================
DAG File Processing Stats

File Path                                      PID    Runtime      # DAGs    # Errors  Last Runtime    Last Run
---------------------------------------------  -----  ---------  --------  ----------  --------------  -------------------
/opt/airflow/dags/supermarket_etl_pipeline.py                           1           0  0.33s           2026-08-27T02:21:37
================================================================================
[2026-08-27T02:22:20.934+0000] {manager.py:879} INFO - 
================================================================================
DAG File Processing Stats

File Path                                      PID    Runtime      # DAGs    # Errors  Last Runtime    Last Run
---------------------------------------------  -----  ---------  --------  ----------  --------------  -------------------
/opt/airflow/dags/supermarket_etl_pipeline.py                           1           0  0.31s           2026-08-27T02:22:08
================================================================================
[2026-08-27T02:22:51.049+0000] {manager.py:879} INFO - 
================================================================================
DAG File Processing Stats

File Path                                      PID    Runtime      # DAGs    # Errors  Last Runtime    Last Run
---------------------------------------------  -----  ---------  --------  ----------  --------------  -------------------
/opt/airflow/dags/supermarket_etl_pipeline.py                           1           0  0.43s           2026-08-27T02:22:38
================================================================================
[2026-08-27T02:23:21.837+0000] {manager.py:879} INFO - 
================================================================================
DAG File Processing Stats

File Path                                      PID    Runtime      # DAGs    # Errors  Last Runtime    Last Run
---------------------------------------------  -----  ---------  --------  ----------  --------------  -------------------
/opt/airflow/dags/supermarket_etl_pipeline.py                           1           0  0.53s           2026-08-27T02:23:09
================================================================================
[2026-08-27T02:23:52.279+0000] {manager.py:879} INFO - 
================================================================================
DAG File Processing Stats

File Path                                      PID    Runtime      # DAGs    # Errors  Last Runtime    Last Run
---------------------------------------------  -----  ---------  --------  ----------  --------------  -------------------
/opt/airflow/dags/supermarket_etl_pipeline.py                           1           0  0.32s           2026-08-27T02:23:40
================================================================================
[2026-08-27T02:24:22.813+0000] {manager.py:879} INFO - 
================================================================================
DAG File Processing Stats

File Path                                      PID    Runtime      # DAGs    # Errors  Last Runtime    Last Run
---------------------------------------------  -----  ---------  --------  ----------  --------------  -------------------
/opt/airflow/dags/supermarket_etl_pipeline.py                           1           0  0.32s           2026-08-27T02:24:10
================================================================================
[2026-08-27T02:24:53.221+0000] {manager.py:879} INFO - 
================================================================================
DAG File Processing Stats

File Path                                      PID    Runtime      # DAGs    # Errors  Last Runtime    Last Run
---------------------------------------------  -----  ---------  --------  ----------  --------------  -------------------
/opt/airflow/dags/supermarket_etl_pipeline.py                           1           0  0.55s           2026-08-27T02:24:41
================================================================================
[2026-08-27T02:25:23.541+0000] {manager.py:879} INFO - 
================================================================================
DAG File Processing Stats

File Path                                      PID    Runtime      # DAGs    # Errors  Last Runtime    Last Run
---------------------------------------------  -----  ---------  --------  ----------  --------------  -------------------
/opt/airflow/dags/supermarket_etl_pipeline.py                           1           0  0.53s           2026-08-27T02:25:12
================================================================================
[2026-08-27T02:25:53.986+0000] {manager.py:879} INFO - 
================================================================================
DAG File Processing Stats

File Path                                      PID    Runtime      # DAGs    # Errors  Last Runtime    Last Run
---------------------------------------------  -----  ---------  --------  ----------  --------------  -------------------
/opt/airflow/dags/supermarket_etl_pipeline.py                           1           0  0.31s           2026-08-27T02:25:43
================================================================================
[2026-08-27T02:26:24.581+0000] {manager.py:879} INFO - 
================================================================================
DAG File Processing Stats

File Path                                      PID    Runtime      # DAGs    # Errors  Last Runtime    Last Run
---------------------------------------------  -----  ---------  --------  ----------  --------------  -------------------
/opt/airflow/dags/supermarket_etl_pipeline.py                           1           0  0.31s           2026-08-27T02:26:13
================================================================================
[2026-08-27T02:26:43.721+0000] {manager.py:738} INFO - Searching for files in /opt/airflow/dags
[2026-08-27T02:26:43.777+0000] {manager.py:741} INFO - There are 1 files in /opt/airflow/dags
[2026-08-27T02:26:54.902+0000] {manager.py:879} INFO - 
================================================================================
DAG File Processing Stats

File Path                                      PID    Runtime      # DAGs    # Errors  Last Runtime    Last Run
---------------------------------------------  -----  ---------  --------  ----------  --------------  -------------------
/opt/airflow/dags/supermarket_etl_pipeline.py                           1           0  0.44s           2026-08-27T02:26:44
================================================================================
[2026-08-27T02:27:25.051+0000] {manager.py:879} INFO - 
================================================================================
DAG File Processing Stats

File Path                                      PID    Runtime      # DAGs    # Errors  Last Runtime    Last Run
---------------------------------------------  -----  ---------  --------  ----------  --------------  -------------------
/opt/airflow/dags/supermarket_etl_pipeline.py                           1           0  0.47s           2026-08-27T02:27:14
================================================================================
[2026-08-27T02:27:55.392+0000] {manager.py:879} INFO - 
================================================================================
DAG File Processing Stats

File Path                                      PID    Runtime      # DAGs    # Errors  Last Runtime    Last Run
---------------------------------------------  -----  ---------  --------  ----------  --------------  -------------------
/opt/airflow/dags/supermarket_etl_pipeline.py                           1           0  0.32s           2026-08-27T02:27:45
================================================================================
[2026-08-27T02:28:26.015+0000] {manager.py:879} INFO - 
================================================================================
DAG File Processing Stats

File Path                                      PID    Runtime      # DAGs    # Errors  Last Runtime    Last Run
---------------------------------------------  -----  ---------  --------  ----------  --------------  -------------------
/opt/airflow/dags/supermarket_etl_pipeline.py                           1           0  0.36s           2026-08-27T02:28:16
================================================================================
[2026-08-27T02:28:56.040+0000] {manager.py:879} INFO - 
================================================================================
DAG File Processing Stats

File Path                                      PID    Runtime      # DAGs    # Errors  Last Runtime    Last Run
---------------------------------------------  -----  ---------  --------  ----------  --------------  -------------------
/opt/airflow/dags/supermarket_etl_pipeline.py                           1           0  0.42s           2026-08-27T02:28:46
================================================================================
[2026-08-27T02:29:26.374+0000] {manager.py:879} INFO - 
================================================================================
DAG File Processing Stats

File Path                                      PID    Runtime      # DAGs    # Errors  Last Runtime    Last Run
---------------------------------------------  -----  ---------  --------  ----------  --------------  -------------------
/opt/airflow/dags/supermarket_etl_pipeline.py                           1           0  0.45s           2026-08-27T02:29:17
================================================================================
[2026-08-27T02:29:56.471+0000] {manager.py:879} INFO - 
================================================================================
DAG File Processing Stats

File Path                                      PID    Runtime      # DAGs    # Errors  Last Runtime    Last Run
---------------------------------------------  -----  ---------  --------  ----------  --------------  -------------------
/opt/airflow/dags/supermarket_etl_pipeline.py                           1           0  0.30s           2026-08-27T02:29:48
================================================================================
[2026-08-27T02:30:26.772+0000] {manager.py:879} INFO - 
================================================================================
DAG File Processing Stats

File Path                                      PID    Runtime      # DAGs    # Errors  Last Runtime    Last Run
---------------------------------------------  -----  ---------  --------  ----------  --------------  -------------------
/opt/airflow/dags/supermarket_etl_pipeline.py                           1           0  0.32s           2026-08-27T02:30:18
================================================================================
[2026-08-27T02:30:57.181+0000] {manager.py:879} INFO - 
================================================================================
DAG File Processing Stats

File Path                                      PID    Runtime      # DAGs    # Errors  Last Runtime    Last Run
---------------------------------------------  -----  ---------  --------  ----------  --------------  -------------------
/opt/airflow/dags/supermarket_etl_pipeline.py                           1           0  0.55s           2026-08-27T02:30:49
================================================================================
[2026-08-27T02:31:27.379+0000] {manager.py:879} INFO - 
================================================================================
DAG File Processing Stats

File Path                                      PID    Runtime      # DAGs    # Errors  Last Runtime    Last Run
---------------------------------------------  -----  ---------  --------  ----------  --------------  -------------------
/opt/airflow/dags/supermarket_etl_pipeline.py                           1           0  0.42s           2026-08-27T02:31:20
================================================================================
[2026-08-27T02:31:44.084+0000] {manager.py:738} INFO - Searching for files in /opt/airflow/dags
[2026-08-27T02:31:44.132+0000] {manager.py:741} INFO - There are 1 files in /opt/airflow/dags
[2026-08-27T02:31:57.719+0000] {manager.py:879} INFO - 
================================================================================
DAG File Processing Stats

File Path                                      PID    Runtime      # DAGs    # Errors  Last Runtime    Last Run
---------------------------------------------  -----  ---------  --------  ----------  --------------  -------------------
/opt/airflow/dags/supermarket_etl_pipeline.py                           1           0  0.29s           2026-08-27T02:31:50
================================================================================
[2026-08-27T02:32:28.364+0000] {manager.py:879} INFO - 
================================================================================
DAG File Processing Stats

File Path                                      PID    Runtime      # DAGs    # Errors  Last Runtime    Last Run
---------------------------------------------  -----  ---------  --------  ----------  --------------  -------------------
/opt/airflow/dags/supermarket_etl_pipeline.py                           1           0  0.40s           2026-08-27T02:32:21
================================================================================
[2026-08-27T02:32:58.681+0000] {manager.py:879} INFO - 
================================================================================
DAG File Processing Stats

File Path                                      PID    Runtime      # DAGs    # Errors  Last Runtime    Last Run
---------------------------------------------  -----  ---------  --------  ----------  --------------  -------------------
/opt/airflow/dags/supermarket_etl_pipeline.py                           1           0  0.43s           2026-08-27T02:32:52
================================================================================
[2026-08-27T02:33:28.831+0000] {manager.py:879} INFO - 
================================================================================
DAG File Processing Stats

File Path                                      PID    Runtime      # DAGs    # Errors  Last Runtime    Last Run
---------------------------------------------  -----  ---------  --------  ----------  --------------  -------------------
/opt/airflow/dags/supermarket_etl_pipeline.py                           1           0  0.42s           2026-08-27T02:33:22
================================================================================
[2026-08-27T02:33:59.160+0000] {manager.py:879} INFO - 
================================================================================
DAG File Processing Stats

File Path                                      PID    Runtime      # DAGs    # Errors  Last Runtime    Last Run
---------------------------------------------  -----  ---------  --------  ----------  --------------  -------------------
/opt/airflow/dags/supermarket_etl_pipeline.py                           1           0  0.37s           2026-08-27T02:33:53
================================================================================
[2026-08-27T02:34:29.833+0000] {manager.py:879} INFO - 
================================================================================
DAG File Processing Stats

File Path                                      PID    Runtime      # DAGs    # Errors  Last Runtime    Last Run
---------------------------------------------  -----  ---------  --------  ----------  --------------  -------------------
/opt/airflow/dags/supermarket_etl_pipeline.py                           1           0  0.30s           2026-08-27T02:34:24
================================================================================
[2026-08-27T02:35:00.448+0000] {manager.py:879} INFO - 
================================================================================
DAG File Processing Stats

File Path                                      PID    Runtime      # DAGs    # Errors  Last Runtime    Last Run
---------------------------------------------  -----  ---------  --------  ----------  --------------  -------------------
/opt/airflow/dags/supermarket_etl_pipeline.py                           1           0  0.38s           2026-08-27T02:34:54
================================================================================
[2026-08-27T02:35:30.861+0000] {manager.py:879} INFO - 
================================================================================
DAG File Processing Stats

File Path                                      PID    Runtime      # DAGs    # Errors  Last Runtime    Last Run
---------------------------------------------  -----  ---------  --------  ----------  --------------  -------------------
/opt/airflow/dags/supermarket_etl_pipeline.py                           1           0  0.40s           2026-08-27T02:35:25
================================================================================
[2026-08-27T02:36:01.454+0000] {manager.py:879} INFO - 
================================================================================
DAG File Processing Stats

File Path                                      PID    Runtime      # DAGs    # Errors  Last Runtime    Last Run
---------------------------------------------  -----  ---------  --------  ----------  --------------  -------------------
/opt/airflow/dags/supermarket_etl_pipeline.py                           1           0  0.29s           2026-08-27T02:35:55
================================================================================
[2026-08-27T02:36:31.827+0000] {manager.py:879} INFO - 
================================================================================
DAG File Processing Stats

File Path                                      PID    Runtime      # DAGs    # Errors  Last Runtime    Last Run
---------------------------------------------  -----  ---------  --------  ----------  --------------  -------------------
/opt/airflow/dags/supermarket_etl_pipeline.py                           1           0  0.43s           2026-08-27T02:36:26
================================================================================
[2026-08-27T02:36:44.306+0000] {manager.py:738} INFO - Searching for files in /opt/airflow/dags
[2026-08-27T02:36:44.349+0000] {manager.py:741} INFO - There are 1 files in /opt/airflow/dags
[2026-08-27T02:37:02.479+0000] {manager.py:879} INFO - 
================================================================================
DAG File Processing Stats

File Path                                      PID    Runtime      # DAGs    # Errors  Last Runtime    Last Run
---------------------------------------------  -----  ---------  --------  ----------  --------------  -------------------
/opt/airflow/dags/supermarket_etl_pipeline.py                           1           0  0.33s           2026-08-27T02:36:56
================================================================================
[2026-08-27T02:37:32.979+0000] {manager.py:879} INFO - 
================================================================================
DAG File Processing Stats

File Path                                      PID    Runtime      # DAGs    # Errors  Last Runtime    Last Run
---------------------------------------------  -----  ---------  --------  ----------  --------------  -------------------
/opt/airflow/dags/supermarket_etl_pipeline.py                           1           0  0.50s           2026-08-27T02:37:27
================================================================================
[2026-08-27T02:38:03.115+0000] {manager.py:879} INFO - 
================================================================================
DAG File Processing Stats

File Path                                      PID    Runtime      # DAGs    # Errors  Last Runtime    Last Run
---------------------------------------------  -----  ---------  --------  ----------  --------------  -------------------
/opt/airflow/dags/supermarket_etl_pipeline.py                           1           0  0.41s           2026-08-27T02:37:58
================================================================================
[2026-08-27T02:38:33.394+0000] {manager.py:879} INFO - 
================================================================================
DAG File Processing Stats

File Path                                      PID    Runtime      # DAGs    # Errors  Last Runtime    Last Run
---------------------------------------------  -----  ---------  --------  ----------  --------------  -------------------
/opt/airflow/dags/supermarket_etl_pipeline.py                           1           0  0.30s           2026-08-27T02:38:28
================================================================================
[2026-08-27T02:39:03.941+0000] {manager.py:879} INFO - 
================================================================================
DAG File Processing Stats

File Path                                      PID    Runtime      # DAGs    # Errors  Last Runtime    Last Run
---------------------------------------------  -----  ---------  --------  ----------  --------------  -------------------
/opt/airflow/dags/supermarket_etl_pipeline.py                           1           0  0.34s           2026-08-27T02:38:59
================================================================================
[2026-08-27T02:39:33.999+0000] {manager.py:879} INFO - 
================================================================================
DAG File Processing Stats

File Path                                      PID    Runtime      # DAGs    # Errors  Last Runtime    Last Run
---------------------------------------------  -----  ---------  --------  ----------  --------------  -------------------
/opt/airflow/dags/supermarket_etl_pipeline.py                           1           0  0.46s           2026-08-27T02:39:29
================================================================================
[2026-08-27T02:40:04.256+0000] {manager.py:879} INFO - 
================================================================================
DAG File Processing Stats

File Path                                      PID    Runtime      # DAGs    # Errors  Last Runtime    Last Run
---------------------------------------------  -----  ---------  --------  ----------  --------------  -------------------
/opt/airflow/dags/supermarket_etl_pipeline.py                           1           0  0.43s           2026-08-27T02:40:00
================================================================================
[2026-08-27T02:40:34.259+0000] {manager.py:879} INFO - 
================================================================================
DAG File Processing Stats

File Path                                      PID    Runtime      # DAGs    # Errors  Last Runtime    Last Run
---------------------------------------------  -----  ---------  --------  ----------  --------------  -------------------
/opt/airflow/dags/supermarket_etl_pipeline.py                           1           0  0.32s           2026-08-27T02:40:31
================================================================================
[2026-08-27T02:41:04.525+0000] {manager.py:879} INFO - 
================================================================================
DAG File Processing Stats

File Path                                      PID    Runtime      # DAGs    # Errors  Last Runtime    Last Run
---------------------------------------------  -----  ---------  --------  ----------  --------------  -------------------
/opt/airflow/dags/supermarket_etl_pipeline.py                           1           0  0.32s           2026-08-27T02:41:01
================================================================================
[2026-08-27T02:41:34.562+0000] {manager.py:879} INFO - 
================================================================================
DAG File Processing Stats

File Path                                      PID    Runtime      # DAGs    # Errors  Last Runtime    Last Run
---------------------------------------------  -----  ---------  --------  ----------  --------------  -------------------
/opt/airflow/dags/supermarket_etl_pipeline.py                           1           0  0.44s           2026-08-27T02:41:32
================================================================================
[2026-08-27T02:41:44.643+0000] {manager.py:738} INFO - Searching for files in /opt/airflow/dags
[2026-08-27T02:41:44.710+0000] {manager.py:741} INFO - There are 1 files in /opt/airflow/dags
[2026-08-27T02:42:04.923+0000] {manager.py:879} INFO - 
================================================================================
DAG File Processing Stats

File Path                                      PID    Runtime      # DAGs    # Errors  Last Runtime    Last Run
---------------------------------------------  -----  ---------  --------  ----------  --------------  -------------------
/opt/airflow/dags/supermarket_etl_pipeline.py                           1           0  0.42s           2026-08-27T02:42:03
================================================================================
[2026-08-27T02:42:35.027+0000] {manager.py:879} INFO - 
================================================================================
DAG File Processing Stats

File Path                                      PID    Runtime      # DAGs    # Errors  Last Runtime    Last Run
---------------------------------------------  -----  ---------  --------  ----------  --------------  -------------------
/opt/airflow/dags/supermarket_etl_pipeline.py                           1           0  0.40s           2026-08-27T02:42:34
================================================================================
[2026-08-27T02:43:05.348+0000] {manager.py:879} INFO - 
================================================================================
DAG File Processing Stats

File Path                                      PID    Runtime      # DAGs    # Errors  Last Runtime    Last Run
---------------------------------------------  -----  ---------  --------  ----------  --------------  -------------------
/opt/airflow/dags/supermarket_etl_pipeline.py                           1           0  0.35s           2026-08-27T02:43:04
================================================================================
[2026-08-27T02:43:35.435+0000] {manager.py:879} INFO - 
================================================================================
DAG File Processing Stats

File Path                                      PID    Runtime      # DAGs    # Errors  Last Runtime    Last Run
---------------------------------------------  -----  ---------  --------  ----------  --------------  -------------------
/opt/airflow/dags/supermarket_etl_pipeline.py                           1           0  0.42s           2026-08-27T02:43:35
================================================================================
[2026-08-27T02:44:05.801+0000] {manager.py:879} INFO - 
================================================================================
DAG File Processing Stats

File Path                                        PID  Runtime      # DAGs    # Errors  Last Runtime    Last Run
---------------------------------------------  -----  ---------  --------  ----------  --------------  -------------------
/opt/airflow/dags/supermarket_etl_pipeline.py   1053  0.00s             1           0  0.42s           2026-08-27T02:43:35
================================================================================
[2026-08-27T02:44:36.086+0000] {manager.py:879} INFO - 
================================================================================
DAG File Processing Stats

File Path                                      PID    Runtime      # DAGs    # Errors  Last Runtime    Last Run
---------------------------------------------  -----  ---------  --------  ----------  --------------  -------------------
/opt/airflow/dags/supermarket_etl_pipeline.py                           1           0  0.41s           2026-08-27T02:44:06
================================================================================
[2026-08-27T02:45:06.235+0000] {manager.py:879} INFO - 
================================================================================
DAG File Processing Stats

File Path                                      PID    Runtime      # DAGs    # Errors  Last Runtime    Last Run
---------------------------------------------  -----  ---------  --------  ----------  --------------  -------------------
/opt/airflow/dags/supermarket_etl_pipeline.py                           1           0  0.41s           2026-08-27T02:44:36
================================================================================
[2026-08-27T02:45:36.564+0000] {manager.py:879} INFO - 
================================================================================
DAG File Processing Stats

File Path                                      PID    Runtime      # DAGs    # Errors  Last Runtime    Last Run
---------------------------------------------  -----  ---------  --------  ----------  --------------  -------------------
/opt/airflow/dags/supermarket_etl_pipeline.py                           1           0  0.40s           2026-08-27T02:45:07
================================================================================
[2026-08-27T02:46:06.670+0000] {manager.py:879} INFO - 
================================================================================
DAG File Processing Stats

File Path                                      PID    Runtime      # DAGs    # Errors  Last Runtime    Last Run
---------------------------------------------  -----  ---------  --------  ----------  --------------  -------------------
/opt/airflow/dags/supermarket_etl_pipeline.py                           1           0  0.41s           2026-08-27T02:45:38
================================================================================
[2026-08-27T02:46:36.956+0000] {manager.py:879} INFO - 
================================================================================
DAG File Processing Stats

File Path                                      PID    Runtime      # DAGs    # Errors  Last Runtime    Last Run
---------------------------------------------  -----  ---------  --------  ----------  --------------  -------------------
/opt/airflow/dags/supermarket_etl_pipeline.py                           1           0  0.42s           2026-08-27T02:46:09
================================================================================
[2026-08-27T02:46:44.975+0000] {manager.py:738} INFO - Searching for files in /opt/airflow/dags
[2026-08-27T02:46:45.018+0000] {manager.py:741} INFO - There are 1 files in /opt/airflow/dags
[2026-08-27T02:47:07.238+0000] {manager.py:879} INFO - 
================================================================================
DAG File Processing Stats

File Path                                      PID    Runtime      # DAGs    # Errors  Last Runtime    Last Run
---------------------------------------------  -----  ---------  --------  ----------  --------------  -------------------
/opt/airflow/dags/supermarket_etl_pipeline.py                           1           0  0.44s           2026-08-27T02:46:39
================================================================================
[2026-08-27T02:47:38.170+0000] {manager.py:879} INFO - 
================================================================================
DAG File Processing Stats

File Path                                      PID    Runtime      # DAGs    # Errors  Last Runtime    Last Run
---------------------------------------------  -----  ---------  --------  ----------  --------------  -------------------
/opt/airflow/dags/supermarket_etl_pipeline.py                           1           0  0.61s           2026-08-27T02:47:10
================================================================================
[2026-08-27T02:48:08.593+0000] {manager.py:879} INFO - 
================================================================================
DAG File Processing Stats

File Path                                      PID    Runtime      # DAGs    # Errors  Last Runtime    Last Run
---------------------------------------------  -----  ---------  --------  ----------  --------------  -------------------
/opt/airflow/dags/supermarket_etl_pipeline.py                           1           0  0.34s           2026-08-27T02:47:41
================================================================================
[2026-08-27T02:48:39.069+0000] {manager.py:879} INFO - 
================================================================================
DAG File Processing Stats

File Path                                      PID    Runtime      # DAGs    # Errors  Last Runtime    Last Run
---------------------------------------------  -----  ---------  --------  ----------  --------------  -------------------
/opt/airflow/dags/supermarket_etl_pipeline.py                           1           0  0.40s           2026-08-27T02:48:12
================================================================================
[2026-08-27T02:49:09.585+0000] {manager.py:879} INFO - 
================================================================================
DAG File Processing Stats

File Path                                      PID    Runtime      # DAGs    # Errors  Last Runtime    Last Run
---------------------------------------------  -----  ---------  --------  ----------  --------------  -------------------
/opt/airflow/dags/supermarket_etl_pipeline.py                           1           0  0.42s           2026-08-27T02:48:42
================================================================================
[2026-08-27T02:49:39.848+0000] {manager.py:879} INFO - 
================================================================================
DAG File Processing Stats

File Path                                      PID    Runtime      # DAGs    # Errors  Last Runtime    Last Run
---------------------------------------------  -----  ---------  --------  ----------  --------------  -------------------
/opt/airflow/dags/supermarket_etl_pipeline.py                           1           0  0.94s           2026-08-27T02:49:13
================================================================================
[2026-08-27T02:50:10.249+0000] {manager.py:879} INFO - 
================================================================================
DAG File Processing Stats

File Path                                      PID    Runtime      # DAGs    # Errors  Last Runtime    Last Run
---------------------------------------------  -----  ---------  --------  ----------  --------------  -------------------
/opt/airflow/dags/supermarket_etl_pipeline.py                           1           0  0.40s           2026-08-27T02:49:44
================================================================================
[2026-08-27T02:50:40.725+0000] {manager.py:879} INFO - 
================================================================================
DAG File Processing Stats

File Path                                      PID    Runtime      # DAGs    # Errors  Last Runtime    Last Run
---------------------------------------------  -----  ---------  --------  ----------  --------------  -------------------
/opt/airflow/dags/supermarket_etl_pipeline.py                           1           0  0.51s           2026-08-27T02:50:15
================================================================================
[2026-08-27T02:51:10.841+0000] {manager.py:879} INFO - 
================================================================================
DAG File Processing Stats

File Path                                      PID    Runtime      # DAGs    # Errors  Last Runtime    Last Run
---------------------------------------------  -----  ---------  --------  ----------  --------------  -------------------
/opt/airflow/dags/supermarket_etl_pipeline.py                           1           0  0.42s           2026-08-27T02:50:45
================================================================================
[2026-08-27T02:51:41.077+0000] {manager.py:879} INFO - 
================================================================================
DAG File Processing Stats

File Path                                      PID    Runtime      # DAGs    # Errors  Last Runtime    Last Run
---------------------------------------------  -----  ---------  --------  ----------  --------------  -------------------
/opt/airflow/dags/supermarket_etl_pipeline.py                           1           0  0.45s           2026-08-27T02:51:16
================================================================================
[2026-08-27T02:51:45.102+0000] {manager.py:738} INFO - Searching for files in /opt/airflow/dags
[2026-08-27T02:51:45.160+0000] {manager.py:741} INFO - There are 1 files in /opt/airflow/dags
[2026-08-27T02:52:11.192+0000] {manager.py:879} INFO - 
================================================================================
DAG File Processing Stats

File Path                                      PID    Runtime      # DAGs    # Errors  Last Runtime    Last Run
---------------------------------------------  -----  ---------  --------  ----------  --------------  -------------------
/opt/airflow/dags/supermarket_etl_pipeline.py                           1           0  0.43s           2026-08-27T02:51:47
================================================================================
[2026-08-27T02:52:41.409+0000] {manager.py:879} INFO - 
================================================================================
DAG File Processing Stats

File Path                                      PID    Runtime      # DAGs    # Errors  Last Runtime    Last Run
---------------------------------------------  -----  ---------  --------  ----------  --------------  -------------------
/opt/airflow/dags/supermarket_etl_pipeline.py                           1           0  0.43s           2026-08-27T02:52:17
================================================================================
[2026-08-27T02:53:11.493+0000] {manager.py:879} INFO - 
================================================================================
DAG File Processing Stats

File Path                                      PID    Runtime      # DAGs    # Errors  Last Runtime    Last Run
---------------------------------------------  -----  ---------  --------  ----------  --------------  -------------------
/opt/airflow/dags/supermarket_etl_pipeline.py                           1           0  0.40s           2026-08-27T02:52:48
================================================================================
[2026-08-27T02:53:41.746+0000] {manager.py:879} INFO - 
================================================================================
DAG File Processing Stats

File Path                                      PID    Runtime      # DAGs    # Errors  Last Runtime    Last Run
---------------------------------------------  -----  ---------  --------  ----------  --------------  -------------------
/opt/airflow/dags/supermarket_etl_pipeline.py                           1           0  0.36s           2026-08-27T02:53:18
================================================================================
[2026-08-27T02:54:11.809+0000] {manager.py:879} INFO - 
================================================================================
DAG File Processing Stats

File Path                                      PID    Runtime      # DAGs    # Errors  Last Runtime    Last Run
---------------------------------------------  -----  ---------  --------  ----------  --------------  -------------------
/opt/airflow/dags/supermarket_etl_pipeline.py                           1           0  0.42s           2026-08-27T02:53:49
================================================================================
[2026-08-27T02:54:42.094+0000] {manager.py:879} INFO - 
================================================================================
DAG File Processing Stats

File Path                                      PID    Runtime      # DAGs    # Errors  Last Runtime    Last Run
---------------------------------------------  -----  ---------  --------  ----------  --------------  -------------------
/opt/airflow/dags/supermarket_etl_pipeline.py                           1           0  0.41s           2026-08-27T02:54:20
================================================================================
[2026-08-27T02:55:12.178+0000] {manager.py:879} INFO - 
================================================================================
DAG File Processing Stats

File Path                                      PID    Runtime      # DAGs    # Errors  Last Runtime    Last Run
---------------------------------------------  -----  ---------  --------  ----------  --------------  -------------------
/opt/airflow/dags/supermarket_etl_pipeline.py                           1           0  0.43s           2026-08-27T02:54:51
================================================================================
[2026-08-27T02:55:42.395+0000] {manager.py:879} INFO - 
================================================================================
DAG File Processing Stats

File Path                                      PID    Runtime      # DAGs    # Errors  Last Runtime    Last Run
---------------------------------------------  -----  ---------  --------  ----------  --------------  -------------------
/opt/airflow/dags/supermarket_etl_pipeline.py                           1           0  0.41s           2026-08-27T02:55:21
================================================================================
[2026-08-27T02:56:12.456+0000] {manager.py:879} INFO - 
================================================================================
DAG File Processing Stats

File Path                                      PID    Runtime      # DAGs    # Errors  Last Runtime    Last Run
---------------------------------------------  -----  ---------  --------  ----------  --------------  -------------------
/opt/airflow/dags/supermarket_etl_pipeline.py                           1           0  0.42s           2026-08-27T02:55:52
================================================================================
[2026-08-27T02:56:42.660+0000] {manager.py:879} INFO - 
================================================================================
DAG File Processing Stats

File Path                                      PID    Runtime      # DAGs    # Errors  Last Runtime    Last Run
---------------------------------------------  -----  ---------  --------  ----------  --------------  -------------------
/opt/airflow/dags/supermarket_etl_pipeline.py                           1           0  0.40s           2026-08-27T02:56:22
================================================================================
[2026-08-27T02:56:45.678+0000] {manager.py:738} INFO - Searching for files in /opt/airflow/dags
[2026-08-27T02:56:45.737+0000] {manager.py:741} INFO - There are 1 files in /opt/airflow/dags
[2026-08-27T02:57:12.765+0000] {manager.py:879} INFO - 
================================================================================
DAG File Processing Stats

File Path                                      PID    Runtime      # DAGs    # Errors  Last Runtime    Last Run
---------------------------------------------  -----  ---------  --------  ----------  --------------  -------------------
/opt/airflow/dags/supermarket_etl_pipeline.py                           1           0  0.42s           2026-08-27T02:56:53
================================================================================
[2026-08-27T02:57:42.991+0000] {manager.py:879} INFO - 
================================================================================
DAG File Processing Stats

File Path                                      PID    Runtime      # DAGs    # Errors  Last Runtime    Last Run
---------------------------------------------  -----  ---------  --------  ----------  --------------  -------------------
/opt/airflow/dags/supermarket_etl_pipeline.py                           1           0  0.43s           2026-08-27T02:57:24
================================================================================
[2026-08-27T02:58:13.047+0000] {manager.py:879} INFO - 
================================================================================
DAG File Processing Stats

File Path                                      PID    Runtime      # DAGs    # Errors  Last Runtime    Last Run
---------------------------------------------  -----  ---------  --------  ----------  --------------  -------------------
/opt/airflow/dags/supermarket_etl_pipeline.py                           1           0  0.40s           2026-08-27T02:57:54
================================================================================
[2026-08-27T02:58:43.293+0000] {manager.py:879} INFO - 
================================================================================
DAG File Processing Stats

File Path                                      PID    Runtime      # DAGs    # Errors  Last Runtime    Last Run
---------------------------------------------  -----  ---------  --------  ----------  --------------  -------------------
/opt/airflow/dags/supermarket_etl_pipeline.py                           1           0  0.43s           2026-08-27T02:58:25
================================================================================
[2026-08-27T02:59:13.414+0000] {manager.py:879} INFO - 
================================================================================
DAG File Processing Stats

File Path                                      PID    Runtime      # DAGs    # Errors  Last Runtime    Last Run
---------------------------------------------  -----  ---------  --------  ----------  --------------  -------------------
/opt/airflow/dags/supermarket_etl_pipeline.py                           1           0  0.43s           2026-08-27T02:58:56
================================================================================
[2026-08-27T02:59:43.706+0000] {manager.py:879} INFO - 
================================================================================
DAG File Processing Stats

File Path                                      PID    Runtime      # DAGs    # Errors  Last Runtime    Last Run
---------------------------------------------  -----  ---------  --------  ----------  --------------  -------------------
/opt/airflow/dags/supermarket_etl_pipeline.py                           1           0  0.43s           2026-08-27T02:59:26
================================================================================
[2026-08-27T03:00:13.840+0000] {manager.py:879} INFO - 
================================================================================
DAG File Processing Stats

File Path                                      PID    Runtime      # DAGs    # Errors  Last Runtime    Last Run
---------------------------------------------  -----  ---------  --------  ----------  --------------  -------------------
/opt/airflow/dags/supermarket_etl_pipeline.py                           1           0  0.43s           2026-08-27T02:59:57
================================================================================
[2026-08-27T03:00:44.141+0000] {manager.py:879} INFO - 
================================================================================
DAG File Processing Stats

File Path                                      PID    Runtime      # DAGs    # Errors  Last Runtime    Last Run
---------------------------------------------  -----  ---------  --------  ----------  --------------  -------------------
/opt/airflow/dags/supermarket_etl_pipeline.py                           1           0  0.47s           2026-08-27T03:00:28
================================================================================
[2026-08-27T03:01:14.291+0000] {manager.py:879} INFO - 
================================================================================
DAG File Processing Stats

File Path                                      PID    Runtime      # DAGs    # Errors  Last Runtime    Last Run
---------------------------------------------  -----  ---------  --------  ----------  --------------  -------------------
/opt/airflow/dags/supermarket_etl_pipeline.py                           1           0  0.44s           2026-08-27T03:00:59
================================================================================
[2026-08-27T03:01:44.613+0000] {manager.py:879} INFO - 
================================================================================
DAG File Processing Stats

File Path                                      PID    Runtime      # DAGs    # Errors  Last Runtime    Last Run
---------------------------------------------  -----  ---------  --------  ----------  --------------  -------------------
/opt/airflow/dags/supermarket_etl_pipeline.py                           1           0  0.45s           2026-08-27T03:01:29
================================================================================
[2026-08-27T03:01:46.041+0000] {manager.py:738} INFO - Searching for files in /opt/airflow/dags
[2026-08-27T03:01:46.105+0000] {manager.py:741} INFO - There are 1 files in /opt/airflow/dags
[2026-08-27T03:02:14.830+0000] {manager.py:879} INFO - 
================================================================================
DAG File Processing Stats

File Path                                      PID    Runtime      # DAGs    # Errors  Last Runtime    Last Run
---------------------------------------------  -----  ---------  --------  ----------  --------------  -------------------
/opt/airflow/dags/supermarket_etl_pipeline.py                           1           0  0.42s           2026-08-27T03:02:00
================================================================================
[2026-08-27T03:02:45.129+0000] {manager.py:879} INFO - 
================================================================================
DAG File Processing Stats

File Path                                      PID    Runtime      # DAGs    # Errors  Last Runtime    Last Run
---------------------------------------------  -----  ---------  --------  ----------  --------------  -------------------
/opt/airflow/dags/supermarket_etl_pipeline.py                           1           0  0.41s           2026-08-27T03:02:31
================================================================================
[2026-08-27T03:03:15.178+0000] {manager.py:879} INFO - 
================================================================================
DAG File Processing Stats

File Path                                      PID    Runtime      # DAGs    # Errors  Last Runtime    Last Run
---------------------------------------------  -----  ---------  --------  ----------  --------------  -------------------
/opt/airflow/dags/supermarket_etl_pipeline.py                           1           0  0.39s           2026-08-27T03:03:02
================================================================================
[2026-08-27T03:03:45.436+0000] {manager.py:879} INFO - 
================================================================================
DAG File Processing Stats

File Path                                      PID    Runtime      # DAGs    # Errors  Last Runtime    Last Run
---------------------------------------------  -----  ---------  --------  ----------  --------------  -------------------
/opt/airflow/dags/supermarket_etl_pipeline.py                           1           0  0.43s           2026-08-27T03:03:32
================================================================================
[2026-08-27T03:04:15.590+0000] {manager.py:879} INFO - 
================================================================================
DAG File Processing Stats

File Path                                      PID    Runtime      # DAGs    # Errors  Last Runtime    Last Run
---------------------------------------------  -----  ---------  --------  ----------  --------------  -------------------
/opt/airflow/dags/supermarket_etl_pipeline.py                           1           0  0.44s           2026-08-27T03:04:03
================================================================================
[2026-08-27T03:04:45.870+0000] {manager.py:879} INFO - 
================================================================================
DAG File Processing Stats

File Path                                      PID    Runtime      # DAGs    # Errors  Last Runtime    Last Run
---------------------------------------------  -----  ---------  --------  ----------  --------------  -------------------
/opt/airflow/dags/supermarket_etl_pipeline.py                           1           0  0.41s           2026-08-27T03:04:34
================================================================================
[2026-08-27T03:05:15.965+0000] {manager.py:879} INFO - 
================================================================================
DAG File Processing Stats

File Path                                      PID    Runtime      # DAGs    # Errors  Last Runtime    Last Run
---------------------------------------------  -----  ---------  --------  ----------  --------------  -------------------
/opt/airflow/dags/supermarket_etl_pipeline.py                           1           0  0.42s           2026-08-27T03:05:04
================================================================================
[2026-08-27T03:05:46.240+0000] {manager.py:879} INFO - 
================================================================================
DAG File Processing Stats

File Path                                      PID    Runtime      # DAGs    # Errors  Last Runtime    Last Run
---------------------------------------------  -----  ---------  --------  ----------  --------------  -------------------
/opt/airflow/dags/supermarket_etl_pipeline.py                           1           0  0.44s           2026-08-27T03:05:35
================================================================================
[2026-08-27T03:06:16.398+0000] {manager.py:879} INFO - 
================================================================================
DAG File Processing Stats

File Path                                      PID    Runtime      # DAGs    # Errors  Last Runtime    Last Run
---------------------------------------------  -----  ---------  --------  ----------  --------------  -------------------
/opt/airflow/dags/supermarket_etl_pipeline.py                           1           0  0.43s           2026-08-27T03:06:06
================================================================================
[2026-08-27T03:06:46.096+0000] {manager.py:738} INFO - Searching for files in /opt/airflow/dags
[2026-08-27T03:06:46.167+0000] {manager.py:741} INFO - There are 1 files in /opt/airflow/dags
[2026-08-27T03:06:46.709+0000] {manager.py:879} INFO - 
================================================================================
DAG File Processing Stats

File Path                                      PID    Runtime      # DAGs    # Errors  Last Runtime    Last Run
---------------------------------------------  -----  ---------  --------  ----------  --------------  -------------------
/opt/airflow/dags/supermarket_etl_pipeline.py                           1           0  0.42s           2026-08-27T03:06:37
================================================================================
[2026-08-27T03:07:16.858+0000] {manager.py:879} INFO - 
================================================================================
DAG File Processing Stats

File Path                                      PID    Runtime      # DAGs    # Errors  Last Runtime    Last Run
---------------------------------------------  -----  ---------  --------  ----------  --------------  -------------------
/opt/airflow/dags/supermarket_etl_pipeline.py                           1           0  0.43s           2026-08-27T03:07:07
================================================================================
[2026-08-27T03:07:47.058+0000] {manager.py:879} INFO - 
================================================================================
DAG File Processing Stats

File Path                                      PID    Runtime      # DAGs    # Errors  Last Runtime    Last Run
---------------------------------------------  -----  ---------  --------  ----------  --------------  -------------------
/opt/airflow/dags/supermarket_etl_pipeline.py                           1           0  0.44s           2026-08-27T03:07:38
================================================================================
[2026-08-27T03:08:17.197+0000] {manager.py:879} INFO - 
================================================================================
DAG File Processing Stats

File Path                                      PID    Runtime      # DAGs    # Errors  Last Runtime    Last Run
---------------------------------------------  -----  ---------  --------  ----------  --------------  -------------------
/opt/airflow/dags/supermarket_etl_pipeline.py                           1           0  0.42s           2026-08-27T03:08:09
================================================================================
[2026-08-27T03:08:47.498+0000] {manager.py:879} INFO - 
================================================================================
DAG File Processing Stats

File Path                                      PID    Runtime      # DAGs    # Errors  Last Runtime    Last Run
---------------------------------------------  -----  ---------  --------  ----------  --------------  -------------------
/opt/airflow/dags/supermarket_etl_pipeline.py                           1           0  0.41s           2026-08-27T03:08:39
================================================================================
[2026-08-27T03:09:17.587+0000] {manager.py:879} INFO - 
================================================================================
DAG File Processing Stats

File Path                                      PID    Runtime      # DAGs    # Errors  Last Runtime    Last Run
---------------------------------------------  -----  ---------  --------  ----------  --------------  -------------------
/opt/airflow/dags/supermarket_etl_pipeline.py                           1           0  0.41s           2026-08-27T03:09:10
================================================================================
[2026-08-27T03:09:47.755+0000] {manager.py:879} INFO - 
================================================================================
DAG File Processing Stats

File Path                                      PID    Runtime      # DAGs    # Errors  Last Runtime    Last Run
---------------------------------------------  -----  ---------  --------  ----------  --------------  -------------------
/opt/airflow/dags/supermarket_etl_pipeline.py                           1           0  0.45s           2026-08-27T03:09:41
================================================================================
[2026-08-27T03:10:17.847+0000] {manager.py:879} INFO - 
================================================================================
DAG File Processing Stats

File Path                                      PID    Runtime      # DAGs    # Errors  Last Runtime    Last Run
---------------------------------------------  -----  ---------  --------  ----------  --------------  -------------------
/opt/airflow/dags/supermarket_etl_pipeline.py                           1           0  0.47s           2026-08-27T03:10:11
================================================================================
[2026-08-27T03:10:48.006+0000] {manager.py:879} INFO - 
================================================================================
DAG File Processing Stats

File Path                                      PID    Runtime      # DAGs    # Errors  Last Runtime    Last Run
---------------------------------------------  -----  ---------  --------  ----------  --------------  -------------------
/opt/airflow/dags/supermarket_etl_pipeline.py                           1           0  0.46s           2026-08-27T03:10:42
================================================================================
[2026-08-27T03:11:18.125+0000] {manager.py:879} INFO - 
================================================================================
DAG File Processing Stats

File Path                                      PID    Runtime      # DAGs    # Errors  Last Runtime    Last Run
---------------------------------------------  -----  ---------  --------  ----------  --------------  -------------------
/opt/airflow/dags/supermarket_etl_pipeline.py                           1           0  0.49s           2026-08-27T03:11:13
================================================================================
[2026-08-27T03:11:46.286+0000] {manager.py:738} INFO - Searching for files in /opt/airflow/dags
[2026-08-27T03:11:46.326+0000] {manager.py:741} INFO - There are 1 files in /opt/airflow/dags
[2026-08-27T03:11:48.346+0000] {manager.py:879} INFO - 
================================================================================
DAG File Processing Stats

File Path                                      PID    Runtime      # DAGs    # Errors  Last Runtime    Last Run
---------------------------------------------  -----  ---------  --------  ----------  --------------  -------------------
/opt/airflow/dags/supermarket_etl_pipeline.py                           1           0  1.05s           2026-08-27T03:11:44
================================================================================
[2026-08-27T03:12:18.535+0000] {manager.py:879} INFO - 
================================================================================
DAG File Processing Stats

File Path                                      PID    Runtime      # DAGs    # Errors  Last Runtime    Last Run
---------------------------------------------  -----  ---------  --------  ----------  --------------  -------------------
/opt/airflow/dags/supermarket_etl_pipeline.py                           1           0  0.47s           2026-08-27T03:12:14
================================================================================
[2026-08-27T03:12:49.171+0000] {manager.py:879} INFO - 
================================================================================
DAG File Processing Stats

File Path                                      PID    Runtime      # DAGs    # Errors  Last Runtime    Last Run
---------------------------------------------  -----  ---------  --------  ----------  --------------  -------------------
/opt/airflow/dags/supermarket_etl_pipeline.py                           1           0  1.04s           2026-08-27T03:12:46
================================================================================
[2026-08-27T03:13:19.351+0000] {manager.py:879} INFO - 
================================================================================
DAG File Processing Stats

File Path                                      PID    Runtime      # DAGs    # Errors  Last Runtime    Last Run
---------------------------------------------  -----  ---------  --------  ----------  --------------  -------------------
/opt/airflow/dags/supermarket_etl_pipeline.py                           1           0  0.48s           2026-08-27T03:13:16
================================================================================
[2026-08-27T03:13:49.434+0000] {manager.py:879} INFO - 
================================================================================
DAG File Processing Stats

File Path                                      PID    Runtime      # DAGs    # Errors  Last Runtime    Last Run
---------------------------------------------  -----  ---------  --------  ----------  --------------  -------------------
/opt/airflow/dags/supermarket_etl_pipeline.py                           1           0  0.47s           2026-08-27T03:13:47
================================================================================
[2026-08-27T03:14:19.623+0000] {manager.py:879} INFO - 
================================================================================
DAG File Processing Stats

File Path                                      PID    Runtime      # DAGs    # Errors  Last Runtime    Last Run
---------------------------------------------  -----  ---------  --------  ----------  --------------  -------------------
/opt/airflow/dags/supermarket_etl_pipeline.py                           1           0  0.47s           2026-08-27T03:14:18
================================================================================
[2026-08-27T03:14:49.743+0000] {manager.py:879} INFO - 
================================================================================
DAG File Processing Stats

File Path                                      PID    Runtime      # DAGs    # Errors  Last Runtime    Last Run
---------------------------------------------  -----  ---------  --------  ----------  --------------  -------------------
/opt/airflow/dags/supermarket_etl_pipeline.py                           1           0  0.49s           2026-08-27T03:14:48
================================================================================
[2026-08-27T03:15:19.916+0000] {manager.py:879} INFO - 
================================================================================
DAG File Processing Stats

File Path                                      PID    Runtime      # DAGs    # Errors  Last Runtime    Last Run
---------------------------------------------  -----  ---------  --------  ----------  --------------  -------------------
/opt/airflow/dags/supermarket_etl_pipeline.py                           1           0  0.43s           2026-08-27T03:15:19
================================================================================
[2026-08-27T03:15:49.939+0000] {manager.py:879} INFO - 
================================================================================
DAG File Processing Stats

File Path                                      PID    Runtime      # DAGs    # Errors  Last Runtime    Last Run
---------------------------------------------  -----  ---------  --------  ----------  --------------  -------------------
/opt/airflow/dags/supermarket_etl_pipeline.py                           1           0  0.45s           2026-08-27T03:15:49
================================================================================
[2026-08-27T03:16:20.093+0000] {manager.py:879} INFO - 
================================================================================
DAG File Processing Stats

File Path                                        PID  Runtime      # DAGs    # Errors  Last Runtime    Last Run
---------------------------------------------  -----  ---------  --------  ----------  --------------  -------------------
/opt/airflow/dags/supermarket_etl_pipeline.py   1431  0.00s             1           0  0.45s           2026-08-27T03:15:49
================================================================================
[2026-08-27T03:16:46.724+0000] {manager.py:738} INFO - Searching for files in /opt/airflow/dags
[2026-08-27T03:16:46.765+0000] {manager.py:741} INFO - There are 1 files in /opt/airflow/dags
[2026-08-27T03:16:50.270+0000] {manager.py:879} INFO - 
================================================================================
DAG File Processing Stats

File Path                                      PID    Runtime      # DAGs    # Errors  Last Runtime    Last Run
---------------------------------------------  -----  ---------  --------  ----------  --------------  -------------------
/opt/airflow/dags/supermarket_etl_pipeline.py                           1           0  0.50s           2026-08-27T03:16:20
================================================================================
[2026-08-27T03:17:20.453+0000] {manager.py:879} INFO - 
================================================================================
DAG File Processing Stats

File Path                                      PID    Runtime      # DAGs    # Errors  Last Runtime    Last Run
---------------------------------------------  -----  ---------  --------  ----------  --------------  -------------------
/opt/airflow/dags/supermarket_etl_pipeline.py                           1           0  0.45s           2026-08-27T03:16:51
================================================================================
[2026-08-27T03:17:50.643+0000] {manager.py:879} INFO - 
================================================================================
DAG File Processing Stats

File Path                                      PID    Runtime      # DAGs    # Errors  Last Runtime    Last Run
---------------------------------------------  -----  ---------  --------  ----------  --------------  -------------------
/opt/airflow/dags/supermarket_etl_pipeline.py                           1           0  0.44s           2026-08-27T03:17:21
================================================================================
[2026-08-27T03:18:20.661+0000] {manager.py:879} INFO - 
================================================================================
DAG File Processing Stats

File Path                                      PID    Runtime      # DAGs    # Errors  Last Runtime    Last Run
---------------------------------------------  -----  ---------  --------  ----------  --------------  -------------------
/opt/airflow/dags/supermarket_etl_pipeline.py                           1           0  0.43s           2026-08-27T03:17:52
================================================================================
[2026-08-27T03:18:50.821+0000] {manager.py:879} INFO - 
================================================================================
DAG File Processing Stats

File Path                                      PID    Runtime      # DAGs    # Errors  Last Runtime    Last Run
---------------------------------------------  -----  ---------  --------  ----------  --------------  -------------------
/opt/airflow/dags/supermarket_etl_pipeline.py                           1           0  0.43s           2026-08-27T03:18:23
================================================================================
[2026-08-27T03:19:20.896+0000] {manager.py:879} INFO - 
================================================================================
DAG File Processing Stats

File Path                                      PID    Runtime      # DAGs    # Errors  Last Runtime    Last Run
---------------------------------------------  -----  ---------  --------  ----------  --------------  -------------------
/opt/airflow/dags/supermarket_etl_pipeline.py                           1           0  0.44s           2026-08-27T03:18:53
================================================================================
[2026-08-27T03:19:51.697+0000] {manager.py:879} INFO - 
================================================================================
DAG File Processing Stats

File Path                                      PID    Runtime      # DAGs    # Errors  Last Runtime    Last Run
---------------------------------------------  -----  ---------  --------  ----------  --------------  -------------------
/opt/airflow/dags/supermarket_etl_pipeline.py                           1           0  0.57s           2026-08-27T03:19:24
================================================================================
[2026-08-27T03:20:21.880+0000] {manager.py:879} INFO - 
================================================================================
DAG File Processing Stats

File Path                                      PID    Runtime      # DAGs    # Errors  Last Runtime    Last Run
---------------------------------------------  -----  ---------  --------  ----------  --------------  -------------------
/opt/airflow/dags/supermarket_etl_pipeline.py                           1           0  0.45s           2026-08-27T03:19:55
================================================================================
[2026-08-27T03:20:51.912+0000] {manager.py:879} INFO - 
================================================================================
DAG File Processing Stats

File Path                                      PID    Runtime      # DAGs    # Errors  Last Runtime    Last Run
---------------------------------------------  -----  ---------  --------  ----------  --------------  -------------------
/opt/airflow/dags/supermarket_etl_pipeline.py                           1           0  0.45s           2026-08-27T03:20:25
================================================================================
[2026-08-27T03:21:22.084+0000] {manager.py:879} INFO - 
================================================================================
DAG File Processing Stats

File Path                                      PID    Runtime      # DAGs    # Errors  Last Runtime    Last Run
---------------------------------------------  -----  ---------  --------  ----------  --------------  -------------------
/opt/airflow/dags/supermarket_etl_pipeline.py                           1           0  0.44s           2026-08-27T03:20:56
================================================================================
[2026-08-27T03:21:47.093+0000] {manager.py:738} INFO - Searching for files in /opt/airflow/dags
[2026-08-27T03:21:47.151+0000] {manager.py:741} INFO - There are 1 files in /opt/airflow/dags
[2026-08-27T03:21:52.205+0000] {manager.py:879} INFO - 
================================================================================
DAG File Processing Stats

File Path                                      PID    Runtime      # DAGs    # Errors  Last Runtime    Last Run
---------------------------------------------  -----  ---------  --------  ----------  --------------  -------------------
/opt/airflow/dags/supermarket_etl_pipeline.py                           1           0  0.44s           2026-08-27T03:21:26
================================================================================
[2026-08-27T03:22:22.429+0000] {manager.py:879} INFO - 
================================================================================
DAG File Processing Stats

File Path                                      PID    Runtime      # DAGs    # Errors  Last Runtime    Last Run
---------------------------------------------  -----  ---------  --------  ----------  --------------  -------------------
/opt/airflow/dags/supermarket_etl_pipeline.py                           1           0  0.45s           2026-08-27T03:21:57
================================================================================
[2026-08-27T03:22:52.432+0000] {manager.py:879} INFO - 
================================================================================
DAG File Processing Stats

File Path                                      PID    Runtime      # DAGs    # Errors  Last Runtime    Last Run
---------------------------------------------  -----  ---------  --------  ----------  --------------  -------------------
/opt/airflow/dags/supermarket_etl_pipeline.py                           1           0  0.44s           2026-08-27T03:22:28
================================================================================
[2026-08-27T03:23:22.595+0000] {manager.py:879} INFO - 
================================================================================
DAG File Processing Stats

File Path                                      PID    Runtime      # DAGs    # Errors  Last Runtime    Last Run
---------------------------------------------  -----  ---------  --------  ----------  --------------  -------------------
/opt/airflow/dags/supermarket_etl_pipeline.py                           1           0  0.44s           2026-08-27T03:22:58
================================================================================
[2026-08-27T03:23:52.842+0000] {manager.py:879} INFO - 
================================================================================
DAG File Processing Stats

File Path                                      PID    Runtime      # DAGs    # Errors  Last Runtime    Last Run
---------------------------------------------  -----  ---------  --------  ----------  --------------  -------------------
/opt/airflow/dags/supermarket_etl_pipeline.py                           1           0  0.97s           2026-08-27T03:23:30
================================================================================
[2026-08-27T03:24:22.938+0000] {manager.py:879} INFO - 
================================================================================
DAG File Processing Stats

File Path                                      PID    Runtime      # DAGs    # Errors  Last Runtime    Last Run
---------------------------------------------  -----  ---------  --------  ----------  --------------  -------------------
/opt/airflow/dags/supermarket_etl_pipeline.py                           1           0  0.43s           2026-08-27T03:24:00
================================================================================
[2026-08-27T03:24:53.144+0000] {manager.py:879} INFO - 
================================================================================
DAG File Processing Stats

File Path                                      PID    Runtime      # DAGs    # Errors  Last Runtime    Last Run
---------------------------------------------  -----  ---------  --------  ----------  --------------  -------------------
/opt/airflow/dags/supermarket_etl_pipeline.py                           1           0  0.49s           2026-08-27T03:24:31
================================================================================
[2026-08-27T03:25:23.296+0000] {manager.py:879} INFO - 
================================================================================
DAG File Processing Stats

File Path                                      PID    Runtime      # DAGs    # Errors  Last Runtime    Last Run
---------------------------------------------  -----  ---------  --------  ----------  --------------  -------------------
/opt/airflow/dags/supermarket_etl_pipeline.py                           1           0  0.45s           2026-08-27T03:25:02
================================================================================
[2026-08-27T03:25:53.520+0000] {manager.py:879} INFO - 
================================================================================
DAG File Processing Stats

File Path                                      PID    Runtime      # DAGs    # Errors  Last Runtime    Last Run
---------------------------------------------  -----  ---------  --------  ----------  --------------  -------------------
/opt/airflow/dags/supermarket_etl_pipeline.py                           1           0  0.41s           2026-08-27T03:25:32
================================================================================
[2026-08-27T03:26:23.597+0000] {manager.py:879} INFO - 
================================================================================
DAG File Processing Stats

File Path                                      PID    Runtime      # DAGs    # Errors  Last Runtime    Last Run
---------------------------------------------  -----  ---------  --------  ----------  --------------  -------------------
/opt/airflow/dags/supermarket_etl_pipeline.py                           1           0  0.44s           2026-08-27T03:26:03
================================================================================
[2026-08-27T03:26:47.178+0000] {manager.py:738} INFO - Searching for files in /opt/airflow/dags
[2026-08-27T03:26:47.240+0000] {manager.py:741} INFO - There are 1 files in /opt/airflow/dags
[2026-08-27T03:26:53.842+0000] {manager.py:879} INFO - 
================================================================================
DAG File Processing Stats

File Path                                      PID    Runtime      # DAGs    # Errors  Last Runtime    Last Run
---------------------------------------------  -----  ---------  --------  ----------  --------------  -------------------
/opt/airflow/dags/supermarket_etl_pipeline.py                           1           0  0.42s           2026-08-27T03:26:34
================================================================================
[2026-08-27T03:27:24.111+0000] {manager.py:879} INFO - 
================================================================================
DAG File Processing Stats

File Path                                      PID    Runtime      # DAGs    # Errors  Last Runtime    Last Run
---------------------------------------------  -----  ---------  --------  ----------  --------------  -------------------
/opt/airflow/dags/supermarket_etl_pipeline.py                           1           0  0.47s           2026-08-27T03:27:04
================================================================================
[2026-08-27T03:27:54.358+0000] {manager.py:879} INFO - 
================================================================================
DAG File Processing Stats

File Path                                      PID    Runtime      # DAGs    # Errors  Last Runtime    Last Run
---------------------------------------------  -----  ---------  --------  ----------  --------------  -------------------
/opt/airflow/dags/supermarket_etl_pipeline.py                           1           0  0.43s           2026-08-27T03:27:35
================================================================================
[2026-08-27T03:28:24.462+0000] {manager.py:879} INFO - 
================================================================================
DAG File Processing Stats

File Path                                      PID    Runtime      # DAGs    # Errors  Last Runtime    Last Run
---------------------------------------------  -----  ---------  --------  ----------  --------------  -------------------
/opt/airflow/dags/supermarket_etl_pipeline.py                           1           0  0.43s           2026-08-27T03:28:06
================================================================================
[2026-08-27T03:28:54.767+0000] {manager.py:879} INFO - 
================================================================================
DAG File Processing Stats

File Path                                      PID    Runtime      # DAGs    # Errors  Last Runtime    Last Run
---------------------------------------------  -----  ---------  --------  ----------  --------------  -------------------
/opt/airflow/dags/supermarket_etl_pipeline.py                           1           0  0.43s           2026-08-27T03:28:37
================================================================================
[2026-08-27T03:29:24.879+0000] {manager.py:879} INFO - 
================================================================================
DAG File Processing Stats

File Path                                      PID    Runtime      # DAGs    # Errors  Last Runtime    Last Run
---------------------------------------------  -----  ---------  --------  ----------  --------------  -------------------
/opt/airflow/dags/supermarket_etl_pipeline.py                           1           0  0.42s           2026-08-27T03:29:07
================================================================================
[2026-08-27T03:29:55.197+0000] {manager.py:879} INFO - 
================================================================================
DAG File Processing Stats

File Path                                      PID    Runtime      # DAGs    # Errors  Last Runtime    Last Run
---------------------------------------------  -----  ---------  --------  ----------  --------------  -------------------
/opt/airflow/dags/supermarket_etl_pipeline.py                           1           0  0.41s           2026-08-27T03:29:38
================================================================================
[2026-08-27T03:30:25.263+0000] {manager.py:879} INFO - 
================================================================================
DAG File Processing Stats

File Path                                      PID    Runtime      # DAGs    # Errors  Last Runtime    Last Run
---------------------------------------------  -----  ---------  --------  ----------  --------------  -------------------
/opt/airflow/dags/supermarket_etl_pipeline.py                           1           0  0.44s           2026-08-27T03:30:09
================================================================================
[2026-08-27T03:30:55.534+0000] {manager.py:879} INFO - 
================================================================================
DAG File Processing Stats

File Path                                      PID    Runtime      # DAGs    # Errors  Last Runtime    Last Run
---------------------------------------------  -----  ---------  --------  ----------  --------------  -------------------
/opt/airflow/dags/supermarket_etl_pipeline.py                           1           0  0.42s           2026-08-27T03:30:39
================================================================================
[2026-08-27T03:31:25.648+0000] {manager.py:879} INFO - 
================================================================================
DAG File Processing Stats

File Path                                      PID    Runtime      # DAGs    # Errors  Last Runtime    Last Run
---------------------------------------------  -----  ---------  --------  ----------  --------------  -------------------
/opt/airflow/dags/supermarket_etl_pipeline.py                           1           0  0.42s           2026-08-27T03:31:10
================================================================================
[2026-08-27T03:31:47.271+0000] {manager.py:738} INFO - Searching for files in /opt/airflow/dags
[2026-08-27T03:31:47.356+0000] {manager.py:741} INFO - There are 1 files in /opt/airflow/dags
[2026-08-27T03:31:55.934+0000] {manager.py:879} INFO - 
================================================================================
DAG File Processing Stats

File Path                                      PID    Runtime      # DAGs    # Errors  Last Runtime    Last Run
---------------------------------------------  -----  ---------  --------  ----------  --------------  -------------------
/opt/airflow/dags/supermarket_etl_pipeline.py                           1           0  0.43s           2026-08-27T03:31:41
================================================================================
[2026-08-27T03:32:26.184+0000] {manager.py:879} INFO - 
================================================================================
DAG File Processing Stats

File Path                                      PID    Runtime      # DAGs    # Errors  Last Runtime    Last Run
---------------------------------------------  -----  ---------  --------  ----------  --------------  -------------------
/opt/airflow/dags/supermarket_etl_pipeline.py                           1           0  0.45s           2026-08-27T03:32:12
================================================================================
[2026-08-27T03:32:56.409+0000] {manager.py:879} INFO - 
================================================================================
DAG File Processing Stats

File Path                                      PID    Runtime      # DAGs    # Errors  Last Runtime    Last Run
---------------------------------------------  -----  ---------  --------  ----------  --------------  -------------------
/opt/airflow/dags/supermarket_etl_pipeline.py                           1           0  0.44s           2026-08-27T03:32:42
================================================================================
[2026-08-27T03:33:26.551+0000] {manager.py:879} INFO - 
================================================================================
DAG File Processing Stats

File Path                                      PID    Runtime      # DAGs    # Errors  Last Runtime    Last Run
---------------------------------------------  -----  ---------  --------  ----------  --------------  -------------------
/opt/airflow/dags/supermarket_etl_pipeline.py                           1           0  0.41s           2026-08-27T03:33:13
================================================================================
[2026-08-27T03:33:56.826+0000] {manager.py:879} INFO - 
================================================================================
DAG File Processing Stats

File Path                                      PID    Runtime      # DAGs    # Errors  Last Runtime    Last Run
---------------------------------------------  -----  ---------  --------  ----------  --------------  -------------------
/opt/airflow/dags/supermarket_etl_pipeline.py                           1           0  0.39s           2026-08-27T03:33:44
================================================================================
[2026-08-27T03:34:26.932+0000] {manager.py:879} INFO - 
================================================================================
DAG File Processing Stats

File Path                                      PID    Runtime      # DAGs    # Errors  Last Runtime    Last Run
---------------------------------------------  -----  ---------  --------  ----------  --------------  -------------------
/opt/airflow/dags/supermarket_etl_pipeline.py                           1           0  0.49s           2026-08-27T03:34:14
================================================================================
[2026-08-27T03:34:57.188+0000] {manager.py:879} INFO - 
================================================================================
DAG File Processing Stats

File Path                                      PID    Runtime      # DAGs    # Errors  Last Runtime    Last Run
---------------------------------------------  -----  ---------  --------  ----------  --------------  -------------------
/opt/airflow/dags/supermarket_etl_pipeline.py                           1           0  0.42s           2026-08-27T03:34:45
================================================================================
[2026-08-27T03:35:27.329+0000] {manager.py:879} INFO - 
================================================================================
DAG File Processing Stats

File Path                                      PID    Runtime      # DAGs    # Errors  Last Runtime    Last Run
---------------------------------------------  -----  ---------  --------  ----------  --------------  -------------------
/opt/airflow/dags/supermarket_etl_pipeline.py                           1           0  0.50s           2026-08-27T03:35:16
================================================================================
[2026-08-27T03:35:57.626+0000] {manager.py:879} INFO - 
================================================================================
DAG File Processing Stats

File Path                                      PID    Runtime      # DAGs    # Errors  Last Runtime    Last Run
---------------------------------------------  -----  ---------  --------  ----------  --------------  -------------------
/opt/airflow/dags/supermarket_etl_pipeline.py                           1           0  0.42s           2026-08-27T03:35:46
================================================================================
[2026-08-27T03:36:27.761+0000] {manager.py:879} INFO - 
================================================================================
DAG File Processing Stats

File Path                                      PID    Runtime      # DAGs    # Errors  Last Runtime    Last Run
---------------------------------------------  -----  ---------  --------  ----------  --------------  -------------------
/opt/airflow/dags/supermarket_etl_pipeline.py                           1           0  0.47s           2026-08-27T03:36:17
================================================================================
[2026-08-27T03:36:47.475+0000] {manager.py:738} INFO - Searching for files in /opt/airflow/dags
[2026-08-27T03:36:47.554+0000] {manager.py:741} INFO - There are 1 files in /opt/airflow/dags
[2026-08-27T03:36:58.022+0000] {manager.py:879} INFO - 
================================================================================
DAG File Processing Stats

File Path                                      PID    Runtime      # DAGs    # Errors  Last Runtime    Last Run
---------------------------------------------  -----  ---------  --------  ----------  --------------  -------------------
/opt/airflow/dags/supermarket_etl_pipeline.py                           1           0  0.43s           2026-08-27T03:36:48
================================================================================
[2026-08-27T03:37:28.191+0000] {manager.py:879} INFO - 
================================================================================
DAG File Processing Stats

File Path                                      PID    Runtime      # DAGs    # Errors  Last Runtime    Last Run
---------------------------------------------  -----  ---------  --------  ----------  --------------  -------------------
/opt/airflow/dags/supermarket_etl_pipeline.py                           1           0  0.44s           2026-08-27T03:37:19
================================================================================
[2026-08-27T03:37:58.484+0000] {manager.py:879} INFO - 
================================================================================
DAG File Processing Stats

File Path                                      PID    Runtime      # DAGs    # Errors  Last Runtime    Last Run
---------------------------------------------  -----  ---------  --------  ----------  --------------  -------------------
/opt/airflow/dags/supermarket_etl_pipeline.py                           1           0  0.41s           2026-08-27T03:37:49
================================================================================
[2026-08-27T03:38:28.685+0000] {manager.py:879} INFO - 
================================================================================
DAG File Processing Stats

File Path                                      PID    Runtime      # DAGs    # Errors  Last Runtime    Last Run
---------------------------------------------  -----  ---------  --------  ----------  --------------  -------------------
/opt/airflow/dags/supermarket_etl_pipeline.py                           1           0  0.51s           2026-08-27T03:38:20
================================================================================
[2026-08-27T03:38:58.990+0000] {manager.py:879} INFO - 
================================================================================
DAG File Processing Stats

File Path                                      PID    Runtime      # DAGs    # Errors  Last Runtime    Last Run
---------------------------------------------  -----  ---------  --------  ----------  --------------  -------------------
/opt/airflow/dags/supermarket_etl_pipeline.py                           1           0  0.42s           2026-08-27T03:38:51
================================================================================
[2026-08-27T03:39:29.082+0000] {manager.py:879} INFO - 
================================================================================
DAG File Processing Stats

File Path                                      PID    Runtime      # DAGs    # Errors  Last Runtime    Last Run
---------------------------------------------  -----  ---------  --------  ----------  --------------  -------------------
/opt/airflow/dags/supermarket_etl_pipeline.py                           1           0  0.44s           2026-08-27T03:39:22
================================================================================
[2026-08-27T03:39:59.356+0000] {manager.py:879} INFO - 
================================================================================
DAG File Processing Stats

File Path                                      PID    Runtime      # DAGs    # Errors  Last Runtime    Last Run
---------------------------------------------  -----  ---------  --------  ----------  --------------  -------------------
/opt/airflow/dags/supermarket_etl_pipeline.py                           1           0  0.40s           2026-08-27T03:39:52
================================================================================
[2026-08-27T03:40:29.480+0000] {manager.py:879} INFO - 
================================================================================
DAG File Processing Stats

File Path                                      PID    Runtime      # DAGs    # Errors  Last Runtime    Last Run
---------------------------------------------  -----  ---------  --------  ----------  --------------  -------------------
/opt/airflow/dags/supermarket_etl_pipeline.py                           1           0  0.42s           2026-08-27T03:40:23
================================================================================
[2026-08-27T03:40:59.759+0000] {manager.py:879} INFO - 
================================================================================
DAG File Processing Stats

File Path                                      PID    Runtime      # DAGs    # Errors  Last Runtime    Last Run
---------------------------------------------  -----  ---------  --------  ----------  --------------  -------------------
/opt/airflow/dags/supermarket_etl_pipeline.py                           1           0  0.45s           2026-08-27T03:40:54
================================================================================
[2026-08-27T03:41:29.880+0000] {manager.py:879} INFO - 
================================================================================
DAG File Processing Stats

File Path                                      PID    Runtime      # DAGs    # Errors  Last Runtime    Last Run
---------------------------------------------  -----  ---------  --------  ----------  --------------  -------------------
/opt/airflow/dags/supermarket_etl_pipeline.py                           1           0  0.39s           2026-08-27T03:41:24
================================================================================
[2026-08-27T03:41:47.609+0000] {manager.py:738} INFO - Searching for files in /opt/airflow/dags
[2026-08-27T03:41:47.663+0000] {manager.py:741} INFO - There are 1 files in /opt/airflow/dags
[2026-08-27T03:42:00.127+0000] {manager.py:879} INFO - 
================================================================================
DAG File Processing Stats

File Path                                      PID    Runtime      # DAGs    # Errors  Last Runtime    Last Run
---------------------------------------------  -----  ---------  --------  ----------  --------------  -------------------
/opt/airflow/dags/supermarket_etl_pipeline.py                           1           0  0.46s           2026-08-27T03:41:55
================================================================================
[2026-08-27T03:42:30.223+0000] {manager.py:879} INFO - 
================================================================================
DAG File Processing Stats

File Path                                      PID    Runtime      # DAGs    # Errors  Last Runtime    Last Run
---------------------------------------------  -----  ---------  --------  ----------  --------------  -------------------
/opt/airflow/dags/supermarket_etl_pipeline.py                           1           0  0.37s           2026-08-27T03:42:26
================================================================================
[2026-08-27T03:43:00.499+0000] {manager.py:879} INFO - 
================================================================================
DAG File Processing Stats

File Path                                      PID    Runtime      # DAGs    # Errors  Last Runtime    Last Run
---------------------------------------------  -----  ---------  --------  ----------  --------------  -------------------
/opt/airflow/dags/supermarket_etl_pipeline.py                           1           0  0.34s           2026-08-27T03:42:56
================================================================================
[2026-08-27T03:43:30.620+0000] {manager.py:879} INFO - 
================================================================================
DAG File Processing Stats

File Path                                      PID    Runtime      # DAGs    # Errors  Last Runtime    Last Run
---------------------------------------------  -----  ---------  --------  ----------  --------------  -------------------
/opt/airflow/dags/supermarket_etl_pipeline.py                           1           0  0.50s           2026-08-27T03:43:27
================================================================================
[2026-08-27T03:44:01.417+0000] {manager.py:879} INFO - 
================================================================================
DAG File Processing Stats

File Path                                      PID    Runtime      # DAGs    # Errors  Last Runtime    Last Run
---------------------------------------------  -----  ---------  --------  ----------  --------------  -------------------
/opt/airflow/dags/supermarket_etl_pipeline.py                           1           0  0.50s           2026-08-27T03:43:58
================================================================================
[2026-08-27T03:44:31.735+0000] {manager.py:879} INFO - 
================================================================================
DAG File Processing Stats

File Path                                      PID    Runtime      # DAGs    # Errors  Last Runtime    Last Run
---------------------------------------------  -----  ---------  --------  ----------  --------------  -------------------
/opt/airflow/dags/supermarket_etl_pipeline.py                           1           0  0.47s           2026-08-27T03:44:29
================================================================================
[2026-08-27T03:45:01.880+0000] {manager.py:879} INFO - 
================================================================================
DAG File Processing Stats

File Path                                      PID    Runtime      # DAGs    # Errors  Last Runtime    Last Run
---------------------------------------------  -----  ---------  --------  ----------  --------------  -------------------
/opt/airflow/dags/supermarket_etl_pipeline.py                           1           0  0.42s           2026-08-27T03:44:59
================================================================================
[2026-08-27T03:45:32.169+0000] {manager.py:879} INFO - 
================================================================================
DAG File Processing Stats

File Path                                      PID    Runtime      # DAGs    # Errors  Last Runtime    Last Run
---------------------------------------------  -----  ---------  --------  ----------  --------------  -------------------
/opt/airflow/dags/supermarket_etl_pipeline.py                           1           0  0.41s           2026-08-27T03:45:30
================================================================================
[2026-08-27T03:46:02.201+0000] {manager.py:879} INFO - 
================================================================================
DAG File Processing Stats

File Path                                      PID    Runtime      # DAGs    # Errors  Last Runtime    Last Run
---------------------------------------------  -----  ---------  --------  ----------  --------------  -------------------
/opt/airflow/dags/supermarket_etl_pipeline.py                           1           0  0.40s           2026-08-27T03:46:01
================================================================================
[2026-08-27T03:46:32.453+0000] {manager.py:879} INFO - 
================================================================================
DAG File Processing Stats

File Path                                      PID    Runtime      # DAGs    # Errors  Last Runtime    Last Run
---------------------------------------------  -----  ---------  --------  ----------  --------------  -------------------
/opt/airflow/dags/supermarket_etl_pipeline.py                           1           0  0.41s           2026-08-27T03:46:31
================================================================================
[2026-08-27T03:46:47.977+0000] {manager.py:738} INFO - Searching for files in /opt/airflow/dags
[2026-08-27T03:46:48.025+0000] {manager.py:741} INFO - There are 1 files in /opt/airflow/dags
[2026-08-27T03:47:02.624+0000] {manager.py:879} INFO - 
================================================================================
DAG File Processing Stats

File Path                                      PID    Runtime      # DAGs    # Errors  Last Runtime    Last Run
---------------------------------------------  -----  ---------  --------  ----------  --------------  -------------------
/opt/airflow/dags/supermarket_etl_pipeline.py                           1           0  0.40s           2026-08-27T03:47:02
================================================================================
[2026-08-27T03:47:32.918+0000] {manager.py:879} INFO - 
================================================================================
DAG File Processing Stats

File Path                                        PID  Runtime      # DAGs    # Errors  Last Runtime    Last Run
---------------------------------------------  -----  ---------  --------  ----------  --------------  -------------------
/opt/airflow/dags/supermarket_etl_pipeline.py   1797  0.00s             1           0  0.40s           2026-08-27T03:47:02
================================================================================
[2026-08-27T03:48:03.169+0000] {manager.py:879} INFO - 
================================================================================
DAG File Processing Stats

File Path                                      PID    Runtime      # DAGs    # Errors  Last Runtime    Last Run
---------------------------------------------  -----  ---------  --------  ----------  --------------  -------------------
/opt/airflow/dags/supermarket_etl_pipeline.py                           1           0  0.41s           2026-08-27T03:47:33
================================================================================
[2026-08-27T03:48:33.234+0000] {manager.py:879} INFO - 
================================================================================
DAG File Processing Stats

File Path                                      PID    Runtime      # DAGs    # Errors  Last Runtime    Last Run
---------------------------------------------  -----  ---------  --------  ----------  --------------  -------------------
/opt/airflow/dags/supermarket_etl_pipeline.py                           1           0  0.38s           2026-08-27T03:48:04
================================================================================
[2026-08-27T03:49:04.126+0000] {manager.py:879} INFO - 
================================================================================
DAG File Processing Stats

File Path                                      PID    Runtime      # DAGs    # Errors  Last Runtime    Last Run
---------------------------------------------  -----  ---------  --------  ----------  --------------  -------------------
/opt/airflow/dags/supermarket_etl_pipeline.py                           1           0  0.74s           2026-08-27T03:48:34
================================================================================
[2026-08-27T03:49:34.421+0000] {manager.py:879} INFO - 
================================================================================
DAG File Processing Stats

File Path                                      PID    Runtime      # DAGs    # Errors  Last Runtime    Last Run
---------------------------------------------  -----  ---------  --------  ----------  --------------  -------------------
/opt/airflow/dags/supermarket_etl_pipeline.py                           1           0  0.42s           2026-08-27T03:49:05
================================================================================
[2026-08-27T03:50:04.541+0000] {manager.py:879} INFO - 
================================================================================
DAG File Processing Stats

File Path                                      PID    Runtime      # DAGs    # Errors  Last Runtime    Last Run
---------------------------------------------  -----  ---------  --------  ----------  --------------  -------------------
/opt/airflow/dags/supermarket_etl_pipeline.py                           1           0  0.44s           2026-08-27T03:49:36
================================================================================
[2026-08-27T03:50:34.838+0000] {manager.py:879} INFO - 
================================================================================
DAG File Processing Stats

File Path                                      PID    Runtime      # DAGs    # Errors  Last Runtime    Last Run
---------------------------------------------  -----  ---------  --------  ----------  --------------  -------------------
/opt/airflow/dags/supermarket_etl_pipeline.py                           1           0  0.45s           2026-08-27T03:50:07
================================================================================
[2026-08-27T03:51:05.087+0000] {manager.py:879} INFO - 
================================================================================
DAG File Processing Stats

File Path                                      PID    Runtime      # DAGs    # Errors  Last Runtime    Last Run
---------------------------------------------  -----  ---------  --------  ----------  --------------  -------------------
/opt/airflow/dags/supermarket_etl_pipeline.py                           1           0  0.39s           2026-08-27T03:50:37
================================================================================
[2026-08-27T03:51:35.367+0000] {manager.py:879} INFO - 
================================================================================
DAG File Processing Stats

File Path                                      PID    Runtime      # DAGs    # Errors  Last Runtime    Last Run
---------------------------------------------  -----  ---------  --------  ----------  --------------  -------------------
/opt/airflow/dags/supermarket_etl_pipeline.py                           1           0  0.39s           2026-08-27T03:51:08
================================================================================
[2026-08-27T03:51:48.285+0000] {manager.py:738} INFO - Searching for files in /opt/airflow/dags
[2026-08-27T03:51:48.392+0000] {manager.py:741} INFO - There are 1 files in /opt/airflow/dags
[2026-08-27T03:52:05.561+0000] {manager.py:879} INFO - 
================================================================================
DAG File Processing Stats

File Path                                      PID    Runtime      # DAGs    # Errors  Last Runtime    Last Run
---------------------------------------------  -----  ---------  --------  ----------  --------------  -------------------
/opt/airflow/dags/supermarket_etl_pipeline.py                           1           0  0.42s           2026-08-27T03:51:39
================================================================================
[2026-08-27T03:52:35.870+0000] {manager.py:879} INFO - 
================================================================================
DAG File Processing Stats

File Path                                      PID    Runtime      # DAGs    # Errors  Last Runtime    Last Run
---------------------------------------------  -----  ---------  --------  ----------  --------------  -------------------
/opt/airflow/dags/supermarket_etl_pipeline.py                           1           0  0.43s           2026-08-27T03:52:10
================================================================================
[2026-08-27T03:53:05.956+0000] {manager.py:879} INFO - 
================================================================================
DAG File Processing Stats

File Path                                      PID    Runtime      # DAGs    # Errors  Last Runtime    Last Run
---------------------------------------------  -----  ---------  --------  ----------  --------------  -------------------
/opt/airflow/dags/supermarket_etl_pipeline.py                           1           0  0.38s           2026-08-27T03:52:40
================================================================================
[2026-08-27T03:53:36.224+0000] {manager.py:879} INFO - 
================================================================================
DAG File Processing Stats

File Path                                      PID    Runtime      # DAGs    # Errors  Last Runtime    Last Run
---------------------------------------------  -----  ---------  --------  ----------  --------------  -------------------
/opt/airflow/dags/supermarket_etl_pipeline.py                           1           0  0.38s           2026-08-27T03:53:11
================================================================================
[2026-08-27T03:54:06.249+0000] {manager.py:879} INFO - 
================================================================================
DAG File Processing Stats

File Path                                      PID    Runtime      # DAGs    # Errors  Last Runtime    Last Run
---------------------------------------------  -----  ---------  --------  ----------  --------------  -------------------
/opt/airflow/dags/supermarket_etl_pipeline.py                           1           0  0.38s           2026-08-27T03:53:42
================================================================================
[2026-08-27T03:54:36.559+0000] {manager.py:879} INFO - 
================================================================================
DAG File Processing Stats

File Path                                      PID    Runtime      # DAGs    # Errors  Last Runtime    Last Run
---------------------------------------------  -----  ---------  --------  ----------  --------------  -------------------
/opt/airflow/dags/supermarket_etl_pipeline.py                           1           0  0.40s           2026-08-27T03:54:12
================================================================================
[2026-08-27T03:55:06.587+0000] {manager.py:879} INFO - 
================================================================================
DAG File Processing Stats

File Path                                      PID    Runtime      # DAGs    # Errors  Last Runtime    Last Run
---------------------------------------------  -----  ---------  --------  ----------  --------------  -------------------
/opt/airflow/dags/supermarket_etl_pipeline.py                           1           0  0.40s           2026-08-27T03:54:43
================================================================================
[2026-08-27T03:55:36.837+0000] {manager.py:879} INFO - 
================================================================================
DAG File Processing Stats

File Path                                      PID    Runtime      # DAGs    # Errors  Last Runtime    Last Run
---------------------------------------------  -----  ---------  --------  ----------  --------------  -------------------
/opt/airflow/dags/supermarket_etl_pipeline.py                           1           0  0.39s           2026-08-27T03:55:14
================================================================================
[2026-08-27T03:56:06.903+0000] {manager.py:879} INFO - 
================================================================================
DAG File Processing Stats

File Path                                      PID    Runtime      # DAGs    # Errors  Last Runtime    Last Run
---------------------------------------------  -----  ---------  --------  ----------  --------------  -------------------
/opt/airflow/dags/supermarket_etl_pipeline.py                           1           0  0.44s           2026-08-27T03:55:44
================================================================================
[2026-08-27T03:56:37.108+0000] {manager.py:879} INFO - 
================================================================================
DAG File Processing Stats

File Path                                      PID    Runtime      # DAGs    # Errors  Last Runtime    Last Run
---------------------------------------------  -----  ---------  --------  ----------  --------------  -------------------
/opt/airflow/dags/supermarket_etl_pipeline.py                           1           0  0.49s           2026-08-27T03:56:15
================================================================================
[2026-08-27T03:56:48.697+0000] {manager.py:738} INFO - Searching for files in /opt/airflow/dags
[2026-08-27T03:56:48.756+0000] {manager.py:741} INFO - There are 1 files in /opt/airflow/dags
[2026-08-27T03:57:07.194+0000] {manager.py:879} INFO - 
================================================================================
DAG File Processing Stats

File Path                                      PID    Runtime      # DAGs    # Errors  Last Runtime    Last Run
---------------------------------------------  -----  ---------  --------  ----------  --------------  -------------------
/opt/airflow/dags/supermarket_etl_pipeline.py                           1           0  0.39s           2026-08-27T03:56:46
================================================================================
[2026-08-27T03:57:37.462+0000] {manager.py:879} INFO - 
================================================================================
DAG File Processing Stats

File Path                                      PID    Runtime      # DAGs    # Errors  Last Runtime    Last Run
---------------------------------------------  -----  ---------  --------  ----------  --------------  -------------------
/opt/airflow/dags/supermarket_etl_pipeline.py                           1           0  0.40s           2026-08-27T03:57:16
================================================================================
[2026-08-27T03:58:07.769+0000] {manager.py:879} INFO - 
================================================================================
DAG File Processing Stats

File Path                                      PID    Runtime      # DAGs    # Errors  Last Runtime    Last Run
---------------------------------------------  -----  ---------  --------  ----------  --------------  -------------------
/opt/airflow/dags/supermarket_etl_pipeline.py                           1           0  0.54s           2026-08-27T03:57:47
================================================================================
[2026-08-27T03:58:38.061+0000] {manager.py:879} INFO - 
================================================================================
DAG File Processing Stats

File Path                                      PID    Runtime      # DAGs    # Errors  Last Runtime    Last Run
---------------------------------------------  -----  ---------  --------  ----------  --------------  -------------------
/opt/airflow/dags/supermarket_etl_pipeline.py                           1           0  0.44s           2026-08-27T03:58:18
================================================================================
[2026-08-27T03:59:08.128+0000] {manager.py:879} INFO - 
================================================================================
DAG File Processing Stats

File Path                                      PID    Runtime      # DAGs    # Errors  Last Runtime    Last Run
---------------------------------------------  -----  ---------  --------  ----------  --------------  -------------------
/opt/airflow/dags/supermarket_etl_pipeline.py                           1           0  0.36s           2026-08-27T03:58:48
================================================================================
[2026-08-27T03:59:38.408+0000] {manager.py:879} INFO - 
================================================================================
DAG File Processing Stats

File Path                                      PID    Runtime      # DAGs    # Errors  Last Runtime    Last Run
---------------------------------------------  -----  ---------  --------  ----------  --------------  -------------------
/opt/airflow/dags/supermarket_etl_pipeline.py                           1           0  0.38s           2026-08-27T03:59:19
================================================================================
[2026-08-27T04:00:08.489+0000] {manager.py:879} INFO - 
================================================================================
DAG File Processing Stats

File Path                                      PID    Runtime      # DAGs    # Errors  Last Runtime    Last Run
---------------------------------------------  -----  ---------  --------  ----------  --------------  -------------------
/opt/airflow/dags/supermarket_etl_pipeline.py                           1           0  0.40s           2026-08-27T03:59:50
================================================================================
[2026-08-27T04:00:38.767+0000] {manager.py:879} INFO - 
================================================================================
DAG File Processing Stats

File Path                                      PID    Runtime      # DAGs    # Errors  Last Runtime    Last Run
---------------------------------------------  -----  ---------  --------  ----------  --------------  -------------------
/opt/airflow/dags/supermarket_etl_pipeline.py                           1           0  0.47s           2026-08-27T04:00:21
================================================================================
[2026-08-27T04:01:08.902+0000] {manager.py:879} INFO - 
================================================================================
DAG File Processing Stats

File Path                                      PID    Runtime      # DAGs    # Errors  Last Runtime    Last Run
---------------------------------------------  -----  ---------  --------  ----------  --------------  -------------------
/opt/airflow/dags/supermarket_etl_pipeline.py                           1           0  0.40s           2026-08-27T04:00:51
================================================================================
[2026-08-27T04:01:39.189+0000] {manager.py:879} INFO - 
================================================================================
DAG File Processing Stats

File Path                                      PID    Runtime      # DAGs    # Errors  Last Runtime    Last Run
---------------------------------------------  -----  ---------  --------  ----------  --------------  -------------------
/opt/airflow/dags/supermarket_etl_pipeline.py                           1           0  0.39s           2026-08-27T04:01:22
================================================================================
[2026-08-27T04:01:49.275+0000] {manager.py:738} INFO - Searching for files in /opt/airflow/dags
[2026-08-27T04:01:49.342+0000] {manager.py:741} INFO - There are 1 files in /opt/airflow/dags
[2026-08-27T04:02:09.198+0000] {manager.py:879} INFO - 
================================================================================
DAG File Processing Stats

File Path                                      PID    Runtime      # DAGs    # Errors  Last Runtime    Last Run
---------------------------------------------  -----  ---------  --------  ----------  --------------  -------------------
/opt/airflow/dags/supermarket_etl_pipeline.py                           1           0  0.38s           2026-08-27T04:01:53
================================================================================
[2026-08-27T04:02:39.442+0000] {manager.py:879} INFO - 
================================================================================
DAG File Processing Stats

File Path                                      PID    Runtime      # DAGs    # Errors  Last Runtime    Last Run
---------------------------------------------  -----  ---------  --------  ----------  --------------  -------------------
/opt/airflow/dags/supermarket_etl_pipeline.py                           1           0  0.41s           2026-08-27T04:02:23
================================================================================
[2026-08-27T04:03:09.637+0000] {manager.py:879} INFO - 
================================================================================
DAG File Processing Stats

File Path                                      PID    Runtime      # DAGs    # Errors  Last Runtime    Last Run
---------------------------------------------  -----  ---------  --------  ----------  --------------  -------------------
/opt/airflow/dags/supermarket_etl_pipeline.py                           1           0  0.48s           2026-08-27T04:02:54
================================================================================
[2026-08-27T04:03:39.904+0000] {manager.py:879} INFO - 
================================================================================
DAG File Processing Stats

File Path                                      PID    Runtime      # DAGs    # Errors  Last Runtime    Last Run
---------------------------------------------  -----  ---------  --------  ----------  --------------  -------------------
/opt/airflow/dags/supermarket_etl_pipeline.py                           1           0  0.38s           2026-08-27T04:03:25
================================================================================
[2026-08-27T04:04:09.972+0000] {manager.py:879} INFO - 
================================================================================
DAG File Processing Stats

File Path                                      PID    Runtime      # DAGs    # Errors  Last Runtime    Last Run
---------------------------------------------  -----  ---------  --------  ----------  --------------  -------------------
/opt/airflow/dags/supermarket_etl_pipeline.py                           1           0  0.41s           2026-08-27T04:03:55
================================================================================
[2026-08-27T04:04:40.220+0000] {manager.py:879} INFO - 
================================================================================
DAG File Processing Stats

File Path                                      PID    Runtime      # DAGs    # Errors  Last Runtime    Last Run
---------------------------------------------  -----  ---------  --------  ----------  --------------  -------------------
/opt/airflow/dags/supermarket_etl_pipeline.py                           1           0  0.39s           2026-08-27T04:04:26
================================================================================
[2026-08-27T04:05:10.281+0000] {manager.py:879} INFO - 
================================================================================
DAG File Processing Stats

File Path                                      PID    Runtime      # DAGs    # Errors  Last Runtime    Last Run
---------------------------------------------  -----  ---------  --------  ----------  --------------  -------------------
/opt/airflow/dags/supermarket_etl_pipeline.py                           1           0  0.30s           2026-08-27T04:04:57
================================================================================
[2026-08-27T04:05:40.543+0000] {manager.py:879} INFO - 
================================================================================
DAG File Processing Stats

File Path                                      PID    Runtime      # DAGs    # Errors  Last Runtime    Last Run
---------------------------------------------  -----  ---------  --------  ----------  --------------  -------------------
/opt/airflow/dags/supermarket_etl_pipeline.py                           1           0  0.34s           2026-08-27T04:05:27
================================================================================
[2026-08-27T04:06:11.152+0000] {manager.py:879} INFO - 
================================================================================
DAG File Processing Stats

File Path                                      PID    Runtime      # DAGs    # Errors  Last Runtime    Last Run
---------------------------------------------  -----  ---------  --------  ----------  --------------  -------------------
/opt/airflow/dags/supermarket_etl_pipeline.py                           1           0  0.35s           2026-08-27T04:05:58
================================================================================
[2026-08-27T04:06:41.838+0000] {manager.py:879} INFO - 
================================================================================
DAG File Processing Stats

File Path                                      PID    Runtime      # DAGs    # Errors  Last Runtime    Last Run
---------------------------------------------  -----  ---------  --------  ----------  --------------  -------------------
/opt/airflow/dags/supermarket_etl_pipeline.py                           1           0  0.32s           2026-08-27T04:06:29
================================================================================
[2026-08-27T04:06:49.914+0000] {manager.py:738} INFO - Searching for files in /opt/airflow/dags
[2026-08-27T04:06:49.979+0000] {manager.py:741} INFO - There are 1 files in /opt/airflow/dags
[2026-08-27T04:07:12.394+0000] {manager.py:879} INFO - 
================================================================================
DAG File Processing Stats

File Path                                      PID    Runtime      # DAGs    # Errors  Last Runtime    Last Run
---------------------------------------------  -----  ---------  --------  ----------  --------------  -------------------
/opt/airflow/dags/supermarket_etl_pipeline.py                           1           0  0.33s           2026-08-27T04:06:59
================================================================================
[2026-08-27T04:07:42.831+0000] {manager.py:879} INFO - 
================================================================================
DAG File Processing Stats

File Path                                      PID    Runtime      # DAGs    # Errors  Last Runtime    Last Run
---------------------------------------------  -----  ---------  --------  ----------  --------------  -------------------
/opt/airflow/dags/supermarket_etl_pipeline.py                           1           0  0.39s           2026-08-27T04:07:29
================================================================================
[2026-08-27T04:08:13.415+0000] {manager.py:879} INFO - 
================================================================================
DAG File Processing Stats

File Path                                      PID    Runtime      # DAGs    # Errors  Last Runtime    Last Run
---------------------------------------------  -----  ---------  --------  ----------  --------------  -------------------
/opt/airflow/dags/supermarket_etl_pipeline.py                           1           0  0.32s           2026-08-27T04:08:00
================================================================================
[2026-08-27T04:08:43.757+0000] {manager.py:879} INFO - 
================================================================================
DAG File Processing Stats

File Path                                      PID    Runtime      # DAGs    # Errors  Last Runtime    Last Run
---------------------------------------------  -----  ---------  --------  ----------  --------------  -------------------
/opt/airflow/dags/supermarket_etl_pipeline.py                           1           0  0.38s           2026-08-27T04:08:31
================================================================================
[2026-08-27T04:09:13.776+0000] {manager.py:879} INFO - 
================================================================================
DAG File Processing Stats

File Path                                      PID    Runtime      # DAGs    # Errors  Last Runtime    Last Run
---------------------------------------------  -----  ---------  --------  ----------  --------------  -------------------
/opt/airflow/dags/supermarket_etl_pipeline.py                           1           0  0.34s           2026-08-27T04:09:01
================================================================================
[2026-08-27T04:09:44.094+0000] {manager.py:879} INFO - 
================================================================================
DAG File Processing Stats

File Path                                      PID    Runtime      # DAGs    # Errors  Last Runtime    Last Run
---------------------------------------------  -----  ---------  --------  ----------  --------------  -------------------
/opt/airflow/dags/supermarket_etl_pipeline.py                           1           0  0.34s           2026-08-27T04:09:32
================================================================================
[2026-08-27T04:10:14.758+0000] {manager.py:879} INFO - 
================================================================================
DAG File Processing Stats

File Path                                      PID    Runtime      # DAGs    # Errors  Last Runtime    Last Run
---------------------------------------------  -----  ---------  --------  ----------  --------------  -------------------
/opt/airflow/dags/supermarket_etl_pipeline.py                           1           0  0.35s           2026-08-27T04:10:02
================================================================================
[2026-08-27T04:10:45.371+0000] {manager.py:879} INFO - 
================================================================================
DAG File Processing Stats

File Path                                      PID    Runtime      # DAGs    # Errors  Last Runtime    Last Run
---------------------------------------------  -----  ---------  --------  ----------  --------------  -------------------
/opt/airflow/dags/supermarket_etl_pipeline.py                           1           0  0.33s           2026-08-27T04:10:33
================================================================================
[2026-08-27T04:11:15.714+0000] {manager.py:879} INFO - 
================================================================================
DAG File Processing Stats

File Path                                      PID    Runtime      # DAGs    # Errors  Last Runtime    Last Run
---------------------------------------------  -----  ---------  --------  ----------  --------------  -------------------
/opt/airflow/dags/supermarket_etl_pipeline.py                           1           0  0.32s           2026-08-27T04:11:03
================================================================================
[2026-08-27T04:11:46.269+0000] {manager.py:879} INFO - 
================================================================================
DAG File Processing Stats

File Path                                      PID    Runtime      # DAGs    # Errors  Last Runtime    Last Run
---------------------------------------------  -----  ---------  --------  ----------  --------------  -------------------
/opt/airflow/dags/supermarket_etl_pipeline.py                           1           0  0.31s           2026-08-27T04:11:34
================================================================================
[2026-08-27T04:11:50.308+0000] {manager.py:738} INFO - Searching for files in /opt/airflow/dags
[2026-08-27T04:11:50.333+0000] {manager.py:741} INFO - There are 1 files in /opt/airflow/dags
[2026-08-27T04:12:16.908+0000] {manager.py:879} INFO - 
================================================================================
DAG File Processing Stats

File Path                                      PID    Runtime      # DAGs    # Errors  Last Runtime    Last Run
---------------------------------------------  -----  ---------  --------  ----------  --------------  -------------------
/opt/airflow/dags/supermarket_etl_pipeline.py                           1           0  0.32s           2026-08-27T04:12:05
================================================================================
[2026-08-27T04:12:47.469+0000] {manager.py:879} INFO - 
================================================================================
DAG File Processing Stats

File Path                                      PID    Runtime      # DAGs    # Errors  Last Runtime    Last Run
---------------------------------------------  -----  ---------  --------  ----------  --------------  -------------------
/opt/airflow/dags/supermarket_etl_pipeline.py                           1           0  0.37s           2026-08-27T04:12:35
================================================================================
[2026-08-27T04:13:18.053+0000] {manager.py:879} INFO - 
================================================================================
DAG File Processing Stats

File Path                                      PID    Runtime      # DAGs    # Errors  Last Runtime    Last Run
---------------------------------------------  -----  ---------  --------  ----------  --------------  -------------------
/opt/airflow/dags/supermarket_etl_pipeline.py                           1           0  0.40s           2026-08-27T04:13:06
================================================================================
[2026-08-27T04:13:48.092+0000] {manager.py:879} INFO - 
================================================================================
DAG File Processing Stats

File Path                                      PID    Runtime      # DAGs    # Errors  Last Runtime    Last Run
---------------------------------------------  -----  ---------  --------  ----------  --------------  -------------------
/opt/airflow/dags/supermarket_etl_pipeline.py                           1           0  0.38s           2026-08-27T04:13:37
================================================================================
[2026-08-27T04:14:18.332+0000] {manager.py:879} INFO - 
================================================================================
DAG File Processing Stats

File Path                                      PID    Runtime      # DAGs    # Errors  Last Runtime    Last Run
---------------------------------------------  -----  ---------  --------  ----------  --------------  -------------------
/opt/airflow/dags/supermarket_etl_pipeline.py                           1           0  0.33s           2026-08-27T04:14:07
================================================================================
[2026-08-27T04:14:48.840+0000] {manager.py:879} INFO - 
================================================================================
DAG File Processing Stats

File Path                                      PID    Runtime      # DAGs    # Errors  Last Runtime    Last Run
---------------------------------------------  -----  ---------  --------  ----------  --------------  -------------------
/opt/airflow/dags/supermarket_etl_pipeline.py                           1           0  0.41s           2026-08-27T04:14:38
================================================================================
[2026-08-27T04:15:18.903+0000] {manager.py:879} INFO - 
================================================================================
DAG File Processing Stats

File Path                                      PID    Runtime      # DAGs    # Errors  Last Runtime    Last Run
---------------------------------------------  -----  ---------  --------  ----------  --------------  -------------------
/opt/airflow/dags/supermarket_etl_pipeline.py                           1           0  0.46s           2026-08-27T04:15:08
================================================================================
[2026-08-27T04:15:49.648+0000] {manager.py:879} INFO - 
================================================================================
DAG File Processing Stats

File Path                                      PID    Runtime      # DAGs    # Errors  Last Runtime    Last Run
---------------------------------------------  -----  ---------  --------  ----------  --------------  -------------------
/opt/airflow/dags/supermarket_etl_pipeline.py                           1           0  0.56s           2026-08-27T04:15:39
================================================================================
[2026-08-27T04:16:19.872+0000] {manager.py:879} INFO - 
================================================================================
DAG File Processing Stats

File Path                                      PID    Runtime      # DAGs    # Errors  Last Runtime    Last Run
---------------------------------------------  -----  ---------  --------  ----------  --------------  -------------------
/opt/airflow/dags/supermarket_etl_pipeline.py                           1           0  0.43s           2026-08-27T04:16:10
================================================================================
[2026-08-27T04:16:50.061+0000] {manager.py:879} INFO - 
================================================================================
DAG File Processing Stats

File Path                                      PID    Runtime      # DAGs    # Errors  Last Runtime    Last Run
---------------------------------------------  -----  ---------  --------  ----------  --------------  -------------------
/opt/airflow/dags/supermarket_etl_pipeline.py                           1           0  0.57s           2026-08-27T04:16:40
================================================================================
[2026-08-27T04:16:50.490+0000] {manager.py:738} INFO - Searching for files in /opt/airflow/dags
[2026-08-27T04:16:50.563+0000] {manager.py:741} INFO - There are 1 files in /opt/airflow/dags
[2026-08-27T04:17:20.262+0000] {manager.py:879} INFO - 
================================================================================
DAG File Processing Stats

File Path                                      PID    Runtime      # DAGs    # Errors  Last Runtime    Last Run
---------------------------------------------  -----  ---------  --------  ----------  --------------  -------------------
/opt/airflow/dags/supermarket_etl_pipeline.py                           1           0  0.49s           2026-08-27T04:17:11
================================================================================
[2026-08-27T04:17:50.511+0000] {manager.py:879} INFO - 
================================================================================
DAG File Processing Stats

File Path                                      PID    Runtime      # DAGs    # Errors  Last Runtime    Last Run
---------------------------------------------  -----  ---------  --------  ----------  --------------  -------------------
/opt/airflow/dags/supermarket_etl_pipeline.py                           1           0  0.49s           2026-08-27T04:17:42
================================================================================
[2026-08-27T04:18:20.745+0000] {manager.py:879} INFO - 
================================================================================
DAG File Processing Stats

File Path                                      PID    Runtime      # DAGs    # Errors  Last Runtime    Last Run
---------------------------------------------  -----  ---------  --------  ----------  --------------  -------------------
/opt/airflow/dags/supermarket_etl_pipeline.py                           1           0  0.58s           2026-08-27T04:18:13
================================================================================
[2026-08-27T04:18:50.960+0000] {manager.py:879} INFO - 
================================================================================
DAG File Processing Stats

File Path                                      PID    Runtime      # DAGs    # Errors  Last Runtime    Last Run
---------------------------------------------  -----  ---------  --------  ----------  --------------  -------------------
/opt/airflow/dags/supermarket_etl_pipeline.py                           1           0  0.59s           2026-08-27T04:18:44
================================================================================
[2026-08-27T04:19:21.295+0000] {manager.py:879} INFO - 
================================================================================
DAG File Processing Stats

File Path                                      PID    Runtime      # DAGs    # Errors  Last Runtime    Last Run
---------------------------------------------  -----  ---------  --------  ----------  --------------  -------------------
/opt/airflow/dags/supermarket_etl_pipeline.py                           1           0  0.30s           2026-08-27T04:19:14
================================================================================
[2026-08-27T04:19:51.687+0000] {manager.py:879} INFO - 
================================================================================
DAG File Processing Stats

File Path                                      PID    Runtime      # DAGs    # Errors  Last Runtime    Last Run
---------------------------------------------  -----  ---------  --------  ----------  --------------  -------------------
/opt/airflow/dags/supermarket_etl_pipeline.py                           1           0  0.56s           2026-08-27T04:19:45
================================================================================
[2026-08-27T04:20:21.852+0000] {manager.py:879} INFO - 
================================================================================
DAG File Processing Stats

File Path                                      PID    Runtime      # DAGs    # Errors  Last Runtime    Last Run
---------------------------------------------  -----  ---------  --------  ----------  --------------  -------------------
/opt/airflow/dags/supermarket_etl_pipeline.py                           1           0  0.57s           2026-08-27T04:20:15
================================================================================
[2026-08-27T04:20:52.464+0000] {manager.py:879} INFO - 
================================================================================
DAG File Processing Stats

File Path                                      PID    Runtime      # DAGs    # Errors  Last Runtime    Last Run
---------------------------------------------  -----  ---------  --------  ----------  --------------  -------------------
/opt/airflow/dags/supermarket_etl_pipeline.py                           1           0  0.50s           2026-08-27T04:20:46
================================================================================
[2026-08-27T04:21:22.752+0000] {manager.py:879} INFO - 
================================================================================
DAG File Processing Stats

File Path                                      PID    Runtime      # DAGs    # Errors  Last Runtime    Last Run
---------------------------------------------  -----  ---------  --------  ----------  --------------  -------------------
/opt/airflow/dags/supermarket_etl_pipeline.py                           1           0  0.62s           2026-08-27T04:21:17
================================================================================
[2026-08-27T04:21:50.937+0000] {manager.py:738} INFO - Searching for files in /opt/airflow/dags
[2026-08-27T04:21:50.999+0000] {manager.py:741} INFO - There are 1 files in /opt/airflow/dags
[2026-08-27T04:21:53.027+0000] {manager.py:879} INFO - 
================================================================================
DAG File Processing Stats

File Path                                      PID    Runtime      # DAGs    # Errors  Last Runtime    Last Run
---------------------------------------------  -----  ---------  --------  ----------  --------------  -------------------
/opt/airflow/dags/supermarket_etl_pipeline.py                           1           0  0.60s           2026-08-27T04:21:48
================================================================================
[2026-08-27T04:22:23.295+0000] {manager.py:879} INFO - 
================================================================================
DAG File Processing Stats

File Path                                      PID    Runtime      # DAGs    # Errors  Last Runtime    Last Run
---------------------------------------------  -----  ---------  --------  ----------  --------------  -------------------
/opt/airflow/dags/supermarket_etl_pipeline.py                           1           0  0.39s           2026-08-27T04:22:18
================================================================================
[2026-08-27T04:22:53.877+0000] {manager.py:879} INFO - 
================================================================================
DAG File Processing Stats

File Path                                      PID    Runtime      # DAGs    # Errors  Last Runtime    Last Run
---------------------------------------------  -----  ---------  --------  ----------  --------------  -------------------
/opt/airflow/dags/supermarket_etl_pipeline.py                           1           0  0.30s           2026-08-27T04:22:49
================================================================================
[2026-08-27T04:23:24.468+0000] {manager.py:879} INFO - 
================================================================================
DAG File Processing Stats

File Path                                      PID    Runtime      # DAGs    # Errors  Last Runtime    Last Run
---------------------------------------------  -----  ---------  --------  ----------  --------------  -------------------
/opt/airflow/dags/supermarket_etl_pipeline.py                           1           0  0.30s           2026-08-27T04:23:19
================================================================================
[2026-08-27T04:23:55.031+0000] {manager.py:879} INFO - 
================================================================================
DAG File Processing Stats

File Path                                      PID    Runtime      # DAGs    # Errors  Last Runtime    Last Run
---------------------------------------------  -----  ---------  --------  ----------  --------------  -------------------
/opt/airflow/dags/supermarket_etl_pipeline.py                           1           0  0.31s           2026-08-27T04:23:50
================================================================================
[2026-08-27T04:24:25.560+0000] {manager.py:879} INFO - 
================================================================================
DAG File Processing Stats

File Path                                      PID    Runtime      # DAGs    # Errors  Last Runtime    Last Run
---------------------------------------------  -----  ---------  --------  ----------  --------------  -------------------
/opt/airflow/dags/supermarket_etl_pipeline.py                           1           0  0.29s           2026-08-27T04:24:20
================================================================================
[2026-08-27T04:24:56.132+0000] {manager.py:879} INFO - 
================================================================================
DAG File Processing Stats

File Path                                      PID    Runtime      # DAGs    # Errors  Last Runtime    Last Run
---------------------------------------------  -----  ---------  --------  ----------  --------------  -------------------
/opt/airflow/dags/supermarket_etl_pipeline.py                           1           0  0.31s           2026-08-27T04:24:51
================================================================================
[2026-08-27T04:25:26.663+0000] {manager.py:879} INFO - 
================================================================================
DAG File Processing Stats

File Path                                      PID    Runtime      # DAGs    # Errors  Last Runtime    Last Run
---------------------------------------------  -----  ---------  --------  ----------  --------------  -------------------
/opt/airflow/dags/supermarket_etl_pipeline.py                           1           0  0.41s           2026-08-27T04:25:22
================================================================================
[2026-08-27T04:25:56.677+0000] {manager.py:879} INFO - 
================================================================================
DAG File Processing Stats

File Path                                      PID    Runtime      # DAGs    # Errors  Last Runtime    Last Run
---------------------------------------------  -----  ---------  --------  ----------  --------------  -------------------
/opt/airflow/dags/supermarket_etl_pipeline.py                           1           0  0.42s           2026-08-27T04:25:52
================================================================================
[2026-08-27T04:26:26.876+0000] {manager.py:879} INFO - 
================================================================================
DAG File Processing Stats

File Path                                      PID    Runtime      # DAGs    # Errors  Last Runtime    Last Run
---------------------------------------------  -----  ---------  --------  ----------  --------------  -------------------
/opt/airflow/dags/supermarket_etl_pipeline.py                           1           0  0.38s           2026-08-27T04:26:23
================================================================================
[2026-08-27T04:26:51.028+0000] {manager.py:738} INFO - Searching for files in /opt/airflow/dags
[2026-08-27T04:26:51.077+0000] {manager.py:741} INFO - There are 1 files in /opt/airflow/dags
[2026-08-27T04:26:57.449+0000] {manager.py:879} INFO - 
================================================================================
DAG File Processing Stats

File Path                                      PID    Runtime      # DAGs    # Errors  Last Runtime    Last Run
---------------------------------------------  -----  ---------  --------  ----------  --------------  -------------------
/opt/airflow/dags/supermarket_etl_pipeline.py                           1           0  0.33s           2026-08-27T04:26:53
================================================================================
[2026-08-27T04:27:28.010+0000] {manager.py:879} INFO - 
================================================================================
DAG File Processing Stats

File Path                                      PID    Runtime      # DAGs    # Errors  Last Runtime    Last Run
---------------------------------------------  -----  ---------  --------  ----------  --------------  -------------------
/opt/airflow/dags/supermarket_etl_pipeline.py                           1           0  0.30s           2026-08-27T04:27:24
================================================================================
[2026-08-27T04:27:58.518+0000] {manager.py:879} INFO - 
================================================================================
DAG File Processing Stats

File Path                                      PID    Runtime      # DAGs    # Errors  Last Runtime    Last Run
---------------------------------------------  -----  ---------  --------  ----------  --------------  -------------------
/opt/airflow/dags/supermarket_etl_pipeline.py                           1           0  0.38s           2026-08-27T04:27:54
================================================================================
[2026-08-27T04:28:29.122+0000] {manager.py:879} INFO - 
================================================================================
DAG File Processing Stats

File Path                                      PID    Runtime      # DAGs    # Errors  Last Runtime    Last Run
---------------------------------------------  -----  ---------  --------  ----------  --------------  -------------------
/opt/airflow/dags/supermarket_etl_pipeline.py                           1           0  0.28s           2026-08-27T04:28:25
================================================================================
[2026-08-27T04:28:59.601+0000] {manager.py:879} INFO - 
================================================================================
DAG File Processing Stats

File Path                                      PID    Runtime      # DAGs    # Errors  Last Runtime    Last Run
---------------------------------------------  -----  ---------  --------  ----------  --------------  -------------------
/opt/airflow/dags/supermarket_etl_pipeline.py                           1           0  0.34s           2026-08-27T04:28:55
================================================================================
[2026-08-27T04:29:30.125+0000] {manager.py:879} INFO - 
================================================================================
DAG File Processing Stats

File Path                                      PID    Runtime      # DAGs    # Errors  Last Runtime    Last Run
---------------------------------------------  -----  ---------  --------  ----------  --------------  -------------------
/opt/airflow/dags/supermarket_etl_pipeline.py                           1           0  0.31s           2026-08-27T04:29:26
================================================================================
[2026-08-27T04:30:00.644+0000] {manager.py:879} INFO - 
================================================================================
DAG File Processing Stats

File Path                                      PID    Runtime      # DAGs    # Errors  Last Runtime    Last Run
---------------------------------------------  -----  ---------  --------  ----------  --------------  -------------------
/opt/airflow/dags/supermarket_etl_pipeline.py                           1           0  0.33s           2026-08-27T04:29:56
================================================================================
[2026-08-27T04:30:31.178+0000] {manager.py:879} INFO - 
================================================================================
DAG File Processing Stats

File Path                                      PID    Runtime      # DAGs    # Errors  Last Runtime    Last Run
---------------------------------------------  -----  ---------  --------  ----------  --------------  -------------------
/opt/airflow/dags/supermarket_etl_pipeline.py                           1           0  0.30s           2026-08-27T04:30:27
================================================================================
[2026-08-27T04:31:01.709+0000] {manager.py:879} INFO - 
================================================================================
DAG File Processing Stats

File Path                                      PID    Runtime      # DAGs    # Errors  Last Runtime    Last Run
---------------------------------------------  -----  ---------  --------  ----------  --------------  -------------------
/opt/airflow/dags/supermarket_etl_pipeline.py                           1           0  0.33s           2026-08-27T04:30:57
================================================================================
[2026-08-27T04:31:32.302+0000] {manager.py:879} INFO - 
================================================================================
DAG File Processing Stats

File Path                                      PID    Runtime      # DAGs    # Errors  Last Runtime    Last Run
---------------------------------------------  -----  ---------  --------  ----------  --------------  -------------------
/opt/airflow/dags/supermarket_etl_pipeline.py                           1           0  0.32s           2026-08-27T04:31:28
================================================================================
[2026-08-27T04:31:51.442+0000] {manager.py:738} INFO - Searching for files in /opt/airflow/dags
[2026-08-27T04:31:51.527+0000] {manager.py:741} INFO - There are 1 files in /opt/airflow/dags
[2026-08-27T04:32:02.803+0000] {manager.py:879} INFO - 
================================================================================
DAG File Processing Stats

File Path                                      PID    Runtime      # DAGs    # Errors  Last Runtime    Last Run
---------------------------------------------  -----  ---------  --------  ----------  --------------  -------------------
/opt/airflow/dags/supermarket_etl_pipeline.py                           1           0  0.38s           2026-08-27T04:31:58
================================================================================
[2026-08-27T04:32:33.232+0000] {manager.py:879} INFO - 
================================================================================
DAG File Processing Stats

File Path                                      PID    Runtime      # DAGs    # Errors  Last Runtime    Last Run
---------------------------------------------  -----  ---------  --------  ----------  --------------  -------------------
/opt/airflow/dags/supermarket_etl_pipeline.py                           1           0  0.35s           2026-08-27T04:32:29
================================================================================
[2026-08-27T04:33:03.767+0000] {manager.py:879} INFO - 
================================================================================
DAG File Processing Stats

File Path                                      PID    Runtime      # DAGs    # Errors  Last Runtime    Last Run
---------------------------------------------  -----  ---------  --------  ----------  --------------  -------------------
/opt/airflow/dags/supermarket_etl_pipeline.py                           1           0  0.41s           2026-08-27T04:33:00
================================================================================
[2026-08-27T04:33:34.389+0000] {manager.py:879} INFO - 
================================================================================
DAG File Processing Stats

File Path                                      PID    Runtime      # DAGs    # Errors  Last Runtime    Last Run
---------------------------------------------  -----  ---------  --------  ----------  --------------  -------------------
/opt/airflow/dags/supermarket_etl_pipeline.py                           1           0  0.33s           2026-08-27T04:33:30
================================================================================
[2026-08-27T04:34:04.969+0000] {manager.py:879} INFO - 
================================================================================
DAG File Processing Stats

File Path                                      PID    Runtime      # DAGs    # Errors  Last Runtime    Last Run
---------------------------------------------  -----  ---------  --------  ----------  --------------  -------------------
/opt/airflow/dags/supermarket_etl_pipeline.py                           1           0  0.33s           2026-08-27T04:34:01
================================================================================
[2026-08-27T04:34:35.568+0000] {manager.py:879} INFO - 
================================================================================
DAG File Processing Stats

File Path                                      PID    Runtime      # DAGs    # Errors  Last Runtime    Last Run
---------------------------------------------  -----  ---------  --------  ----------  --------------  -------------------
/opt/airflow/dags/supermarket_etl_pipeline.py                           1           0  0.34s           2026-08-27T04:34:31
================================================================================
[2026-08-27T04:35:06.121+0000] {manager.py:879} INFO - 
================================================================================
DAG File Processing Stats

File Path                                      PID    Runtime      # DAGs    # Errors  Last Runtime    Last Run
---------------------------------------------  -----  ---------  --------  ----------  --------------  -------------------
/opt/airflow/dags/supermarket_etl_pipeline.py                           1           0  0.35s           2026-08-27T04:35:02
================================================================================
[2026-08-27T04:35:36.722+0000] {manager.py:879} INFO - 
================================================================================
DAG File Processing Stats

File Path                                      PID    Runtime      # DAGs    # Errors  Last Runtime    Last Run
---------------------------------------------  -----  ---------  --------  ----------  --------------  -------------------
/opt/airflow/dags/supermarket_etl_pipeline.py                           1           0  0.34s           2026-08-27T04:35:33
================================================================================
[2026-08-27T04:36:07.274+0000] {manager.py:879} INFO - 
================================================================================
DAG File Processing Stats

File Path                                      PID    Runtime      # DAGs    # Errors  Last Runtime    Last Run
---------------------------------------------  -----  ---------  --------  ----------  --------------  -------------------
/opt/airflow/dags/supermarket_etl_pipeline.py                           1           0  0.36s           2026-08-27T04:36:03
================================================================================
[2026-08-27T04:36:37.311+0000] {manager.py:879} INFO - 
================================================================================
DAG File Processing Stats

File Path                                      PID    Runtime      # DAGs    # Errors  Last Runtime    Last Run
---------------------------------------------  -----  ---------  --------  ----------  --------------  -------------------
/opt/airflow/dags/supermarket_etl_pipeline.py                           1           0  0.50s           2026-08-27T04:36:34
================================================================================
[2026-08-27T04:36:51.914+0000] {manager.py:738} INFO - Searching for files in /opt/airflow/dags
[2026-08-27T04:36:51.976+0000] {manager.py:741} INFO - There are 1 files in /opt/airflow/dags
[2026-08-27T04:37:07.515+0000] {manager.py:879} INFO - 
================================================================================
DAG File Processing Stats

File Path                                      PID    Runtime      # DAGs    # Errors  Last Runtime    Last Run
---------------------------------------------  -----  ---------  --------  ----------  --------------  -------------------
/opt/airflow/dags/supermarket_etl_pipeline.py                           1           0  0.34s           2026-08-27T04:37:04
================================================================================
[2026-08-27T04:37:38.088+0000] {manager.py:879} INFO - 
================================================================================
DAG File Processing Stats

File Path                                      PID    Runtime      # DAGs    # Errors  Last Runtime    Last Run
---------------------------------------------  -----  ---------  --------  ----------  --------------  -------------------
/opt/airflow/dags/supermarket_etl_pipeline.py                           1           0  0.32s           2026-08-27T04:37:35
================================================================================
[2026-08-27T04:38:08.716+0000] {manager.py:879} INFO - 
================================================================================
DAG File Processing Stats

File Path                                      PID    Runtime      # DAGs    # Errors  Last Runtime    Last Run
---------------------------------------------  -----  ---------  --------  ----------  --------------  -------------------
/opt/airflow/dags/supermarket_etl_pipeline.py                           1           0  0.37s           2026-08-27T04:38:06
================================================================================
[2026-08-27T04:38:39.341+0000] {manager.py:879} INFO - 
================================================================================
DAG File Processing Stats

File Path                                      PID    Runtime      # DAGs    # Errors  Last Runtime    Last Run
---------------------------------------------  -----  ---------  --------  ----------  --------------  -------------------
/opt/airflow/dags/supermarket_etl_pipeline.py                           1           0  0.37s           2026-08-27T04:38:36
================================================================================
[2026-08-27T04:39:09.343+0000] {manager.py:879} INFO - 
================================================================================
DAG File Processing Stats

File Path                                      PID    Runtime      # DAGs    # Errors  Last Runtime    Last Run
---------------------------------------------  -----  ---------  --------  ----------  --------------  -------------------
/opt/airflow/dags/supermarket_etl_pipeline.py                           1           0  0.45s           2026-08-27T04:39:07
================================================================================
[2026-08-27T04:39:39.570+0000] {manager.py:879} INFO - 
================================================================================
DAG File Processing Stats

File Path                                      PID    Runtime      # DAGs    # Errors  Last Runtime    Last Run
---------------------------------------------  -----  ---------  --------  ----------  --------------  -------------------
/opt/airflow/dags/supermarket_etl_pipeline.py                           1           0  0.41s           2026-08-27T04:39:37
================================================================================
[2026-08-27T04:40:10.224+0000] {manager.py:879} INFO - 
================================================================================
DAG File Processing Stats

File Path                                      PID    Runtime      # DAGs    # Errors  Last Runtime    Last Run
---------------------------------------------  -----  ---------  --------  ----------  --------------  -------------------
/opt/airflow/dags/supermarket_etl_pipeline.py                           1           0  0.31s           2026-08-27T04:40:08
================================================================================
[2026-08-27T04:40:40.839+0000] {manager.py:879} INFO - 
================================================================================
DAG File Processing Stats

File Path                                      PID    Runtime      # DAGs    # Errors  Last Runtime    Last Run
---------------------------------------------  -----  ---------  --------  ----------  --------------  -------------------
/opt/airflow/dags/supermarket_etl_pipeline.py                           1           0  0.31s           2026-08-27T04:40:39
================================================================================
[2026-08-27T04:41:11.361+0000] {manager.py:879} INFO - 
================================================================================
DAG File Processing Stats

File Path                                      PID    Runtime      # DAGs    # Errors  Last Runtime    Last Run
---------------------------------------------  -----  ---------  --------  ----------  --------------  -------------------
/opt/airflow/dags/supermarket_etl_pipeline.py                           1           0  0.28s           2026-08-27T04:41:09
================================================================================
[2026-08-27T04:41:41.882+0000] {manager.py:879} INFO - 
================================================================================
DAG File Processing Stats

File Path                                      PID    Runtime      # DAGs    # Errors  Last Runtime    Last Run
---------------------------------------------  -----  ---------  --------  ----------  --------------  -------------------
/opt/airflow/dags/supermarket_etl_pipeline.py                           1           0  0.34s           2026-08-27T04:41:40
================================================================================
[2026-08-27T04:41:51.970+0000] {manager.py:738} INFO - Searching for files in /opt/airflow/dags
[2026-08-27T04:41:52.035+0000] {manager.py:741} INFO - There are 1 files in /opt/airflow/dags
[2026-08-27T04:42:12.468+0000] {manager.py:879} INFO - 
================================================================================
DAG File Processing Stats

File Path                                      PID    Runtime      # DAGs    # Errors  Last Runtime    Last Run
---------------------------------------------  -----  ---------  --------  ----------  --------------  -------------------
/opt/airflow/dags/supermarket_etl_pipeline.py                           1           0  0.32s           2026-08-27T04:42:10
================================================================================
[2026-08-27T04:42:42.805+0000] {manager.py:879} INFO - 
================================================================================
DAG File Processing Stats

File Path                                      PID    Runtime      # DAGs    # Errors  Last Runtime    Last Run
---------------------------------------------  -----  ---------  --------  ----------  --------------  -------------------
/opt/airflow/dags/supermarket_etl_pipeline.py                           1           0  0.36s           2026-08-27T04:42:41
================================================================================
[2026-08-27T04:43:13.360+0000] {manager.py:879} INFO - 
================================================================================
DAG File Processing Stats

File Path                                      PID    Runtime      # DAGs    # Errors  Last Runtime    Last Run
---------------------------------------------  -----  ---------  --------  ----------  --------------  -------------------
/opt/airflow/dags/supermarket_etl_pipeline.py                           1           0  0.31s           2026-08-27T04:43:11
================================================================================
[2026-08-27T04:43:43.917+0000] {manager.py:879} INFO - 
================================================================================
DAG File Processing Stats

File Path                                      PID    Runtime      # DAGs    # Errors  Last Runtime    Last Run
---------------------------------------------  -----  ---------  --------  ----------  --------------  -------------------
/opt/airflow/dags/supermarket_etl_pipeline.py                           1           0  0.33s           2026-08-27T04:43:42
================================================================================
[2026-08-27T04:44:14.455+0000] {manager.py:879} INFO - 
================================================================================
DAG File Processing Stats

File Path                                      PID    Runtime      # DAGs    # Errors  Last Runtime    Last Run
---------------------------------------------  -----  ---------  --------  ----------  --------------  -------------------
/opt/airflow/dags/supermarket_etl_pipeline.py                           1           0  0.30s           2026-08-27T04:44:12
================================================================================
[2026-08-27T04:44:44.961+0000] {manager.py:879} INFO - 
================================================================================
DAG File Processing Stats

File Path                                      PID    Runtime      # DAGs    # Errors  Last Runtime    Last Run
---------------------------------------------  -----  ---------  --------  ----------  --------------  -------------------
/opt/airflow/dags/supermarket_etl_pipeline.py                           1           0  0.35s           2026-08-27T04:44:43
================================================================================
[2026-08-27T04:45:15.574+0000] {manager.py:879} INFO - 
================================================================================
DAG File Processing Stats

File Path                                      PID    Runtime      # DAGs    # Errors  Last Runtime    Last Run
---------------------------------------------  -----  ---------  --------  ----------  --------------  -------------------
/opt/airflow/dags/supermarket_etl_pipeline.py                           1           0  0.35s           2026-08-27T04:45:13
================================================================================
[2026-08-27T04:45:46.218+0000] {manager.py:879} INFO - 
================================================================================
DAG File Processing Stats

File Path                                      PID    Runtime      # DAGs    # Errors  Last Runtime    Last Run
---------------------------------------------  -----  ---------  --------  ----------  --------------  -------------------
/opt/airflow/dags/supermarket_etl_pipeline.py                           1           0  0.31s           2026-08-27T04:45:44
================================================================================
[2026-08-27T04:46:16.814+0000] {manager.py:879} INFO - 
================================================================================
DAG File Processing Stats

File Path                                      PID    Runtime      # DAGs    # Errors  Last Runtime    Last Run
---------------------------------------------  -----  ---------  --------  ----------  --------------  -------------------
/opt/airflow/dags/supermarket_etl_pipeline.py                           1           0  0.35s           2026-08-27T04:46:15
================================================================================
[2026-08-27T04:46:47.459+0000] {manager.py:879} INFO - 
================================================================================
DAG File Processing Stats

File Path                                      PID    Runtime      # DAGs    # Errors  Last Runtime    Last Run
---------------------------------------------  -----  ---------  --------  ----------  --------------  -------------------
/opt/airflow/dags/supermarket_etl_pipeline.py                           1           0  0.32s           2026-08-27T04:46:45
================================================================================
[2026-08-27T04:46:52.506+0000] {manager.py:738} INFO - Searching for files in /opt/airflow/dags
[2026-08-27T04:46:52.579+0000] {manager.py:741} INFO - There are 1 files in /opt/airflow/dags
[2026-08-27T04:47:18.012+0000] {manager.py:879} INFO - 
================================================================================
DAG File Processing Stats

File Path                                      PID    Runtime      # DAGs    # Errors  Last Runtime    Last Run
---------------------------------------------  -----  ---------  --------  ----------  --------------  -------------------
/opt/airflow/dags/supermarket_etl_pipeline.py                           1           0  0.41s           2026-08-27T04:47:16
================================================================================
[2026-08-27T04:47:48.429+0000] {manager.py:879} INFO - 
================================================================================
DAG File Processing Stats

File Path                                      PID    Runtime      # DAGs    # Errors  Last Runtime    Last Run
---------------------------------------------  -----  ---------  --------  ----------  --------------  -------------------
/opt/airflow/dags/supermarket_etl_pipeline.py                           1           0  0.34s           2026-08-27T04:47:46
================================================================================
[2026-08-27T04:48:18.781+0000] {manager.py:879} INFO - 
================================================================================
DAG File Processing Stats

File Path                                      PID    Runtime      # DAGs    # Errors  Last Runtime    Last Run
---------------------------------------------  -----  ---------  --------  ----------  --------------  -------------------
/opt/airflow/dags/supermarket_etl_pipeline.py                           1           0  0.44s           2026-08-27T04:48:17
================================================================================
[2026-08-27T04:48:49.287+0000] {manager.py:879} INFO - 
================================================================================
DAG File Processing Stats

File Path                                      PID    Runtime      # DAGs    # Errors  Last Runtime    Last Run
---------------------------------------------  -----  ---------  --------  ----------  --------------  -------------------
/opt/airflow/dags/supermarket_etl_pipeline.py                           1           0  0.29s           2026-08-27T04:48:47
================================================================================
[2026-08-27T04:49:19.791+0000] {manager.py:879} INFO - 
================================================================================
DAG File Processing Stats

File Path                                      PID    Runtime      # DAGs    # Errors  Last Runtime    Last Run
---------------------------------------------  -----  ---------  --------  ----------  --------------  -------------------
/opt/airflow/dags/supermarket_etl_pipeline.py                           1           0  0.35s           2026-08-27T04:49:18
================================================================================
[2026-08-27T04:49:50.355+0000] {manager.py:879} INFO - 
================================================================================
DAG File Processing Stats

File Path                                      PID    Runtime      # DAGs    # Errors  Last Runtime    Last Run
---------------------------------------------  -----  ---------  --------  ----------  --------------  -------------------
/opt/airflow/dags/supermarket_etl_pipeline.py                           1           0  0.33s           2026-08-27T04:49:48
================================================================================
[2026-08-27T04:50:20.927+0000] {manager.py:879} INFO - 
================================================================================
DAG File Processing Stats

File Path                                      PID    Runtime      # DAGs    # Errors  Last Runtime    Last Run
---------------------------------------------  -----  ---------  --------  ----------  --------------  -------------------
/opt/airflow/dags/supermarket_etl_pipeline.py                           1           0  0.31s           2026-08-27T04:50:19
================================================================================
[2026-08-27T04:50:51.478+0000] {manager.py:879} INFO - 
================================================================================
DAG File Processing Stats

File Path                                      PID    Runtime      # DAGs    # Errors  Last Runtime    Last Run
---------------------------------------------  -----  ---------  --------  ----------  --------------  -------------------
/opt/airflow/dags/supermarket_etl_pipeline.py                           1           0  0.32s           2026-08-27T04:50:49
================================================================================
[2026-08-27T04:51:22.062+0000] {manager.py:879} INFO - 
================================================================================
DAG File Processing Stats

File Path                                      PID    Runtime      # DAGs    # Errors  Last Runtime    Last Run
---------------------------------------------  -----  ---------  --------  ----------  --------------  -------------------
/opt/airflow/dags/supermarket_etl_pipeline.py                           1           0  0.33s           2026-08-27T04:51:20
================================================================================
[2026-08-27T04:51:52.113+0000] {manager.py:879} INFO - 
================================================================================
DAG File Processing Stats

File Path                                      PID    Runtime      # DAGs    # Errors  Last Runtime    Last Run
---------------------------------------------  -----  ---------  --------  ----------  --------------  -------------------
/opt/airflow/dags/supermarket_etl_pipeline.py                           1           0  0.44s           2026-08-27T04:51:51
================================================================================
[2026-08-27T04:51:52.667+0000] {manager.py:738} INFO - Searching for files in /opt/airflow/dags
[2026-08-27T04:51:52.711+0000] {manager.py:741} INFO - There are 1 files in /opt/airflow/dags
[2026-08-27T04:52:22.390+0000] {manager.py:879} INFO - 
================================================================================
DAG File Processing Stats

File Path                                      PID    Runtime      # DAGs    # Errors  Last Runtime    Last Run
---------------------------------------------  -----  ---------  --------  ----------  --------------  -------------------
/opt/airflow/dags/supermarket_etl_pipeline.py                           1           0  0.31s           2026-08-27T04:52:21
================================================================================
[2026-08-27T04:52:52.570+0000] {manager.py:879} INFO - 
================================================================================
DAG File Processing Stats

File Path                                      PID    Runtime      # DAGs    # Errors  Last Runtime    Last Run
---------------------------------------------  -----  ---------  --------  ----------  --------------  -------------------
/opt/airflow/dags/supermarket_etl_pipeline.py                           1           0  0.64s           2026-08-27T04:52:52
================================================================================
[2026-08-27T04:53:22.847+0000] {manager.py:879} INFO - 
================================================================================
DAG File Processing Stats

File Path                                        PID  Runtime      # DAGs    # Errors  Last Runtime    Last Run
---------------------------------------------  -----  ---------  --------  ----------  --------------  -------------------
/opt/airflow/dags/supermarket_etl_pipeline.py   2571  0.01s             1           0  0.64s           2026-08-27T04:52:52
================================================================================
[2026-08-27T04:53:53.119+0000] {manager.py:879} INFO - 
================================================================================
DAG File Processing Stats

File Path                                      PID    Runtime      # DAGs    # Errors  Last Runtime    Last Run
---------------------------------------------  -----  ---------  --------  ----------  --------------  -------------------
/opt/airflow/dags/supermarket_etl_pipeline.py                           1           0  0.33s           2026-08-27T04:53:23
================================================================================
[2026-08-27T04:54:23.702+0000] {manager.py:879} INFO - 
================================================================================
DAG File Processing Stats

File Path                                      PID    Runtime      # DAGs    # Errors  Last Runtime    Last Run
---------------------------------------------  -----  ---------  --------  ----------  --------------  -------------------
/opt/airflow/dags/supermarket_etl_pipeline.py                           1           0  0.38s           2026-08-27T04:53:53
================================================================================
[2026-08-27T04:54:53.734+0000] {manager.py:879} INFO - 
================================================================================
DAG File Processing Stats

File Path                                      PID    Runtime      # DAGs    # Errors  Last Runtime    Last Run
---------------------------------------------  -----  ---------  --------  ----------  --------------  -------------------
/opt/airflow/dags/supermarket_etl_pipeline.py                           1           0  0.35s           2026-08-27T04:54:24
================================================================================
[2026-08-27T04:55:24.058+0000] {manager.py:879} INFO - 
================================================================================
DAG File Processing Stats

File Path                                      PID    Runtime      # DAGs    # Errors  Last Runtime    Last Run
---------------------------------------------  -----  ---------  --------  ----------  --------------  -------------------
/opt/airflow/dags/supermarket_etl_pipeline.py                           1           0  0.33s           2026-08-27T04:54:55
================================================================================
[2026-08-27T04:55:54.704+0000] {manager.py:879} INFO - 
================================================================================
DAG File Processing Stats

File Path                                      PID    Runtime      # DAGs    # Errors  Last Runtime    Last Run
---------------------------------------------  -----  ---------  --------  ----------  --------------  -------------------
/opt/airflow/dags/supermarket_etl_pipeline.py                           1           0  0.32s           2026-08-27T04:55:25
================================================================================
[2026-08-27T04:56:25.315+0000] {manager.py:879} INFO - 
================================================================================
DAG File Processing Stats

File Path                                      PID    Runtime      # DAGs    # Errors  Last Runtime    Last Run
---------------------------------------------  -----  ---------  --------  ----------  --------------  -------------------
/opt/airflow/dags/supermarket_etl_pipeline.py                           1           0  0.32s           2026-08-27T04:55:56
================================================================================
[2026-08-27T04:56:52.870+0000] {manager.py:738} INFO - Searching for files in /opt/airflow/dags
[2026-08-27T04:56:52.948+0000] {manager.py:741} INFO - There are 1 files in /opt/airflow/dags
[2026-08-27T04:56:55.984+0000] {manager.py:879} INFO - 
================================================================================
DAG File Processing Stats

File Path                                      PID    Runtime      # DAGs    # Errors  Last Runtime    Last Run
---------------------------------------------  -----  ---------  --------  ----------  --------------  -------------------
/opt/airflow/dags/supermarket_etl_pipeline.py                           1           0  0.35s           2026-08-27T04:56:27
================================================================================
[2026-08-27T04:57:26.520+0000] {manager.py:879} INFO - 
================================================================================
DAG File Processing Stats

File Path                                      PID    Runtime      # DAGs    # Errors  Last Runtime    Last Run
---------------------------------------------  -----  ---------  --------  ----------  --------------  -------------------
/opt/airflow/dags/supermarket_etl_pipeline.py                           1           0  0.32s           2026-08-27T04:56:57
================================================================================
[2026-08-27T04:57:57.058+0000] {manager.py:879} INFO - 
================================================================================
DAG File Processing Stats

File Path                                      PID    Runtime      # DAGs    # Errors  Last Runtime    Last Run
---------------------------------------------  -----  ---------  --------  ----------  --------------  -------------------
/opt/airflow/dags/supermarket_etl_pipeline.py                           1           0  0.42s           2026-08-27T04:57:28
================================================================================
[2026-08-27T04:58:27.336+0000] {manager.py:879} INFO - 
================================================================================
DAG File Processing Stats

File Path                                      PID    Runtime      # DAGs    # Errors  Last Runtime    Last Run
---------------------------------------------  -----  ---------  --------  ----------  --------------  -------------------
/opt/airflow/dags/supermarket_etl_pipeline.py                           1           0  0.61s           2026-08-27T04:57:59
================================================================================
[2026-08-27T04:58:57.706+0000] {manager.py:879} INFO - 
================================================================================
DAG File Processing Stats

File Path                                      PID    Runtime      # DAGs    # Errors  Last Runtime    Last Run
---------------------------------------------  -----  ---------  --------  ----------  --------------  -------------------
/opt/airflow/dags/supermarket_etl_pipeline.py                           1           0  0.38s           2026-08-27T04:58:29
================================================================================
[2026-08-27T04:59:28.324+0000] {manager.py:879} INFO - 
================================================================================
DAG File Processing Stats

File Path                                      PID    Runtime      # DAGs    # Errors  Last Runtime    Last Run
---------------------------------------------  -----  ---------  --------  ----------  --------------  -------------------
/opt/airflow/dags/supermarket_etl_pipeline.py                           1           0  0.37s           2026-08-27T04:59:00
================================================================================
[2026-08-27T04:59:58.998+0000] {manager.py:879} INFO - 
================================================================================
DAG File Processing Stats

File Path                                      PID    Runtime      # DAGs    # Errors  Last Runtime    Last Run
---------------------------------------------  -----  ---------  --------  ----------  --------------  -------------------
/opt/airflow/dags/supermarket_etl_pipeline.py                           1           0  0.33s           2026-08-27T04:59:31
================================================================================
[2026-08-27T05:00:29.619+0000] {manager.py:879} INFO - 
================================================================================
DAG File Processing Stats

File Path                                      PID    Runtime      # DAGs    # Errors  Last Runtime    Last Run
---------------------------------------------  -----  ---------  --------  ----------  --------------  -------------------
/opt/airflow/dags/supermarket_etl_pipeline.py                           1           0  0.34s           2026-08-27T05:00:01
================================================================================
[2026-08-27T05:00:59.713+0000] {manager.py:879} INFO - 
================================================================================
DAG File Processing Stats

File Path                                      PID    Runtime      # DAGs    # Errors  Last Runtime    Last Run
---------------------------------------------  -----  ---------  --------  ----------  --------------  -------------------
/opt/airflow/dags/supermarket_etl_pipeline.py                           1           0  0.52s           2026-08-27T05:00:32
================================================================================
[2026-08-27T05:01:30.460+0000] {manager.py:879} INFO - 
================================================================================
DAG File Processing Stats

File Path                                      PID    Runtime      # DAGs    # Errors  Last Runtime    Last Run
---------------------------------------------  -----  ---------  --------  ----------  --------------  -------------------
/opt/airflow/dags/supermarket_etl_pipeline.py                           1           0  0.60s           2026-08-27T05:01:03
================================================================================
[2026-08-27T05:01:53.195+0000] {manager.py:738} INFO - Searching for files in /opt/airflow/dags
[2026-08-27T05:01:53.286+0000] {manager.py:741} INFO - There are 1 files in /opt/airflow/dags
[2026-08-27T05:02:00.767+0000] {manager.py:879} INFO - 
================================================================================
DAG File Processing Stats

File Path                                      PID    Runtime      # DAGs    # Errors  Last Runtime    Last Run
---------------------------------------------  -----  ---------  --------  ----------  --------------  -------------------
/opt/airflow/dags/supermarket_etl_pipeline.py                           1           0  0.53s           2026-08-27T05:01:34
================================================================================
[2026-08-27T05:02:30.964+0000] {manager.py:879} INFO - 
================================================================================
DAG File Processing Stats

File Path                                      PID    Runtime      # DAGs    # Errors  Last Runtime    Last Run
---------------------------------------------  -----  ---------  --------  ----------  --------------  -------------------
/opt/airflow/dags/supermarket_etl_pipeline.py                           1           0  0.32s           2026-08-27T05:02:04
================================================================================
[2026-08-27T05:03:01.254+0000] {manager.py:879} INFO - 
================================================================================
DAG File Processing Stats

File Path                                      PID    Runtime      # DAGs    # Errors  Last Runtime    Last Run
---------------------------------------------  -----  ---------  --------  ----------  --------------  -------------------
/opt/airflow/dags/supermarket_etl_pipeline.py                           1           0  0.33s           2026-08-27T05:02:35
================================================================================
[2026-08-27T05:03:31.893+0000] {manager.py:879} INFO - 
================================================================================
DAG File Processing Stats

File Path                                      PID    Runtime      # DAGs    # Errors  Last Runtime    Last Run
---------------------------------------------  -----  ---------  --------  ----------  --------------  -------------------
/opt/airflow/dags/supermarket_etl_pipeline.py                           1           0  0.34s           2026-08-27T05:03:05
================================================================================
[2026-08-27T05:04:02.518+0000] {manager.py:879} INFO - 
================================================================================
DAG File Processing Stats

File Path                                      PID    Runtime      # DAGs    # Errors  Last Runtime    Last Run
---------------------------------------------  -----  ---------  --------  ----------  --------------  -------------------
/opt/airflow/dags/supermarket_etl_pipeline.py                           1           0  0.36s           2026-08-27T05:03:36
================================================================================
[2026-08-27T05:04:33.108+0000] {manager.py:879} INFO - 
================================================================================
DAG File Processing Stats

File Path                                      PID    Runtime      # DAGs    # Errors  Last Runtime    Last Run
---------------------------------------------  -----  ---------  --------  ----------  --------------  -------------------
/opt/airflow/dags/supermarket_etl_pipeline.py                           1           0  0.40s           2026-08-27T05:04:07
================================================================================
[2026-08-27T05:05:03.109+0000] {manager.py:879} INFO - 
================================================================================
DAG File Processing Stats

File Path                                      PID    Runtime      # DAGs    # Errors  Last Runtime    Last Run
---------------------------------------------  -----  ---------  --------  ----------  --------------  -------------------
/opt/airflow/dags/supermarket_etl_pipeline.py                           1           0  0.34s           2026-08-27T05:04:37
================================================================================
[2026-08-27T05:05:33.394+0000] {manager.py:879} INFO - 
================================================================================
DAG File Processing Stats

File Path                                      PID    Runtime      # DAGs    # Errors  Last Runtime    Last Run
---------------------------------------------  -----  ---------  --------  ----------  --------------  -------------------
/opt/airflow/dags/supermarket_etl_pipeline.py                           1           0  0.34s           2026-08-27T05:05:08
================================================================================
[2026-08-27T05:06:03.449+0000] {manager.py:879} INFO - 
================================================================================
DAG File Processing Stats

File Path                                      PID    Runtime      # DAGs    # Errors  Last Runtime    Last Run
---------------------------------------------  -----  ---------  --------  ----------  --------------  -------------------
/opt/airflow/dags/supermarket_etl_pipeline.py                           1           0  0.39s           2026-08-27T05:05:39
================================================================================
[2026-08-27T05:06:33.774+0000] {manager.py:879} INFO - 
================================================================================
DAG File Processing Stats

File Path                                      PID    Runtime      # DAGs    # Errors  Last Runtime    Last Run
---------------------------------------------  -----  ---------  --------  ----------  --------------  -------------------
/opt/airflow/dags/supermarket_etl_pipeline.py                           1           0  0.30s           2026-08-27T05:06:09
================================================================================
[2026-08-27T05:06:53.202+0000] {manager.py:738} INFO - Searching for files in /opt/airflow/dags
[2026-08-27T05:06:53.280+0000] {manager.py:741} INFO - There are 1 files in /opt/airflow/dags
[2026-08-27T05:07:04.402+0000] {manager.py:879} INFO - 
================================================================================
DAG File Processing Stats

File Path                                      PID    Runtime      # DAGs    # Errors  Last Runtime    Last Run
---------------------------------------------  -----  ---------  --------  ----------  --------------  -------------------
/opt/airflow/dags/supermarket_etl_pipeline.py                           1           0  0.34s           2026-08-27T05:06:40
================================================================================
[2026-08-27T05:07:34.733+0000] {manager.py:879} INFO - 
================================================================================
DAG File Processing Stats

File Path                                      PID    Runtime      # DAGs    # Errors  Last Runtime    Last Run
---------------------------------------------  -----  ---------  --------  ----------  --------------  -------------------
/opt/airflow/dags/supermarket_etl_pipeline.py                           1           0  0.40s           2026-08-27T05:07:10
================================================================================
[2026-08-27T05:08:05.368+0000] {manager.py:879} INFO - 
================================================================================
DAG File Processing Stats

File Path                                      PID    Runtime      # DAGs    # Errors  Last Runtime    Last Run
---------------------------------------------  -----  ---------  --------  ----------  --------------  -------------------
/opt/airflow/dags/supermarket_etl_pipeline.py                           1           0  0.36s           2026-08-27T05:07:41
================================================================================
[2026-08-27T05:08:35.374+0000] {manager.py:879} INFO - 
================================================================================
DAG File Processing Stats

File Path                                      PID    Runtime      # DAGs    # Errors  Last Runtime    Last Run
---------------------------------------------  -----  ---------  --------  ----------  --------------  -------------------
/opt/airflow/dags/supermarket_etl_pipeline.py                           1           0  0.40s           2026-08-27T05:08:12
================================================================================
[2026-08-27T05:09:05.723+0000] {manager.py:879} INFO - 
================================================================================
DAG File Processing Stats

File Path                                      PID    Runtime      # DAGs    # Errors  Last Runtime    Last Run
---------------------------------------------  -----  ---------  --------  ----------  --------------  -------------------
/opt/airflow/dags/supermarket_etl_pipeline.py                           1           0  0.33s           2026-08-27T05:08:42
================================================================================
[2026-08-27T05:09:36.360+0000] {manager.py:879} INFO - 
================================================================================
DAG File Processing Stats

File Path                                      PID    Runtime      # DAGs    # Errors  Last Runtime    Last Run
---------------------------------------------  -----  ---------  --------  ----------  --------------  -------------------
/opt/airflow/dags/supermarket_etl_pipeline.py                           1           0  0.40s           2026-08-27T05:09:13
================================================================================
[2026-08-27T05:10:06.739+0000] {manager.py:879} INFO - 
================================================================================
DAG File Processing Stats

File Path                                      PID    Runtime      # DAGs    # Errors  Last Runtime    Last Run
---------------------------------------------  -----  ---------  --------  ----------  --------------  -------------------
/opt/airflow/dags/supermarket_etl_pipeline.py                           1           0  0.31s           2026-08-27T05:09:43
================================================================================
[2026-08-27T05:10:37.340+0000] {manager.py:879} INFO - 
================================================================================
DAG File Processing Stats

File Path                                      PID    Runtime      # DAGs    # Errors  Last Runtime    Last Run
---------------------------------------------  -----  ---------  --------  ----------  --------------  -------------------
/opt/airflow/dags/supermarket_etl_pipeline.py                           1           0  0.40s           2026-08-27T05:10:14
================================================================================
[2026-08-27T05:11:07.823+0000] {manager.py:879} INFO - 
================================================================================
DAG File Processing Stats

File Path                                      PID    Runtime      # DAGs    # Errors  Last Runtime    Last Run
---------------------------------------------  -----  ---------  --------  ----------  --------------  -------------------
/opt/airflow/dags/supermarket_etl_pipeline.py                           1           0  0.35s           2026-08-27T05:10:44
================================================================================
[2026-08-27T05:11:38.301+0000] {manager.py:879} INFO - 
================================================================================
DAG File Processing Stats

File Path                                      PID    Runtime      # DAGs    # Errors  Last Runtime    Last Run
---------------------------------------------  -----  ---------  --------  ----------  --------------  -------------------
/opt/airflow/dags/supermarket_etl_pipeline.py                           1           0  0.33s           2026-08-27T05:11:15
================================================================================
[2026-08-27T05:11:53.686+0000] {manager.py:738} INFO - Searching for files in /opt/airflow/dags
[2026-08-27T05:11:53.783+0000] {manager.py:741} INFO - There are 1 files in /opt/airflow/dags
[2026-08-27T05:12:08.969+0000] {manager.py:879} INFO - 
================================================================================
DAG File Processing Stats

File Path                                      PID    Runtime      # DAGs    # Errors  Last Runtime    Last Run
---------------------------------------------  -----  ---------  --------  ----------  --------------  -------------------
/opt/airflow/dags/supermarket_etl_pipeline.py                           1           0  0.43s           2026-08-27T05:11:45
================================================================================
[2026-08-27T05:12:39.303+0000] {manager.py:879} INFO - 
================================================================================
DAG File Processing Stats

File Path                                      PID    Runtime      # DAGs    # Errors  Last Runtime    Last Run
---------------------------------------------  -----  ---------  --------  ----------  --------------  -------------------
/opt/airflow/dags/supermarket_etl_pipeline.py                           1           0  0.42s           2026-08-27T05:12:16
================================================================================
[2026-08-27T06:00:54.398+0000] {manager.py:738} INFO - Searching for files in /opt/airflow/dags
[2026-08-27T06:00:56.260+0000] {manager.py:741} INFO - There are 1 files in /opt/airflow/dags
[2026-08-27T06:00:56.725+0000] {manager.py:879} INFO - 
================================================================================
DAG File Processing Stats

File Path                                        PID  Runtime      # DAGs    # Errors  Last Runtime    Last Run
---------------------------------------------  -----  ---------  --------  ----------  --------------  -------------------
/opt/airflow/dags/supermarket_etl_pipeline.py   2807  0.07s             1           0  0.36s           2026-08-27T05:12:47
================================================================================
[2026-08-27T06:01:27.129+0000] {manager.py:879} INFO - 
================================================================================
DAG File Processing Stats

File Path                                      PID    Runtime      # DAGs    # Errors  Last Runtime    Last Run
---------------------------------------------  -----  ---------  --------  ----------  --------------  -------------------
/opt/airflow/dags/supermarket_etl_pipeline.py                           1           0  2.60s           2026-08-27T06:00:59
================================================================================
[2026-08-27T06:01:57.207+0000] {manager.py:879} INFO - 
================================================================================
DAG File Processing Stats

File Path                                      PID    Runtime      # DAGs    # Errors  Last Runtime    Last Run
---------------------------------------------  -----  ---------  --------  ----------  --------------  -------------------
/opt/airflow/dags/supermarket_etl_pipeline.py                           1           0  0.38s           2026-08-27T06:01:29
================================================================================
[2026-08-27T06:02:27.471+0000] {manager.py:879} INFO - 
================================================================================
DAG File Processing Stats

File Path                                      PID    Runtime      # DAGs    # Errors  Last Runtime    Last Run
---------------------------------------------  -----  ---------  --------  ----------  --------------  -------------------
/opt/airflow/dags/supermarket_etl_pipeline.py                           1           0  0.57s           2026-08-27T06:02:00
================================================================================
[2026-08-27T06:02:57.760+0000] {manager.py:879} INFO - 
================================================================================
DAG File Processing Stats

File Path                                      PID    Runtime      # DAGs    # Errors  Last Runtime    Last Run
---------------------------------------------  -----  ---------  --------  ----------  --------------  -------------------
/opt/airflow/dags/supermarket_etl_pipeline.py                           1           0  1.01s           2026-08-27T06:02:32
================================================================================
[2026-08-27T06:03:28.020+0000] {manager.py:879} INFO - 
================================================================================
DAG File Processing Stats

File Path                                      PID    Runtime      # DAGs    # Errors  Last Runtime    Last Run
---------------------------------------------  -----  ---------  --------  ----------  --------------  -------------------
/opt/airflow/dags/supermarket_etl_pipeline.py                           1           0  0.37s           2026-08-27T06:03:02
================================================================================
[2026-08-27T06:03:58.268+0000] {manager.py:879} INFO - 
================================================================================
DAG File Processing Stats

File Path                                      PID    Runtime      # DAGs    # Errors  Last Runtime    Last Run
---------------------------------------------  -----  ---------  --------  ----------  --------------  -------------------
/opt/airflow/dags/supermarket_etl_pipeline.py                           1           0  0.44s           2026-08-27T06:03:33
================================================================================
[2026-08-27T06:04:28.533+0000] {manager.py:879} INFO - 
================================================================================
DAG File Processing Stats

File Path                                      PID    Runtime      # DAGs    # Errors  Last Runtime    Last Run
---------------------------------------------  -----  ---------  --------  ----------  --------------  -------------------
/opt/airflow/dags/supermarket_etl_pipeline.py                           1           0  0.89s           2026-08-27T06:04:04
================================================================================
[2026-08-27T06:04:58.551+0000] {manager.py:879} INFO - 
================================================================================
DAG File Processing Stats

File Path                                      PID    Runtime      # DAGs    # Errors  Last Runtime    Last Run
---------------------------------------------  -----  ---------  --------  ----------  --------------  -------------------
/opt/airflow/dags/supermarket_etl_pipeline.py                           1           0  0.32s           2026-08-27T06:04:35
================================================================================
[2026-08-27T06:05:28.885+0000] {manager.py:879} INFO - 
================================================================================
DAG File Processing Stats

File Path                                      PID    Runtime      # DAGs    # Errors  Last Runtime    Last Run
---------------------------------------------  -----  ---------  --------  ----------  --------------  -------------------
/opt/airflow/dags/supermarket_etl_pipeline.py                           1           0  0.32s           2026-08-27T06:05:05
================================================================================
[2026-08-27T06:05:54.435+0000] {manager.py:738} INFO - Searching for files in /opt/airflow/dags
[2026-08-27T06:05:54.530+0000] {manager.py:741} INFO - There are 1 files in /opt/airflow/dags
[2026-08-27T06:05:59.586+0000] {manager.py:879} INFO - 
================================================================================
DAG File Processing Stats

File Path                                      PID    Runtime      # DAGs    # Errors  Last Runtime    Last Run
---------------------------------------------  -----  ---------  --------  ----------  --------------  -------------------
/opt/airflow/dags/supermarket_etl_pipeline.py                           1           0  0.33s           2026-08-27T06:05:36
================================================================================
[2026-08-27T06:06:30.112+0000] {manager.py:879} INFO - 
================================================================================
DAG File Processing Stats

File Path                                      PID    Runtime      # DAGs    # Errors  Last Runtime    Last Run
---------------------------------------------  -----  ---------  --------  ----------  --------------  -------------------
/opt/airflow/dags/supermarket_etl_pipeline.py                           1           0  0.31s           2026-08-27T06:06:06
================================================================================
[2026-08-27T06:07:00.445+0000] {manager.py:879} INFO - 
================================================================================
DAG File Processing Stats

File Path                                      PID    Runtime      # DAGs    # Errors  Last Runtime    Last Run
---------------------------------------------  -----  ---------  --------  ----------  --------------  -------------------
/opt/airflow/dags/supermarket_etl_pipeline.py                           1           0  0.32s           2026-08-27T06:06:37
================================================================================
[2026-08-27T06:07:31.075+0000] {manager.py:879} INFO - 
================================================================================
DAG File Processing Stats

File Path                                      PID    Runtime      # DAGs    # Errors  Last Runtime    Last Run
---------------------------------------------  -----  ---------  --------  ----------  --------------  -------------------
/opt/airflow/dags/supermarket_etl_pipeline.py                           1           0  0.35s           2026-08-27T06:07:08
================================================================================
[2026-08-27T06:08:01.639+0000] {manager.py:879} INFO - 
================================================================================
DAG File Processing Stats

File Path                                      PID    Runtime      # DAGs    # Errors  Last Runtime    Last Run
---------------------------------------------  -----  ---------  --------  ----------  --------------  -------------------
/opt/airflow/dags/supermarket_etl_pipeline.py                           1           0  0.33s           2026-08-27T06:07:38
================================================================================
[2026-08-27T06:08:32.332+0000] {manager.py:879} INFO - 
================================================================================
DAG File Processing Stats

File Path                                      PID    Runtime      # DAGs    # Errors  Last Runtime    Last Run
---------------------------------------------  -----  ---------  --------  ----------  --------------  -------------------
/opt/airflow/dags/supermarket_etl_pipeline.py                           1           0  0.33s           2026-08-27T06:08:09
================================================================================
[2026-08-27T06:09:02.360+0000] {manager.py:879} INFO - 
================================================================================
DAG File Processing Stats

File Path                                      PID    Runtime      # DAGs    # Errors  Last Runtime    Last Run
---------------------------------------------  -----  ---------  --------  ----------  --------------  -------------------
/opt/airflow/dags/supermarket_etl_pipeline.py                           1           0  0.42s           2026-08-27T06:08:40
================================================================================
[2026-08-27T06:09:32.689+0000] {manager.py:879} INFO - 
================================================================================
DAG File Processing Stats

File Path                                      PID    Runtime      # DAGs    # Errors  Last Runtime    Last Run
---------------------------------------------  -----  ---------  --------  ----------  --------------  -------------------
/opt/airflow/dags/supermarket_etl_pipeline.py                           1           0  0.32s           2026-08-27T06:09:10
================================================================================
[2026-08-27T06:10:03.287+0000] {manager.py:879} INFO - 
================================================================================
DAG File Processing Stats

File Path                                      PID    Runtime      # DAGs    # Errors  Last Runtime    Last Run
---------------------------------------------  -----  ---------  --------  ----------  --------------  -------------------
/opt/airflow/dags/supermarket_etl_pipeline.py                           1           0  0.33s           2026-08-27T06:09:41
================================================================================
[2026-08-27T06:10:33.625+0000] {manager.py:879} INFO - 
================================================================================
DAG File Processing Stats

File Path                                      PID    Runtime      # DAGs    # Errors  Last Runtime    Last Run
---------------------------------------------  -----  ---------  --------  ----------  --------------  -------------------
/opt/airflow/dags/supermarket_etl_pipeline.py                           1           0  0.31s           2026-08-27T06:10:11
================================================================================
[2026-08-27T06:10:55.149+0000] {manager.py:738} INFO - Searching for files in /opt/airflow/dags
[2026-08-27T06:10:55.218+0000] {manager.py:741} INFO - There are 1 files in /opt/airflow/dags
[2026-08-27T06:11:04.324+0000] {manager.py:879} INFO - 
================================================================================
DAG File Processing Stats

File Path                                      PID    Runtime      # DAGs    # Errors  Last Runtime    Last Run
---------------------------------------------  -----  ---------  --------  ----------  --------------  -------------------
/opt/airflow/dags/supermarket_etl_pipeline.py                           1           0  0.47s           2026-08-27T06:10:42
================================================================================
[2026-08-27T06:11:34.698+0000] {manager.py:879} INFO - 
================================================================================
DAG File Processing Stats

File Path                                      PID    Runtime      # DAGs    # Errors  Last Runtime    Last Run
---------------------------------------------  -----  ---------  --------  ----------  --------------  -------------------
/opt/airflow/dags/supermarket_etl_pipeline.py                           1           0  0.34s           2026-08-27T06:11:12
================================================================================
[2026-08-27T06:12:05.286+0000] {manager.py:879} INFO - 
================================================================================
DAG File Processing Stats

File Path                                      PID    Runtime      # DAGs    # Errors  Last Runtime    Last Run
---------------------------------------------  -----  ---------  --------  ----------  --------------  -------------------
/opt/airflow/dags/supermarket_etl_pipeline.py                           1           0  0.32s           2026-08-27T06:11:43
================================================================================
[2026-08-27T06:12:35.614+0000] {manager.py:879} INFO - 
================================================================================
DAG File Processing Stats

File Path                                      PID    Runtime      # DAGs    # Errors  Last Runtime    Last Run
---------------------------------------------  -----  ---------  --------  ----------  --------------  -------------------
/opt/airflow/dags/supermarket_etl_pipeline.py                           1           0  0.33s           2026-08-27T06:12:13
================================================================================
[2026-08-27T06:13:05.713+0000] {manager.py:879} INFO - 
================================================================================
DAG File Processing Stats

File Path                                      PID    Runtime      # DAGs    # Errors  Last Runtime    Last Run
---------------------------------------------  -----  ---------  --------  ----------  --------------  -------------------
/opt/airflow/dags/supermarket_etl_pipeline.py                           1           0  0.45s           2026-08-27T06:12:44
================================================================================
[2026-08-27T06:13:35.995+0000] {manager.py:879} INFO - 
================================================================================
DAG File Processing Stats

File Path                                      PID    Runtime      # DAGs    # Errors  Last Runtime    Last Run
---------------------------------------------  -----  ---------  --------  ----------  --------------  -------------------
/opt/airflow/dags/supermarket_etl_pipeline.py                           1           0  0.31s           2026-08-27T06:13:15
================================================================================
[2026-08-27T06:14:06.628+0000] {manager.py:879} INFO - 
================================================================================
DAG File Processing Stats

File Path                                      PID    Runtime      # DAGs    # Errors  Last Runtime    Last Run
---------------------------------------------  -----  ---------  --------  ----------  --------------  -------------------
/opt/airflow/dags/supermarket_etl_pipeline.py                           1           0  0.33s           2026-08-27T06:13:45
================================================================================
[2026-08-27T06:14:37.271+0000] {manager.py:879} INFO - 
================================================================================
DAG File Processing Stats

File Path                                      PID    Runtime      # DAGs    # Errors  Last Runtime    Last Run
---------------------------------------------  -----  ---------  --------  ----------  --------------  -------------------
/opt/airflow/dags/supermarket_etl_pipeline.py                           1           0  0.32s           2026-08-27T06:14:16
================================================================================
[2026-08-27T06:15:07.807+0000] {manager.py:879} INFO - 
================================================================================
DAG File Processing Stats

File Path                                      PID    Runtime      # DAGs    # Errors  Last Runtime    Last Run
---------------------------------------------  -----  ---------  --------  ----------  --------------  -------------------
/opt/airflow/dags/supermarket_etl_pipeline.py                           1           0  0.42s           2026-08-27T06:14:47
================================================================================
[2026-08-27T06:15:37.896+0000] {manager.py:879} INFO - 
================================================================================
DAG File Processing Stats

File Path                                      PID    Runtime      # DAGs    # Errors  Last Runtime    Last Run
---------------------------------------------  -----  ---------  --------  ----------  --------------  -------------------
/opt/airflow/dags/supermarket_etl_pipeline.py                           1           0  0.43s           2026-08-27T06:15:17
================================================================================
[2026-08-27T06:15:55.443+0000] {manager.py:738} INFO - Searching for files in /opt/airflow/dags
[2026-08-27T06:15:55.519+0000] {manager.py:741} INFO - There are 1 files in /opt/airflow/dags
[2026-08-27T06:16:08.236+0000] {manager.py:879} INFO - 
================================================================================
DAG File Processing Stats

File Path                                      PID    Runtime      # DAGs    # Errors  Last Runtime    Last Run
---------------------------------------------  -----  ---------  --------  ----------  --------------  -------------------
/opt/airflow/dags/supermarket_etl_pipeline.py                           1           0  0.40s           2026-08-27T06:15:48
================================================================================
[2026-08-27T06:16:38.772+0000] {manager.py:879} INFO - 
================================================================================
DAG File Processing Stats

File Path                                      PID    Runtime      # DAGs    # Errors  Last Runtime    Last Run
---------------------------------------------  -----  ---------  --------  ----------  --------------  -------------------
/opt/airflow/dags/supermarket_etl_pipeline.py                           1           0  2.12s           2026-08-27T06:16:21
================================================================================
[2026-08-27T06:17:09.418+0000] {manager.py:879} INFO - 
================================================================================
DAG File Processing Stats

File Path                                      PID    Runtime      # DAGs    # Errors  Last Runtime    Last Run
---------------------------------------------  -----  ---------  --------  ----------  --------------  -------------------
/opt/airflow/dags/supermarket_etl_pipeline.py                           1           0  0.40s           2026-08-27T06:16:52
================================================================================
[2026-08-27T06:17:39.742+0000] {manager.py:879} INFO - 
================================================================================
DAG File Processing Stats

File Path                                      PID    Runtime      # DAGs    # Errors  Last Runtime    Last Run
---------------------------------------------  -----  ---------  --------  ----------  --------------  -------------------
/opt/airflow/dags/supermarket_etl_pipeline.py                           1           0  0.54s           2026-08-27T06:17:23
================================================================================
[2026-08-27T06:18:09.984+0000] {manager.py:879} INFO - 
================================================================================
DAG File Processing Stats

File Path                                      PID    Runtime      # DAGs    # Errors  Last Runtime    Last Run
---------------------------------------------  -----  ---------  --------  ----------  --------------  -------------------
/opt/airflow/dags/supermarket_etl_pipeline.py                           1           0  0.41s           2026-08-27T06:17:53
================================================================================
[2026-08-27T06:18:40.270+0000] {manager.py:879} INFO - 
================================================================================
DAG File Processing Stats

File Path                                      PID    Runtime      # DAGs    # Errors  Last Runtime    Last Run
---------------------------------------------  -----  ---------  --------  ----------  --------------  -------------------
/opt/airflow/dags/supermarket_etl_pipeline.py                           1           0  0.36s           2026-08-27T06:18:24
================================================================================
[2026-08-27T06:19:10.901+0000] {manager.py:879} INFO - 
================================================================================
DAG File Processing Stats

File Path                                      PID    Runtime      # DAGs    # Errors  Last Runtime    Last Run
---------------------------------------------  -----  ---------  --------  ----------  --------------  -------------------
/opt/airflow/dags/supermarket_etl_pipeline.py                           1           0  0.34s           2026-08-27T06:18:55
================================================================================
[2026-08-27T06:19:41.575+0000] {manager.py:879} INFO - 
================================================================================
DAG File Processing Stats

File Path                                      PID    Runtime      # DAGs    # Errors  Last Runtime    Last Run
---------------------------------------------  -----  ---------  --------  ----------  --------------  -------------------
/opt/airflow/dags/supermarket_etl_pipeline.py                           1           0  0.31s           2026-08-27T06:19:25
================================================================================
[2026-08-27T06:20:12.192+0000] {manager.py:879} INFO - 
================================================================================
DAG File Processing Stats

File Path                                      PID    Runtime      # DAGs    # Errors  Last Runtime    Last Run
---------------------------------------------  -----  ---------  --------  ----------  --------------  -------------------
/opt/airflow/dags/supermarket_etl_pipeline.py                           1           0  0.33s           2026-08-27T06:19:56
================================================================================
[2026-08-27T06:20:42.791+0000] {manager.py:879} INFO - 
================================================================================
DAG File Processing Stats

File Path                                      PID    Runtime      # DAGs    # Errors  Last Runtime    Last Run
---------------------------------------------  -----  ---------  --------  ----------  --------------  -------------------
/opt/airflow/dags/supermarket_etl_pipeline.py                           1           0  0.35s           2026-08-27T06:20:27
================================================================================
[2026-08-27T06:20:55.881+0000] {manager.py:738} INFO - Searching for files in /opt/airflow/dags
[2026-08-27T06:20:55.964+0000] {manager.py:741} INFO - There are 1 files in /opt/airflow/dags
[2026-08-27T06:21:13.463+0000] {manager.py:879} INFO - 
================================================================================
DAG File Processing Stats

File Path                                      PID    Runtime      # DAGs    # Errors  Last Runtime    Last Run
---------------------------------------------  -----  ---------  --------  ----------  --------------  -------------------
/opt/airflow/dags/supermarket_etl_pipeline.py                           1           0  0.29s           2026-08-27T06:20:57
================================================================================
[2026-08-27T06:21:43.998+0000] {manager.py:879} INFO - 
================================================================================
DAG File Processing Stats

File Path                                      PID    Runtime      # DAGs    # Errors  Last Runtime    Last Run
---------------------------------------------  -----  ---------  --------  ----------  --------------  -------------------
/opt/airflow/dags/supermarket_etl_pipeline.py                           1           0  0.44s           2026-08-27T06:21:28
================================================================================
[2026-08-27T06:22:14.518+0000] {manager.py:879} INFO - 
================================================================================
DAG File Processing Stats

File Path                                      PID    Runtime      # DAGs    # Errors  Last Runtime    Last Run
---------------------------------------------  -----  ---------  --------  ----------  --------------  -------------------
/opt/airflow/dags/supermarket_etl_pipeline.py                           1           0  0.31s           2026-08-27T06:21:58
================================================================================
[2026-08-27T06:22:44.947+0000] {manager.py:879} INFO - 
================================================================================
DAG File Processing Stats

File Path                                      PID    Runtime      # DAGs    # Errors  Last Runtime    Last Run
---------------------------------------------  -----  ---------  --------  ----------  --------------  -------------------
/opt/airflow/dags/supermarket_etl_pipeline.py                           1           0  0.42s           2026-08-27T06:22:29
================================================================================
[2026-08-27T06:23:14.983+0000] {manager.py:879} INFO - 
================================================================================
DAG File Processing Stats

File Path                                      PID    Runtime      # DAGs    # Errors  Last Runtime    Last Run
---------------------------------------------  -----  ---------  --------  ----------  --------------  -------------------
/opt/airflow/dags/supermarket_etl_pipeline.py                           1           0  0.41s           2026-08-27T06:22:59
================================================================================
[2026-08-27T06:23:45.272+0000] {manager.py:879} INFO - 
================================================================================
DAG File Processing Stats

File Path                                      PID    Runtime      # DAGs    # Errors  Last Runtime    Last Run
---------------------------------------------  -----  ---------  --------  ----------  --------------  -------------------
/opt/airflow/dags/supermarket_etl_pipeline.py                           1           0  0.32s           2026-08-27T06:23:30
================================================================================
[2026-08-27T06:24:15.921+0000] {manager.py:879} INFO - 
================================================================================
DAG File Processing Stats

File Path                                      PID    Runtime      # DAGs    # Errors  Last Runtime    Last Run
---------------------------------------------  -----  ---------  --------  ----------  --------------  -------------------
/opt/airflow/dags/supermarket_etl_pipeline.py                           1           0  0.35s           2026-08-27T06:24:01
================================================================================
[2026-08-27T06:24:46.548+0000] {manager.py:879} INFO - 
================================================================================
DAG File Processing Stats

File Path                                      PID    Runtime      # DAGs    # Errors  Last Runtime    Last Run
---------------------------------------------  -----  ---------  --------  ----------  --------------  -------------------
/opt/airflow/dags/supermarket_etl_pipeline.py                           1           0  0.32s           2026-08-27T06:24:31
================================================================================
[2026-08-27T06:25:16.597+0000] {manager.py:879} INFO - 
================================================================================
DAG File Processing Stats

File Path                                      PID    Runtime      # DAGs    # Errors  Last Runtime    Last Run
---------------------------------------------  -----  ---------  --------  ----------  --------------  -------------------
/opt/airflow/dags/supermarket_etl_pipeline.py                           1           0  0.43s           2026-08-27T06:25:02
================================================================================
[2026-08-27T06:25:46.913+0000] {manager.py:879} INFO - 
================================================================================
DAG File Processing Stats

File Path                                      PID    Runtime      # DAGs    # Errors  Last Runtime    Last Run
---------------------------------------------  -----  ---------  --------  ----------  --------------  -------------------
/opt/airflow/dags/supermarket_etl_pipeline.py                           1           0  0.32s           2026-08-27T06:25:33
================================================================================
[2026-08-27T06:25:56.004+0000] {manager.py:738} INFO - Searching for files in /opt/airflow/dags
[2026-08-27T06:25:56.066+0000] {manager.py:741} INFO - There are 1 files in /opt/airflow/dags
[2026-08-27T06:26:17.439+0000] {manager.py:879} INFO - 
================================================================================
DAG File Processing Stats

File Path                                      PID    Runtime      # DAGs    # Errors  Last Runtime    Last Run
---------------------------------------------  -----  ---------  --------  ----------  --------------  -------------------
/opt/airflow/dags/supermarket_etl_pipeline.py                           1           0  0.34s           2026-08-27T06:26:03
================================================================================
[2026-08-27T06:26:47.885+0000] {manager.py:879} INFO - 
================================================================================
DAG File Processing Stats

File Path                                      PID    Runtime      # DAGs    # Errors  Last Runtime    Last Run
---------------------------------------------  -----  ---------  --------  ----------  --------------  -------------------
/opt/airflow/dags/supermarket_etl_pipeline.py                           1           0  0.35s           2026-08-27T06:26:33
================================================================================
[2026-08-27T06:27:18.342+0000] {manager.py:879} INFO - 
================================================================================
DAG File Processing Stats

File Path                                      PID    Runtime      # DAGs    # Errors  Last Runtime    Last Run
---------------------------------------------  -----  ---------  --------  ----------  --------------  -------------------
/opt/airflow/dags/supermarket_etl_pipeline.py                           1           0  0.32s           2026-08-27T06:27:04
================================================================================
[2026-08-27T06:27:48.765+0000] {manager.py:879} INFO - 
================================================================================
DAG File Processing Stats

File Path                                      PID    Runtime      # DAGs    # Errors  Last Runtime    Last Run
---------------------------------------------  -----  ---------  --------  ----------  --------------  -------------------
/opt/airflow/dags/supermarket_etl_pipeline.py                           1           0  0.34s           2026-08-27T06:27:34
================================================================================
[2026-08-27T06:28:19.270+0000] {manager.py:879} INFO - 
================================================================================
DAG File Processing Stats

File Path                                      PID    Runtime      # DAGs    # Errors  Last Runtime    Last Run
---------------------------------------------  -----  ---------  --------  ----------  --------------  -------------------
/opt/airflow/dags/supermarket_etl_pipeline.py                           1           0  0.32s           2026-08-27T06:28:05
================================================================================
[2026-08-27T06:28:49.677+0000] {manager.py:879} INFO - 
================================================================================
DAG File Processing Stats

File Path                                      PID    Runtime      # DAGs    # Errors  Last Runtime    Last Run
---------------------------------------------  -----  ---------  --------  ----------  --------------  -------------------
/opt/airflow/dags/supermarket_etl_pipeline.py                           1           0  0.31s           2026-08-27T06:28:35
================================================================================
[2026-08-27T06:29:20.209+0000] {manager.py:879} INFO - 
================================================================================
DAG File Processing Stats

File Path                                      PID    Runtime      # DAGs    # Errors  Last Runtime    Last Run
---------------------------------------------  -----  ---------  --------  ----------  --------------  -------------------
/opt/airflow/dags/supermarket_etl_pipeline.py                           1           0  0.43s           2026-08-27T06:29:06
================================================================================
[2026-08-27T06:29:50.767+0000] {manager.py:879} INFO - 
================================================================================
DAG File Processing Stats

File Path                                      PID    Runtime      # DAGs    # Errors  Last Runtime    Last Run
---------------------------------------------  -----  ---------  --------  ----------  --------------  -------------------
/opt/airflow/dags/supermarket_etl_pipeline.py                           1           0  0.32s           2026-08-27T06:29:36
================================================================================
[2026-08-27T06:30:21.080+0000] {manager.py:879} INFO - 
================================================================================
DAG File Processing Stats

File Path                                      PID    Runtime      # DAGs    # Errors  Last Runtime    Last Run
---------------------------------------------  -----  ---------  --------  ----------  --------------  -------------------
/opt/airflow/dags/supermarket_etl_pipeline.py                           1           0  0.34s           2026-08-27T06:30:07
================================================================================
[2026-08-27T06:30:51.714+0000] {manager.py:879} INFO - 
================================================================================
DAG File Processing Stats

File Path                                      PID    Runtime      # DAGs    # Errors  Last Runtime    Last Run
---------------------------------------------  -----  ---------  --------  ----------  --------------  -------------------
/opt/airflow/dags/supermarket_etl_pipeline.py                           1           0  0.33s           2026-08-27T06:30:37
================================================================================
[2026-08-27T06:30:56.076+0000] {manager.py:738} INFO - Searching for files in /opt/airflow/dags
[2026-08-27T06:30:56.164+0000] {manager.py:741} INFO - There are 1 files in /opt/airflow/dags
[2026-08-27T06:31:21.764+0000] {manager.py:879} INFO - 
================================================================================
DAG File Processing Stats

File Path                                      PID    Runtime      # DAGs    # Errors  Last Runtime    Last Run
---------------------------------------------  -----  ---------  --------  ----------  --------------  -------------------
/opt/airflow/dags/supermarket_etl_pipeline.py                           1           0  0.34s           2026-08-27T06:31:08
================================================================================
[2026-08-27T06:31:52.028+0000] {manager.py:879} INFO - 
================================================================================
DAG File Processing Stats

File Path                                      PID    Runtime      # DAGs    # Errors  Last Runtime    Last Run
---------------------------------------------  -----  ---------  --------  ----------  --------------  -------------------
/opt/airflow/dags/supermarket_etl_pipeline.py                           1           0  0.32s           2026-08-27T06:31:39
================================================================================
[2026-08-27T06:32:22.653+0000] {manager.py:879} INFO - 
================================================================================
DAG File Processing Stats

File Path                                      PID    Runtime      # DAGs    # Errors  Last Runtime    Last Run
---------------------------------------------  -----  ---------  --------  ----------  --------------  -------------------
/opt/airflow/dags/supermarket_etl_pipeline.py                           1           0  0.31s           2026-08-27T06:32:09
================================================================================
[2026-08-27T06:32:53.202+0000] {manager.py:879} INFO - 
================================================================================
DAG File Processing Stats

File Path                                      PID    Runtime      # DAGs    # Errors  Last Runtime    Last Run
---------------------------------------------  -----  ---------  --------  ----------  --------------  -------------------
/opt/airflow/dags/supermarket_etl_pipeline.py                           1           0  0.32s           2026-08-27T06:32:40
================================================================================
[2026-08-27T06:33:23.541+0000] {manager.py:879} INFO - 
================================================================================
DAG File Processing Stats

File Path                                      PID    Runtime      # DAGs    # Errors  Last Runtime    Last Run
---------------------------------------------  -----  ---------  --------  ----------  --------------  -------------------
/opt/airflow/dags/supermarket_etl_pipeline.py                           1           0  0.32s           2026-08-27T06:33:10
================================================================================
[2026-08-27T06:33:54.137+0000] {manager.py:879} INFO - 
================================================================================
DAG File Processing Stats

File Path                                      PID    Runtime      # DAGs    # Errors  Last Runtime    Last Run
---------------------------------------------  -----  ---------  --------  ----------  --------------  -------------------
/opt/airflow/dags/supermarket_etl_pipeline.py                           1           0  0.29s           2026-08-27T06:33:41
================================================================================
[2026-08-27T06:34:24.738+0000] {manager.py:879} INFO - 
================================================================================
DAG File Processing Stats

File Path                                      PID    Runtime      # DAGs    # Errors  Last Runtime    Last Run
---------------------------------------------  -----  ---------  --------  ----------  --------------  -------------------
/opt/airflow/dags/supermarket_etl_pipeline.py                           1           0  0.33s           2026-08-27T06:34:11
================================================================================
[2026-08-27T06:34:55.351+0000] {manager.py:879} INFO - 
================================================================================
DAG File Processing Stats

File Path                                      PID    Runtime      # DAGs    # Errors  Last Runtime    Last Run
---------------------------------------------  -----  ---------  --------  ----------  --------------  -------------------
/opt/airflow/dags/supermarket_etl_pipeline.py                           1           0  0.33s           2026-08-27T06:34:42
================================================================================
[2026-08-27T06:35:25.422+0000] {manager.py:879} INFO - 
================================================================================
DAG File Processing Stats

File Path                                      PID    Runtime      # DAGs    # Errors  Last Runtime    Last Run
---------------------------------------------  -----  ---------  --------  ----------  --------------  -------------------
/opt/airflow/dags/supermarket_etl_pipeline.py                           1           0  0.42s           2026-08-27T06:35:13
================================================================================
[2026-08-27T06:35:55.739+0000] {manager.py:879} INFO - 
================================================================================
DAG File Processing Stats

File Path                                      PID    Runtime      # DAGs    # Errors  Last Runtime    Last Run
---------------------------------------------  -----  ---------  --------  ----------  --------------  -------------------
/opt/airflow/dags/supermarket_etl_pipeline.py                           1           0  0.41s           2026-08-27T06:35:44
================================================================================
[2026-08-27T06:35:56.154+0000] {manager.py:738} INFO - Searching for files in /opt/airflow/dags
[2026-08-27T06:35:56.232+0000] {manager.py:741} INFO - There are 1 files in /opt/airflow/dags
[2026-08-27T06:36:25.885+0000] {manager.py:879} INFO - 
================================================================================
DAG File Processing Stats

File Path                                      PID    Runtime      # DAGs    # Errors  Last Runtime    Last Run
---------------------------------------------  -----  ---------  --------  ----------  --------------  -------------------
/opt/airflow/dags/supermarket_etl_pipeline.py                           1           0  0.36s           2026-08-27T06:36:14
================================================================================
[2026-08-27T06:36:56.186+0000] {manager.py:879} INFO - 
================================================================================
DAG File Processing Stats

File Path                                      PID    Runtime      # DAGs    # Errors  Last Runtime    Last Run
---------------------------------------------  -----  ---------  --------  ----------  --------------  -------------------
/opt/airflow/dags/supermarket_etl_pipeline.py                           1           0  0.33s           2026-08-27T06:36:45
================================================================================
[2026-08-27T06:37:26.743+0000] {manager.py:879} INFO - 
================================================================================
DAG File Processing Stats

File Path                                      PID    Runtime      # DAGs    # Errors  Last Runtime    Last Run
---------------------------------------------  -----  ---------  --------  ----------  --------------  -------------------
/opt/airflow/dags/supermarket_etl_pipeline.py                           1           0  0.33s           2026-08-27T06:37:15
================================================================================
[2026-08-27T06:37:57.340+0000] {manager.py:879} INFO - 
================================================================================
DAG File Processing Stats

File Path                                      PID    Runtime      # DAGs    # Errors  Last Runtime    Last Run
---------------------------------------------  -----  ---------  --------  ----------  --------------  -------------------
/opt/airflow/dags/supermarket_etl_pipeline.py                           1           0  0.30s           2026-08-27T06:37:46
================================================================================
[2026-08-27T06:38:27.914+0000] {manager.py:879} INFO - 
================================================================================
DAG File Processing Stats

File Path                                      PID    Runtime      # DAGs    # Errors  Last Runtime    Last Run
---------------------------------------------  -----  ---------  --------  ----------  --------------  -------------------
/opt/airflow/dags/supermarket_etl_pipeline.py                           1           0  0.30s           2026-08-27T06:38:17
================================================================================
[2026-08-27T06:38:58.522+0000] {manager.py:879} INFO - 
================================================================================
DAG File Processing Stats

File Path                                      PID    Runtime      # DAGs    # Errors  Last Runtime    Last Run
---------------------------------------------  -----  ---------  --------  ----------  --------------  -------------------
/opt/airflow/dags/supermarket_etl_pipeline.py                           1           0  0.32s           2026-08-27T06:38:47
================================================================================
[2026-08-27T06:39:28.544+0000] {manager.py:879} INFO - 
================================================================================
DAG File Processing Stats

File Path                                      PID    Runtime      # DAGs    # Errors  Last Runtime    Last Run
---------------------------------------------  -----  ---------  --------  ----------  --------------  -------------------
/opt/airflow/dags/supermarket_etl_pipeline.py                           1           0  0.68s           2026-08-27T06:39:18
================================================================================
[2026-08-27T06:39:58.813+0000] {manager.py:879} INFO - 
================================================================================
DAG File Processing Stats

File Path                                      PID    Runtime      # DAGs    # Errors  Last Runtime    Last Run
---------------------------------------------  -----  ---------  --------  ----------  --------------  -------------------
/opt/airflow/dags/supermarket_etl_pipeline.py                           1           0  0.36s           2026-08-27T06:39:49
================================================================================
[2026-08-27T06:40:29.489+0000] {manager.py:879} INFO - 
================================================================================
DAG File Processing Stats

File Path                                      PID    Runtime      # DAGs    # Errors  Last Runtime    Last Run
---------------------------------------------  -----  ---------  --------  ----------  --------------  -------------------
/opt/airflow/dags/supermarket_etl_pipeline.py                           1           0  0.32s           2026-08-27T06:40:19
================================================================================
[2026-08-27T06:40:56.445+0000] {manager.py:738} INFO - Searching for files in /opt/airflow/dags
[2026-08-27T06:40:56.550+0000] {manager.py:741} INFO - There are 1 files in /opt/airflow/dags
[2026-08-27T06:40:59.593+0000] {manager.py:879} INFO - 
================================================================================
DAG File Processing Stats

File Path                                      PID    Runtime      # DAGs    # Errors  Last Runtime    Last Run
---------------------------------------------  -----  ---------  --------  ----------  --------------  -------------------
/opt/airflow/dags/supermarket_etl_pipeline.py                           1           0  0.37s           2026-08-27T06:40:50
================================================================================
[2026-08-27T06:41:29.879+0000] {manager.py:879} INFO - 
================================================================================
DAG File Processing Stats

File Path                                      PID    Runtime      # DAGs    # Errors  Last Runtime    Last Run
---------------------------------------------  -----  ---------  --------  ----------  --------------  -------------------
/opt/airflow/dags/supermarket_etl_pipeline.py                           1           0  0.35s           2026-08-27T06:41:21
================================================================================
[2026-08-27T06:41:59.931+0000] {manager.py:879} INFO - 
================================================================================
DAG File Processing Stats

File Path                                      PID    Runtime      # DAGs    # Errors  Last Runtime    Last Run
---------------------------------------------  -----  ---------  --------  ----------  --------------  -------------------
/opt/airflow/dags/supermarket_etl_pipeline.py                           1           0  0.42s           2026-08-27T06:41:51
================================================================================
[2026-08-27T06:42:30.233+0000] {manager.py:879} INFO - 
================================================================================
DAG File Processing Stats

File Path                                      PID    Runtime      # DAGs    # Errors  Last Runtime    Last Run
---------------------------------------------  -----  ---------  --------  ----------  --------------  -------------------
/opt/airflow/dags/supermarket_etl_pipeline.py                           1           0  0.39s           2026-08-27T06:42:22
================================================================================
[2026-08-27T06:43:00.302+0000] {manager.py:879} INFO - 
================================================================================
DAG File Processing Stats

File Path                                      PID    Runtime      # DAGs    # Errors  Last Runtime    Last Run
---------------------------------------------  -----  ---------  --------  ----------  --------------  -------------------
/opt/airflow/dags/supermarket_etl_pipeline.py                           1           0  0.33s           2026-08-27T06:42:53
================================================================================
[2026-08-27T06:43:30.643+0000] {manager.py:879} INFO - 
================================================================================
DAG File Processing Stats

File Path                                      PID    Runtime      # DAGs    # Errors  Last Runtime    Last Run
---------------------------------------------  -----  ---------  --------  ----------  --------------  -------------------
/opt/airflow/dags/supermarket_etl_pipeline.py                           1           0  0.37s           2026-08-27T06:43:23
================================================================================
[2026-08-27T06:44:00.827+0000] {manager.py:879} INFO - 
================================================================================
DAG File Processing Stats

File Path                                      PID    Runtime      # DAGs    # Errors  Last Runtime    Last Run
---------------------------------------------  -----  ---------  --------  ----------  --------------  -------------------
/opt/airflow/dags/supermarket_etl_pipeline.py                           1           0  0.46s           2026-08-27T06:43:54
================================================================================
[2026-08-27T06:44:31.152+0000] {manager.py:879} INFO - 
================================================================================
DAG File Processing Stats

File Path                                      PID    Runtime      # DAGs    # Errors  Last Runtime    Last Run
---------------------------------------------  -----  ---------  --------  ----------  --------------  -------------------
/opt/airflow/dags/supermarket_etl_pipeline.py                           1           0  0.32s           2026-08-27T06:44:25
================================================================================
[2026-08-27T06:45:01.763+0000] {manager.py:879} INFO - 
================================================================================
DAG File Processing Stats

File Path                                      PID    Runtime      # DAGs    # Errors  Last Runtime    Last Run
---------------------------------------------  -----  ---------  --------  ----------  --------------  -------------------
/opt/airflow/dags/supermarket_etl_pipeline.py                           1           0  0.36s           2026-08-27T06:44:56
================================================================================
[2026-08-27T06:45:31.782+0000] {manager.py:879} INFO - 
================================================================================
DAG File Processing Stats

File Path                                      PID    Runtime      # DAGs    # Errors  Last Runtime    Last Run
---------------------------------------------  -----  ---------  --------  ----------  --------------  -------------------
/opt/airflow/dags/supermarket_etl_pipeline.py                           1           0  0.34s           2026-08-27T06:45:26
================================================================================
[2026-08-27T06:45:56.732+0000] {manager.py:738} INFO - Searching for files in /opt/airflow/dags
[2026-08-27T06:45:56.808+0000] {manager.py:741} INFO - There are 1 files in /opt/airflow/dags
[2026-08-27T06:46:02.072+0000] {manager.py:879} INFO - 
================================================================================
DAG File Processing Stats

File Path                                      PID    Runtime      # DAGs    # Errors  Last Runtime    Last Run
---------------------------------------------  -----  ---------  --------  ----------  --------------  -------------------
/opt/airflow/dags/supermarket_etl_pipeline.py                           1           0  0.33s           2026-08-27T06:45:57
================================================================================
[2026-08-27T06:46:32.535+0000] {manager.py:879} INFO - 
================================================================================
DAG File Processing Stats

File Path                                      PID    Runtime      # DAGs    # Errors  Last Runtime    Last Run
---------------------------------------------  -----  ---------  --------  ----------  --------------  -------------------
/opt/airflow/dags/supermarket_etl_pipeline.py                           1           0  0.38s           2026-08-27T06:46:27
================================================================================
[2026-08-27T06:47:03.044+0000] {manager.py:879} INFO - 
================================================================================
DAG File Processing Stats

File Path                                      PID    Runtime      # DAGs    # Errors  Last Runtime    Last Run
---------------------------------------------  -----  ---------  --------  ----------  --------------  -------------------
/opt/airflow/dags/supermarket_etl_pipeline.py                           1           0  0.29s           2026-08-27T06:46:58
================================================================================
[2026-08-27T06:47:33.418+0000] {manager.py:879} INFO - 
================================================================================
DAG File Processing Stats

File Path                                      PID    Runtime      # DAGs    # Errors  Last Runtime    Last Run
---------------------------------------------  -----  ---------  --------  ----------  --------------  -------------------
/opt/airflow/dags/supermarket_etl_pipeline.py                           1           0  0.38s           2026-08-27T06:47:28
================================================================================
[2026-08-27T06:48:03.458+0000] {manager.py:879} INFO - 
================================================================================
DAG File Processing Stats

File Path                                      PID    Runtime      # DAGs    # Errors  Last Runtime    Last Run
---------------------------------------------  -----  ---------  --------  ----------  --------------  -------------------
/opt/airflow/dags/supermarket_etl_pipeline.py                           1           0  0.39s           2026-08-27T06:47:59
================================================================================
[2026-08-27T06:48:33.781+0000] {manager.py:879} INFO - 
================================================================================
DAG File Processing Stats

File Path                                      PID    Runtime      # DAGs    # Errors  Last Runtime    Last Run
---------------------------------------------  -----  ---------  --------  ----------  --------------  -------------------
/opt/airflow/dags/supermarket_etl_pipeline.py                           1           0  0.33s           2026-08-27T06:48:30
================================================================================
[2026-08-27T06:49:04.414+0000] {manager.py:879} INFO - 
================================================================================
DAG File Processing Stats

File Path                                      PID    Runtime      # DAGs    # Errors  Last Runtime    Last Run
---------------------------------------------  -----  ---------  --------  ----------  --------------  -------------------
/opt/airflow/dags/supermarket_etl_pipeline.py                           1           0  0.30s           2026-08-27T06:49:00
================================================================================
[2026-08-27T06:49:34.996+0000] {manager.py:879} INFO - 
================================================================================
DAG File Processing Stats

File Path                                      PID    Runtime      # DAGs    # Errors  Last Runtime    Last Run
---------------------------------------------  -----  ---------  --------  ----------  --------------  -------------------
/opt/airflow/dags/supermarket_etl_pipeline.py                           1           0  0.27s           2026-08-27T06:49:30
================================================================================
[2026-08-27T06:50:05.311+0000] {manager.py:879} INFO - 
================================================================================
DAG File Processing Stats

File Path                                      PID    Runtime      # DAGs    # Errors  Last Runtime    Last Run
---------------------------------------------  -----  ---------  --------  ----------  --------------  -------------------
/opt/airflow/dags/supermarket_etl_pipeline.py                           1           0  0.32s           2026-08-27T06:50:01
================================================================================
[2026-08-27T06:50:35.907+0000] {manager.py:879} INFO - 
================================================================================
DAG File Processing Stats

File Path                                      PID    Runtime      # DAGs    # Errors  Last Runtime    Last Run
---------------------------------------------  -----  ---------  --------  ----------  --------------  -------------------
/opt/airflow/dags/supermarket_etl_pipeline.py                           1           0  0.35s           2026-08-27T06:50:32
================================================================================
[2026-08-27T06:50:57.099+0000] {manager.py:738} INFO - Searching for files in /opt/airflow/dags
[2026-08-27T06:50:57.165+0000] {manager.py:741} INFO - There are 1 files in /opt/airflow/dags
[2026-08-27T06:51:06.517+0000] {manager.py:879} INFO - 
================================================================================
DAG File Processing Stats

File Path                                      PID    Runtime      # DAGs    # Errors  Last Runtime    Last Run
---------------------------------------------  -----  ---------  --------  ----------  --------------  -------------------
/opt/airflow/dags/supermarket_etl_pipeline.py                           1           0  0.34s           2026-08-27T06:51:02
================================================================================
[2026-08-27T06:51:36.870+0000] {manager.py:879} INFO - 
================================================================================
DAG File Processing Stats

File Path                                      PID    Runtime      # DAGs    # Errors  Last Runtime    Last Run
---------------------------------------------  -----  ---------  --------  ----------  --------------  -------------------
/opt/airflow/dags/supermarket_etl_pipeline.py                           1           0  0.31s           2026-08-27T06:51:33
================================================================================
[2026-08-27T06:52:07.400+0000] {manager.py:879} INFO - 
================================================================================
DAG File Processing Stats

File Path                                      PID    Runtime      # DAGs    # Errors  Last Runtime    Last Run
---------------------------------------------  -----  ---------  --------  ----------  --------------  -------------------
/opt/airflow/dags/supermarket_etl_pipeline.py                           1           0  0.36s           2026-08-27T06:52:03
================================================================================
[2026-08-27T06:52:38.026+0000] {manager.py:879} INFO - 
================================================================================
DAG File Processing Stats

File Path                                      PID    Runtime      # DAGs    # Errors  Last Runtime    Last Run
---------------------------------------------  -----  ---------  --------  ----------  --------------  -------------------
/opt/airflow/dags/supermarket_etl_pipeline.py                           1           0  0.32s           2026-08-27T06:52:34
================================================================================
[2026-08-27T06:53:08.663+0000] {manager.py:879} INFO - 
================================================================================
DAG File Processing Stats

File Path                                      PID    Runtime      # DAGs    # Errors  Last Runtime    Last Run
---------------------------------------------  -----  ---------  --------  ----------  --------------  -------------------
/opt/airflow/dags/supermarket_etl_pipeline.py                           1           0  0.32s           2026-08-27T06:53:04
================================================================================
[2026-08-27T06:53:39.225+0000] {manager.py:879} INFO - 
================================================================================
DAG File Processing Stats

File Path                                      PID    Runtime      # DAGs    # Errors  Last Runtime    Last Run
---------------------------------------------  -----  ---------  --------  ----------  --------------  -------------------
/opt/airflow/dags/supermarket_etl_pipeline.py                           1           0  0.32s           2026-08-27T06:53:35
================================================================================
[2026-08-27T06:54:09.550+0000] {manager.py:879} INFO - 
================================================================================
DAG File Processing Stats

File Path                                      PID    Runtime      # DAGs    # Errors  Last Runtime    Last Run
---------------------------------------------  -----  ---------  --------  ----------  --------------  -------------------
/opt/airflow/dags/supermarket_etl_pipeline.py                           1           0  0.31s           2026-08-27T06:54:05
================================================================================
[2026-08-27T06:54:40.083+0000] {manager.py:879} INFO - 
================================================================================
DAG File Processing Stats

File Path                                      PID    Runtime      # DAGs    # Errors  Last Runtime    Last Run
---------------------------------------------  -----  ---------  --------  ----------  --------------  -------------------
/opt/airflow/dags/supermarket_etl_pipeline.py                           1           0  0.36s           2026-08-27T06:54:36
================================================================================
[2026-08-27T06:55:10.677+0000] {manager.py:879} INFO - 
================================================================================
DAG File Processing Stats

File Path                                      PID    Runtime      # DAGs    # Errors  Last Runtime    Last Run
---------------------------------------------  -----  ---------  --------  ----------  --------------  -------------------
/opt/airflow/dags/supermarket_etl_pipeline.py                           1           0  0.30s           2026-08-27T06:55:06
================================================================================
[2026-08-27T06:55:41.233+0000] {manager.py:879} INFO - 
================================================================================
DAG File Processing Stats

File Path                                      PID    Runtime      # DAGs    # Errors  Last Runtime    Last Run
---------------------------------------------  -----  ---------  --------  ----------  --------------  -------------------
/opt/airflow/dags/supermarket_etl_pipeline.py                           1           0  0.31s           2026-08-27T06:55:37
================================================================================
[2026-08-27T06:55:57.354+0000] {manager.py:738} INFO - Searching for files in /opt/airflow/dags
[2026-08-27T06:55:57.416+0000] {manager.py:741} INFO - There are 1 files in /opt/airflow/dags
[2026-08-27T06:56:11.765+0000] {manager.py:879} INFO - 
================================================================================
DAG File Processing Stats

File Path                                      PID    Runtime      # DAGs    # Errors  Last Runtime    Last Run
---------------------------------------------  -----  ---------  --------  ----------  --------------  -------------------
/opt/airflow/dags/supermarket_etl_pipeline.py                           1           0  0.33s           2026-08-27T06:56:08
================================================================================
[2026-08-27T06:56:42.430+0000] {manager.py:879} INFO - 
================================================================================
DAG File Processing Stats

File Path                                      PID    Runtime      # DAGs    # Errors  Last Runtime    Last Run
---------------------------------------------  -----  ---------  --------  ----------  --------------  -------------------
/opt/airflow/dags/supermarket_etl_pipeline.py                           1           0  1.09s           2026-08-27T06:56:39
================================================================================
[2026-08-27T06:57:12.732+0000] {manager.py:879} INFO - 
================================================================================
DAG File Processing Stats

File Path                                      PID    Runtime      # DAGs    # Errors  Last Runtime    Last Run
---------------------------------------------  -----  ---------  --------  ----------  --------------  -------------------
/opt/airflow/dags/supermarket_etl_pipeline.py                           1           0  0.39s           2026-08-27T06:57:10
================================================================================
[2026-08-27T06:57:42.989+0000] {manager.py:879} INFO - 
================================================================================
DAG File Processing Stats

File Path                                      PID    Runtime      # DAGs    # Errors  Last Runtime    Last Run
---------------------------------------------  -----  ---------  --------  ----------  --------------  -------------------
/opt/airflow/dags/supermarket_etl_pipeline.py                           1           0  0.69s           2026-08-27T06:57:41
================================================================================
[2026-08-27T06:58:13.321+0000] {manager.py:879} INFO - 
================================================================================
DAG File Processing Stats

File Path                                      PID    Runtime      # DAGs    # Errors  Last Runtime    Last Run
---------------------------------------------  -----  ---------  --------  ----------  --------------  -------------------
/opt/airflow/dags/supermarket_etl_pipeline.py                           1           0  0.50s           2026-08-27T06:58:11
================================================================================
[2026-08-27T06:58:43.386+0000] {manager.py:879} INFO - 
================================================================================
DAG File Processing Stats

File Path                                      PID    Runtime      # DAGs    # Errors  Last Runtime    Last Run
---------------------------------------------  -----  ---------  --------  ----------  --------------  -------------------
/opt/airflow/dags/supermarket_etl_pipeline.py                           1           0  0.31s           2026-08-27T06:58:42
================================================================================
[2026-08-27T06:59:13.665+0000] {manager.py:879} INFO - 
================================================================================
DAG File Processing Stats

File Path                                      PID    Runtime      # DAGs    # Errors  Last Runtime    Last Run
---------------------------------------------  -----  ---------  --------  ----------  --------------  -------------------
/opt/airflow/dags/supermarket_etl_pipeline.py                           1           0  0.30s           2026-08-27T06:59:12
================================================================================
[2026-08-27T06:59:44.228+0000] {manager.py:879} INFO - 
================================================================================
DAG File Processing Stats

File Path                                      PID    Runtime      # DAGs    # Errors  Last Runtime    Last Run
---------------------------------------------  -----  ---------  --------  ----------  --------------  -------------------
/opt/airflow/dags/supermarket_etl_pipeline.py                           1           0  0.30s           2026-08-27T06:59:43
================================================================================
[2026-08-27T07:00:14.809+0000] {manager.py:879} INFO - 
================================================================================
DAG File Processing Stats

File Path                                      PID    Runtime      # DAGs    # Errors  Last Runtime    Last Run
---------------------------------------------  -----  ---------  --------  ----------  --------------  -------------------
/opt/airflow/dags/supermarket_etl_pipeline.py                           1           0  0.35s           2026-08-27T07:00:14
================================================================================
[2026-08-27T07:00:45.446+0000] {manager.py:879} INFO - 
================================================================================
DAG File Processing Stats

File Path                                      PID    Runtime      # DAGs    # Errors  Last Runtime    Last Run
---------------------------------------------  -----  ---------  --------  ----------  --------------  -------------------
/opt/airflow/dags/supermarket_etl_pipeline.py                           1           0  0.35s           2026-08-27T07:00:44
================================================================================
[2026-08-27T07:00:57.557+0000] {manager.py:738} INFO - Searching for files in /opt/airflow/dags
[2026-08-27T07:00:57.631+0000] {manager.py:741} INFO - There are 1 files in /opt/airflow/dags
[2026-08-27T07:01:16.069+0000] {manager.py:879} INFO - 
================================================================================
DAG File Processing Stats

File Path                                      PID    Runtime      # DAGs    # Errors  Last Runtime    Last Run
---------------------------------------------  -----  ---------  --------  ----------  --------------  -------------------
/opt/airflow/dags/supermarket_etl_pipeline.py                           1           0  0.35s           2026-08-27T07:01:15
================================================================================
[2026-08-27T07:01:46.557+0000] {manager.py:879} INFO - 
================================================================================
DAG File Processing Stats

File Path                                      PID    Runtime      # DAGs    # Errors  Last Runtime    Last Run
---------------------------------------------  -----  ---------  --------  ----------  --------------  -------------------
/opt/airflow/dags/supermarket_etl_pipeline.py                           1           0  0.30s           2026-08-27T07:01:45
================================================================================
[2026-08-27T07:02:16.996+0000] {manager.py:879} INFO - 
================================================================================
DAG File Processing Stats

File Path                                      PID    Runtime      # DAGs    # Errors  Last Runtime    Last Run
---------------------------------------------  -----  ---------  --------  ----------  --------------  -------------------
/opt/airflow/dags/supermarket_etl_pipeline.py                           1           0  0.33s           2026-08-27T07:02:16
================================================================================
[2026-08-27T07:02:47.503+0000] {manager.py:879} INFO - 
================================================================================
DAG File Processing Stats

File Path                                      PID    Runtime      # DAGs    # Errors  Last Runtime    Last Run
---------------------------------------------  -----  ---------  --------  ----------  --------------  -------------------
/opt/airflow/dags/supermarket_etl_pipeline.py                           1           0  0.40s           2026-08-27T07:02:46
================================================================================
[2026-08-27T07:03:17.958+0000] {manager.py:879} INFO - 
================================================================================
DAG File Processing Stats

File Path                                      PID    Runtime      # DAGs    # Errors  Last Runtime    Last Run
---------------------------------------------  -----  ---------  --------  ----------  --------------  -------------------
/opt/airflow/dags/supermarket_etl_pipeline.py                           1           0  0.33s           2026-08-27T07:03:17
================================================================================
[2026-08-27T07:03:48.430+0000] {manager.py:879} INFO - 
================================================================================
DAG File Processing Stats

File Path                                      PID    Runtime      # DAGs    # Errors  Last Runtime    Last Run
---------------------------------------------  -----  ---------  --------  ----------  --------------  -------------------
/opt/airflow/dags/supermarket_etl_pipeline.py                           1           0  0.35s           2026-08-27T07:03:47
================================================================================
[2026-08-27T07:04:18.880+0000] {manager.py:879} INFO - 
================================================================================
DAG File Processing Stats

File Path                                      PID    Runtime      # DAGs    # Errors  Last Runtime    Last Run
---------------------------------------------  -----  ---------  --------  ----------  --------------  -------------------
/opt/airflow/dags/supermarket_etl_pipeline.py                           1           0  0.33s           2026-08-27T07:04:18
================================================================================
[2026-08-27T07:04:49.294+0000] {manager.py:879} INFO - 
================================================================================
DAG File Processing Stats

File Path                                      PID    Runtime      # DAGs    # Errors  Last Runtime    Last Run
---------------------------------------------  -----  ---------  --------  ----------  --------------  -------------------
/opt/airflow/dags/supermarket_etl_pipeline.py                           1           0  0.34s           2026-08-27T07:04:48
================================================================================
[2026-08-27T07:05:19.784+0000] {manager.py:879} INFO - 
================================================================================
DAG File Processing Stats

File Path                                      PID    Runtime      # DAGs    # Errors  Last Runtime    Last Run
---------------------------------------------  -----  ---------  --------  ----------  --------------  -------------------
/opt/airflow/dags/supermarket_etl_pipeline.py                           1           0  0.35s           2026-08-27T07:05:18
================================================================================
[2026-08-27T07:05:50.202+0000] {manager.py:879} INFO - 
================================================================================
DAG File Processing Stats

File Path                                      PID    Runtime      # DAGs    # Errors  Last Runtime    Last Run
---------------------------------------------  -----  ---------  --------  ----------  --------------  -------------------
/opt/airflow/dags/supermarket_etl_pipeline.py                           1           0  0.33s           2026-08-27T07:05:49
================================================================================
[2026-08-27T07:05:58.270+0000] {manager.py:738} INFO - Searching for files in /opt/airflow/dags
[2026-08-27T07:05:58.371+0000] {manager.py:741} INFO - There are 1 files in /opt/airflow/dags
[2026-08-27T07:06:20.698+0000] {manager.py:879} INFO - 
================================================================================
DAG File Processing Stats

File Path                                      PID    Runtime      # DAGs    # Errors  Last Runtime    Last Run
---------------------------------------------  -----  ---------  --------  ----------  --------------  -------------------
/opt/airflow/dags/supermarket_etl_pipeline.py                           1           0  0.32s           2026-08-27T07:06:19
================================================================================
[2026-08-27T07:06:51.159+0000] {manager.py:879} INFO - 
================================================================================
DAG File Processing Stats

File Path                                      PID    Runtime      # DAGs    # Errors  Last Runtime    Last Run
---------------------------------------------  -----  ---------  --------  ----------  --------------  -------------------
/opt/airflow/dags/supermarket_etl_pipeline.py                           1           0  0.41s           2026-08-27T07:06:50
================================================================================
[2026-08-27T07:07:21.774+0000] {manager.py:879} INFO - 
================================================================================
DAG File Processing Stats

File Path                                      PID    Runtime      # DAGs    # Errors  Last Runtime    Last Run
---------------------------------------------  -----  ---------  --------  ----------  --------------  -------------------
/opt/airflow/dags/supermarket_etl_pipeline.py                           1           0  0.30s           2026-08-27T07:07:21
================================================================================
[2026-08-27T07:07:52.377+0000] {manager.py:879} INFO - 
================================================================================
DAG File Processing Stats

File Path                                      PID    Runtime      # DAGs    # Errors  Last Runtime    Last Run
---------------------------------------------  -----  ---------  --------  ----------  --------------  -------------------
/opt/airflow/dags/supermarket_etl_pipeline.py                           1           0  0.33s           2026-08-27T07:07:51
================================================================================
[2026-08-27T07:08:22.978+0000] {manager.py:879} INFO - 
================================================================================
DAG File Processing Stats

File Path                                      PID    Runtime      # DAGs    # Errors  Last Runtime    Last Run
---------------------------------------------  -----  ---------  --------  ----------  --------------  -------------------
/opt/airflow/dags/supermarket_etl_pipeline.py                           1           0  0.39s           2026-08-27T07:08:22
================================================================================
[2026-08-27T07:08:53.005+0000] {manager.py:879} INFO - 
================================================================================
DAG File Processing Stats

File Path                                      PID    Runtime      # DAGs    # Errors  Last Runtime    Last Run
---------------------------------------------  -----  ---------  --------  ----------  --------------  -------------------
/opt/airflow/dags/supermarket_etl_pipeline.py                           1           0  0.34s           2026-08-27T07:08:52
================================================================================
[2026-08-27T07:09:23.314+0000] {manager.py:879} INFO - 
================================================================================
DAG File Processing Stats

File Path                                        PID  Runtime      # DAGs    # Errors  Last Runtime    Last Run
---------------------------------------------  -----  ---------  --------  ----------  --------------  -------------------
/opt/airflow/dags/supermarket_etl_pipeline.py   3611  0.00s             1           0  0.34s           2026-08-27T07:08:52
================================================================================
[2026-08-27T07:09:53.626+0000] {manager.py:879} INFO - 
================================================================================
DAG File Processing Stats

File Path                                      PID    Runtime      # DAGs    # Errors  Last Runtime    Last Run
---------------------------------------------  -----  ---------  --------  ----------  --------------  -------------------
/opt/airflow/dags/supermarket_etl_pipeline.py                           1           0  0.37s           2026-08-27T07:09:23
================================================================================
[2026-08-27T07:10:23.755+0000] {manager.py:879} INFO - 
================================================================================
DAG File Processing Stats

File Path                                      PID    Runtime      # DAGs    # Errors  Last Runtime    Last Run
---------------------------------------------  -----  ---------  --------  ----------  --------------  -------------------
/opt/airflow/dags/supermarket_etl_pipeline.py                           1           0  0.39s           2026-08-27T07:09:54
================================================================================
[2026-08-27T07:10:54.078+0000] {manager.py:879} INFO - 
================================================================================
DAG File Processing Stats

File Path                                      PID    Runtime      # DAGs    # Errors  Last Runtime    Last Run
---------------------------------------------  -----  ---------  --------  ----------  --------------  -------------------
/opt/airflow/dags/supermarket_etl_pipeline.py                           1           0  0.41s           2026-08-27T07:10:25
================================================================================
[2026-08-27T07:10:58.536+0000] {manager.py:738} INFO - Searching for files in /opt/airflow/dags
[2026-08-27T07:10:58.617+0000] {manager.py:741} INFO - There are 1 files in /opt/airflow/dags
[2026-08-27T07:11:24.244+0000] {manager.py:879} INFO - 
================================================================================
DAG File Processing Stats

File Path                                      PID    Runtime      # DAGs    # Errors  Last Runtime    Last Run
---------------------------------------------  -----  ---------  --------  ----------  --------------  -------------------
/opt/airflow/dags/supermarket_etl_pipeline.py                           1           0  0.45s           2026-08-27T07:10:55
================================================================================
[2026-08-27T07:11:54.546+0000] {manager.py:879} INFO - 
================================================================================
DAG File Processing Stats

File Path                                      PID    Runtime      # DAGs    # Errors  Last Runtime    Last Run
---------------------------------------------  -----  ---------  --------  ----------  --------------  -------------------
/opt/airflow/dags/supermarket_etl_pipeline.py                           1           0  0.37s           2026-08-27T07:11:26
================================================================================
[2026-08-27T07:12:25.195+0000] {manager.py:879} INFO - 
================================================================================
DAG File Processing Stats

File Path                                      PID    Runtime      # DAGs    # Errors  Last Runtime    Last Run
---------------------------------------------  -----  ---------  --------  ----------  --------------  -------------------
/opt/airflow/dags/supermarket_etl_pipeline.py                           1           0  0.28s           2026-08-27T07:11:57
================================================================================
[2026-08-27T07:12:55.817+0000] {manager.py:879} INFO - 
================================================================================
DAG File Processing Stats

File Path                                      PID    Runtime      # DAGs    # Errors  Last Runtime    Last Run
---------------------------------------------  -----  ---------  --------  ----------  --------------  -------------------
/opt/airflow/dags/supermarket_etl_pipeline.py                           1           0  0.40s           2026-08-27T07:12:27
================================================================================
[2026-08-27T07:13:26.227+0000] {manager.py:879} INFO - 
================================================================================
DAG File Processing Stats

File Path                                      PID    Runtime      # DAGs    # Errors  Last Runtime    Last Run
---------------------------------------------  -----  ---------  --------  ----------  --------------  -------------------
/opt/airflow/dags/supermarket_etl_pipeline.py                           1           0  0.34s           2026-08-27T07:12:58
================================================================================
[2026-08-27T07:13:56.821+0000] {manager.py:879} INFO - 
================================================================================
DAG File Processing Stats

File Path                                      PID    Runtime      # DAGs    # Errors  Last Runtime    Last Run
---------------------------------------------  -----  ---------  --------  ----------  --------------  -------------------
/opt/airflow/dags/supermarket_etl_pipeline.py                           1           0  0.32s           2026-08-27T07:13:28
================================================================================
[2026-08-27T07:14:27.152+0000] {manager.py:879} INFO - 
================================================================================
DAG File Processing Stats

File Path                                      PID    Runtime      # DAGs    # Errors  Last Runtime    Last Run
---------------------------------------------  -----  ---------  --------  ----------  --------------  -------------------
/opt/airflow/dags/supermarket_etl_pipeline.py                           1           0  0.30s           2026-08-27T07:13:59
================================================================================
[2026-08-27T07:14:57.748+0000] {manager.py:879} INFO - 
================================================================================
DAG File Processing Stats

File Path                                      PID    Runtime      # DAGs    # Errors  Last Runtime    Last Run
---------------------------------------------  -----  ---------  --------  ----------  --------------  -------------------
/opt/airflow/dags/supermarket_etl_pipeline.py                           1           0  0.39s           2026-08-27T07:14:29
================================================================================
[2026-08-27T07:15:27.800+0000] {manager.py:879} INFO - 
================================================================================
DAG File Processing Stats

File Path                                      PID    Runtime      # DAGs    # Errors  Last Runtime    Last Run
---------------------------------------------  -----  ---------  --------  ----------  --------------  -------------------
/opt/airflow/dags/supermarket_etl_pipeline.py                           1           0  0.34s           2026-08-27T07:15:00
================================================================================
[2026-08-27T07:15:58.097+0000] {manager.py:879} INFO - 
================================================================================
DAG File Processing Stats

File Path                                      PID    Runtime      # DAGs    # Errors  Last Runtime    Last Run
---------------------------------------------  -----  ---------  --------  ----------  --------------  -------------------
/opt/airflow/dags/supermarket_etl_pipeline.py                           1           0  0.32s           2026-08-27T07:15:31
================================================================================
[2026-08-27T07:15:59.105+0000] {manager.py:738} INFO - Searching for files in /opt/airflow/dags
[2026-08-27T07:15:59.178+0000] {manager.py:741} INFO - There are 1 files in /opt/airflow/dags
[2026-08-27T07:16:28.731+0000] {manager.py:879} INFO - 
================================================================================
DAG File Processing Stats

File Path                                      PID    Runtime      # DAGs    # Errors  Last Runtime    Last Run
---------------------------------------------  -----  ---------  --------  ----------  --------------  -------------------
/opt/airflow/dags/supermarket_etl_pipeline.py                           1           0  0.33s           2026-08-27T07:16:01
================================================================================
[2026-08-27T07:16:58.948+0000] {manager.py:879} INFO - 
================================================================================
DAG File Processing Stats

File Path                                      PID    Runtime      # DAGs    # Errors  Last Runtime    Last Run
---------------------------------------------  -----  ---------  --------  ----------  --------------  -------------------
/opt/airflow/dags/supermarket_etl_pipeline.py                           1           0  0.41s           2026-08-27T07:16:32
================================================================================
[2026-08-27T07:17:29.606+0000] {manager.py:879} INFO - 
================================================================================
DAG File Processing Stats

File Path                                      PID    Runtime      # DAGs    # Errors  Last Runtime    Last Run
---------------------------------------------  -----  ---------  --------  ----------  --------------  -------------------
/opt/airflow/dags/supermarket_etl_pipeline.py                           1           0  0.35s           2026-08-27T07:17:02
================================================================================
[2026-08-27T07:17:59.613+0000] {manager.py:879} INFO - 
================================================================================
DAG File Processing Stats

File Path                                      PID    Runtime      # DAGs    # Errors  Last Runtime    Last Run
---------------------------------------------  -----  ---------  --------  ----------  --------------  -------------------
/opt/airflow/dags/supermarket_etl_pipeline.py                           1           0  0.32s           2026-08-27T07:17:33
================================================================================
[2026-08-27T07:18:29.939+0000] {manager.py:879} INFO - 
================================================================================
DAG File Processing Stats

File Path                                      PID    Runtime      # DAGs    # Errors  Last Runtime    Last Run
---------------------------------------------  -----  ---------  --------  ----------  --------------  -------------------
/opt/airflow/dags/supermarket_etl_pipeline.py                           1           0  0.43s           2026-08-27T07:18:04
================================================================================
[2026-08-27T07:19:00.097+0000] {manager.py:879} INFO - 
================================================================================
DAG File Processing Stats

File Path                                      PID    Runtime      # DAGs    # Errors  Last Runtime    Last Run
---------------------------------------------  -----  ---------  --------  ----------  --------------  -------------------
/opt/airflow/dags/supermarket_etl_pipeline.py                           1           0  0.39s           2026-08-27T07:18:34
================================================================================
[2026-08-27T07:19:30.374+0000] {manager.py:879} INFO - 
================================================================================
DAG File Processing Stats

File Path                                      PID    Runtime      # DAGs    # Errors  Last Runtime    Last Run
---------------------------------------------  -----  ---------  --------  ----------  --------------  -------------------
/opt/airflow/dags/supermarket_etl_pipeline.py                           1           0  0.32s           2026-08-27T07:19:05
================================================================================
[2026-08-27T07:20:00.431+0000] {manager.py:879} INFO - 
================================================================================
DAG File Processing Stats

File Path                                      PID    Runtime      # DAGs    # Errors  Last Runtime    Last Run
---------------------------------------------  -----  ---------  --------  ----------  --------------  -------------------
/opt/airflow/dags/supermarket_etl_pipeline.py                           1           0  0.43s           2026-08-27T07:19:36
================================================================================
[2026-08-27T07:20:30.744+0000] {manager.py:879} INFO - 
================================================================================
DAG File Processing Stats

File Path                                      PID    Runtime      # DAGs    # Errors  Last Runtime    Last Run
---------------------------------------------  -----  ---------  --------  ----------  --------------  -------------------
/opt/airflow/dags/supermarket_etl_pipeline.py                           1           0  0.39s           2026-08-27T07:20:06
================================================================================
[2026-08-27T07:20:59.413+0000] {manager.py:738} INFO - Searching for files in /opt/airflow/dags
[2026-08-27T07:20:59.441+0000] {manager.py:741} INFO - There are 1 files in /opt/airflow/dags
[2026-08-27T07:21:00.915+0000] {manager.py:879} INFO - 
================================================================================
DAG File Processing Stats

File Path                                      PID    Runtime      # DAGs    # Errors  Last Runtime    Last Run
---------------------------------------------  -----  ---------  --------  ----------  --------------  -------------------
/opt/airflow/dags/supermarket_etl_pipeline.py                           1           0  0.50s           2026-08-27T07:20:37
================================================================================
[2026-08-27T07:21:31.223+0000] {manager.py:879} INFO - 
================================================================================
DAG File Processing Stats

File Path                                      PID    Runtime      # DAGs    # Errors  Last Runtime    Last Run
---------------------------------------------  -----  ---------  --------  ----------  --------------  -------------------
/opt/airflow/dags/supermarket_etl_pipeline.py                           1           0  0.31s           2026-08-27T07:21:08
================================================================================
[2026-08-27T07:22:01.875+0000] {manager.py:879} INFO - 
================================================================================
DAG File Processing Stats

File Path                                      PID    Runtime      # DAGs    # Errors  Last Runtime    Last Run
---------------------------------------------  -----  ---------  --------  ----------  --------------  -------------------
/opt/airflow/dags/supermarket_etl_pipeline.py                           1           0  0.26s           2026-08-27T07:21:38
================================================================================
[2026-08-27T07:22:32.433+0000] {manager.py:879} INFO - 
================================================================================
DAG File Processing Stats

File Path                                      PID    Runtime      # DAGs    # Errors  Last Runtime    Last Run
---------------------------------------------  -----  ---------  --------  ----------  --------------  -------------------
/opt/airflow/dags/supermarket_etl_pipeline.py                           1           0  0.46s           2026-08-27T07:22:09
================================================================================
[2026-08-27T07:23:02.917+0000] {manager.py:879} INFO - 
================================================================================
DAG File Processing Stats

File Path                                      PID    Runtime      # DAGs    # Errors  Last Runtime    Last Run
---------------------------------------------  -----  ---------  --------  ----------  --------------  -------------------
/opt/airflow/dags/supermarket_etl_pipeline.py                           1           0  0.36s           2026-08-27T07:22:39
================================================================================
[2026-08-27T07:23:33.448+0000] {manager.py:879} INFO - 
================================================================================
DAG File Processing Stats

File Path                                      PID    Runtime      # DAGs    # Errors  Last Runtime    Last Run
---------------------------------------------  -----  ---------  --------  ----------  --------------  -------------------
/opt/airflow/dags/supermarket_etl_pipeline.py                           1           0  0.40s           2026-08-27T07:23:10
================================================================================
[2026-08-27T07:24:03.915+0000] {manager.py:879} INFO - 
================================================================================
DAG File Processing Stats

File Path                                      PID    Runtime      # DAGs    # Errors  Last Runtime    Last Run
---------------------------------------------  -----  ---------  --------  ----------  --------------  -------------------
/opt/airflow/dags/supermarket_etl_pipeline.py                           1           0  0.38s           2026-08-27T07:23:40
================================================================================
[2026-08-27T07:24:34.476+0000] {manager.py:879} INFO - 
================================================================================
DAG File Processing Stats

File Path                                      PID    Runtime      # DAGs    # Errors  Last Runtime    Last Run
---------------------------------------------  -----  ---------  --------  ----------  --------------  -------------------
/opt/airflow/dags/supermarket_etl_pipeline.py                           1           0  0.37s           2026-08-27T07:24:11
================================================================================
[2026-08-27T07:25:04.940+0000] {manager.py:879} INFO - 
================================================================================
DAG File Processing Stats

File Path                                      PID    Runtime      # DAGs    # Errors  Last Runtime    Last Run
---------------------------------------------  -----  ---------  --------  ----------  --------------  -------------------
/opt/airflow/dags/supermarket_etl_pipeline.py                           1           0  0.42s           2026-08-27T07:24:41
================================================================================
[2026-08-27T07:25:35.571+0000] {manager.py:879} INFO - 
================================================================================
DAG File Processing Stats

File Path                                      PID    Runtime      # DAGs    # Errors  Last Runtime    Last Run
---------------------------------------------  -----  ---------  --------  ----------  --------------  -------------------
/opt/airflow/dags/supermarket_etl_pipeline.py                           1           0  0.45s           2026-08-27T07:25:12
================================================================================
[2026-08-27T07:25:59.991+0000] {manager.py:738} INFO - Searching for files in /opt/airflow/dags
[2026-08-27T07:26:00.147+0000] {manager.py:741} INFO - There are 1 files in /opt/airflow/dags
[2026-08-27T07:26:06.226+0000] {manager.py:879} INFO - 
================================================================================
DAG File Processing Stats

File Path                                      PID    Runtime      # DAGs    # Errors  Last Runtime    Last Run
---------------------------------------------  -----  ---------  --------  ----------  --------------  -------------------
/opt/airflow/dags/supermarket_etl_pipeline.py                           1           0  0.42s           2026-08-27T07:25:43
================================================================================
[2026-08-27T07:26:36.532+0000] {manager.py:879} INFO - 
================================================================================
DAG File Processing Stats

File Path                                      PID    Runtime      # DAGs    # Errors  Last Runtime    Last Run
---------------------------------------------  -----  ---------  --------  ----------  --------------  -------------------
/opt/airflow/dags/supermarket_etl_pipeline.py                           1           0  0.41s           2026-08-27T07:26:13
================================================================================
[2026-08-27T07:31:00.132+0000] {manager.py:738} INFO - Searching for files in /opt/airflow/dags
[2026-08-27T07:31:00.193+0000] {manager.py:741} INFO - There are 1 files in /opt/airflow/dags
[2026-08-27T07:31:12.307+0000] {manager.py:879} INFO - 
================================================================================
DAG File Processing Stats

File Path                                      PID    Runtime      # DAGs    # Errors  Last Runtime    Last Run
---------------------------------------------  -----  ---------  --------  ----------  --------------  -------------------
/opt/airflow/dags/supermarket_etl_pipeline.py                           1           0  0.37s           2026-08-27T07:30:54
================================================================================
[2026-08-27T07:31:42.848+0000] {manager.py:879} INFO - 
================================================================================
DAG File Processing Stats

File Path                                      PID    Runtime      # DAGs    # Errors  Last Runtime    Last Run
---------------------------------------------  -----  ---------  --------  ----------  --------------  -------------------
/opt/airflow/dags/supermarket_etl_pipeline.py                           1           0  0.35s           2026-08-27T07:31:25
================================================================================
[2026-08-27T07:32:12.984+0000] {manager.py:879} INFO - 
================================================================================
DAG File Processing Stats

File Path                                      PID    Runtime      # DAGs    # Errors  Last Runtime    Last Run
---------------------------------------------  -----  ---------  --------  ----------  --------------  -------------------
/opt/airflow/dags/supermarket_etl_pipeline.py                           1           0  0.48s           2026-08-27T07:31:55
================================================================================
[2026-08-27T07:32:43.299+0000] {manager.py:879} INFO - 
================================================================================
DAG File Processing Stats

File Path                                      PID    Runtime      # DAGs    # Errors  Last Runtime    Last Run
---------------------------------------------  -----  ---------  --------  ----------  --------------  -------------------
/opt/airflow/dags/supermarket_etl_pipeline.py                           1           0  0.32s           2026-08-27T07:32:26
================================================================================
[2026-08-27T07:33:13.925+0000] {manager.py:879} INFO - 
================================================================================
DAG File Processing Stats

File Path                                      PID    Runtime      # DAGs    # Errors  Last Runtime    Last Run
---------------------------------------------  -----  ---------  --------  ----------  --------------  -------------------
/opt/airflow/dags/supermarket_etl_pipeline.py                           1           0  0.34s           2026-08-27T07:32:57
================================================================================
[2026-08-27T07:33:44.568+0000] {manager.py:879} INFO - 
================================================================================
DAG File Processing Stats

File Path                                      PID    Runtime      # DAGs    # Errors  Last Runtime    Last Run
---------------------------------------------  -----  ---------  --------  ----------  --------------  -------------------
/opt/airflow/dags/supermarket_etl_pipeline.py                           1           0  0.34s           2026-08-27T07:33:27
================================================================================
[2026-08-27T07:34:15.211+0000] {manager.py:879} INFO - 
================================================================================
DAG File Processing Stats

File Path                                      PID    Runtime      # DAGs    # Errors  Last Runtime    Last Run
---------------------------------------------  -----  ---------  --------  ----------  --------------  -------------------
/opt/airflow/dags/supermarket_etl_pipeline.py                           1           0  0.33s           2026-08-27T07:33:58
================================================================================
[2026-08-27T07:34:45.221+0000] {manager.py:879} INFO - 
================================================================================
DAG File Processing Stats

File Path                                      PID    Runtime      # DAGs    # Errors  Last Runtime    Last Run
---------------------------------------------  -----  ---------  --------  ----------  --------------  -------------------
/opt/airflow/dags/supermarket_etl_pipeline.py                           1           0  0.40s           2026-08-27T07:34:29
================================================================================
[2026-08-27T07:35:15.528+0000] {manager.py:879} INFO - 
================================================================================
DAG File Processing Stats

File Path                                      PID    Runtime      # DAGs    # Errors  Last Runtime    Last Run
---------------------------------------------  -----  ---------  --------  ----------  --------------  -------------------
/opt/airflow/dags/supermarket_etl_pipeline.py                           1           0  0.32s           2026-08-27T07:34:59
================================================================================
[2026-08-27T07:35:45.582+0000] {manager.py:879} INFO - 
================================================================================
DAG File Processing Stats

File Path                                      PID    Runtime      # DAGs    # Errors  Last Runtime    Last Run
---------------------------------------------  -----  ---------  --------  ----------  --------------  -------------------
/opt/airflow/dags/supermarket_etl_pipeline.py                           1           0  0.44s           2026-08-27T07:35:30
================================================================================
[2026-08-27T07:36:00.290+0000] {manager.py:738} INFO - Searching for files in /opt/airflow/dags
[2026-08-27T07:36:00.352+0000] {manager.py:741} INFO - There are 1 files in /opt/airflow/dags
[2026-08-27T07:36:15.884+0000] {manager.py:879} INFO - 
================================================================================
DAG File Processing Stats

File Path                                      PID    Runtime      # DAGs    # Errors  Last Runtime    Last Run
---------------------------------------------  -----  ---------  --------  ----------  --------------  -------------------
/opt/airflow/dags/supermarket_etl_pipeline.py                           1           0  0.30s           2026-08-27T07:36:01
================================================================================
[2026-08-27T07:36:46.543+0000] {manager.py:879} INFO - 
================================================================================
DAG File Processing Stats

File Path                                      PID    Runtime      # DAGs    # Errors  Last Runtime    Last Run
---------------------------------------------  -----  ---------  --------  ----------  --------------  -------------------
/opt/airflow/dags/supermarket_etl_pipeline.py                           1           0  0.30s           2026-08-27T07:36:31
================================================================================
[2026-08-27T07:37:17.124+0000] {manager.py:879} INFO - 
================================================================================
DAG File Processing Stats

File Path                                      PID    Runtime      # DAGs    # Errors  Last Runtime    Last Run
---------------------------------------------  -----  ---------  --------  ----------  --------------  -------------------
/opt/airflow/dags/supermarket_etl_pipeline.py                           1           0  0.33s           2026-08-27T07:37:02
================================================================================
[2026-08-27T07:37:47.541+0000] {manager.py:879} INFO - 
================================================================================
DAG File Processing Stats

File Path                                      PID    Runtime      # DAGs    # Errors  Last Runtime    Last Run
---------------------------------------------  -----  ---------  --------  ----------  --------------  -------------------
/opt/airflow/dags/supermarket_etl_pipeline.py                           1           0  0.34s           2026-08-27T07:37:32
================================================================================
[2026-08-27T07:38:18.101+0000] {manager.py:879} INFO - 
================================================================================
DAG File Processing Stats

File Path                                      PID    Runtime      # DAGs    # Errors  Last Runtime    Last Run
---------------------------------------------  -----  ---------  --------  ----------  --------------  -------------------
/opt/airflow/dags/supermarket_etl_pipeline.py                           1           0  0.40s           2026-08-27T07:38:03
================================================================================
[2026-08-27T07:38:48.515+0000] {manager.py:879} INFO - 
================================================================================
DAG File Processing Stats

File Path                                      PID    Runtime      # DAGs    # Errors  Last Runtime    Last Run
---------------------------------------------  -----  ---------  --------  ----------  --------------  -------------------
/opt/airflow/dags/supermarket_etl_pipeline.py                           1           0  0.33s           2026-08-27T07:38:33
================================================================================
[2026-08-27T07:39:19.027+0000] {manager.py:879} INFO - 
================================================================================
DAG File Processing Stats

File Path                                      PID    Runtime      # DAGs    # Errors  Last Runtime    Last Run
---------------------------------------------  -----  ---------  --------  ----------  --------------  -------------------
/opt/airflow/dags/supermarket_etl_pipeline.py                           1           0  0.30s           2026-08-27T07:39:03
================================================================================
[2026-08-27T07:39:49.413+0000] {manager.py:879} INFO - 
================================================================================
DAG File Processing Stats

File Path                                      PID    Runtime      # DAGs    # Errors  Last Runtime    Last Run
---------------------------------------------  -----  ---------  --------  ----------  --------------  -------------------
/opt/airflow/dags/supermarket_etl_pipeline.py                           1           0  0.33s           2026-08-27T07:39:34
================================================================================
[2026-08-27T07:40:19.986+0000] {manager.py:879} INFO - 
================================================================================
DAG File Processing Stats

File Path                                      PID    Runtime      # DAGs    # Errors  Last Runtime    Last Run
---------------------------------------------  -----  ---------  --------  ----------  --------------  -------------------
/opt/airflow/dags/supermarket_etl_pipeline.py                           1           0  0.35s           2026-08-27T07:40:04
================================================================================
[2026-08-27T07:40:50.395+0000] {manager.py:879} INFO - 
================================================================================
DAG File Processing Stats

File Path                                      PID    Runtime      # DAGs    # Errors  Last Runtime    Last Run
---------------------------------------------  -----  ---------  --------  ----------  --------------  -------------------
/opt/airflow/dags/supermarket_etl_pipeline.py                           1           0  0.45s           2026-08-27T07:40:35
================================================================================
[2026-08-27T07:41:00.482+0000] {manager.py:738} INFO - Searching for files in /opt/airflow/dags
[2026-08-27T07:41:00.563+0000] {manager.py:741} INFO - There are 1 files in /opt/airflow/dags
[2026-08-27T07:41:20.473+0000] {manager.py:879} INFO - 
================================================================================
DAG File Processing Stats

File Path                                      PID    Runtime      # DAGs    # Errors  Last Runtime    Last Run
---------------------------------------------  -----  ---------  --------  ----------  --------------  -------------------
/opt/airflow/dags/supermarket_etl_pipeline.py                           1           0  0.37s           2026-08-27T07:41:06
================================================================================
[2026-08-27T07:41:50.799+0000] {manager.py:879} INFO - 
================================================================================
DAG File Processing Stats

File Path                                      PID    Runtime      # DAGs    # Errors  Last Runtime    Last Run
---------------------------------------------  -----  ---------  --------  ----------  --------------  -------------------
/opt/airflow/dags/supermarket_etl_pipeline.py                           1           0  0.35s           2026-08-27T07:41:37
================================================================================
[2026-08-27T07:42:21.473+0000] {manager.py:879} INFO - 
================================================================================
DAG File Processing Stats

File Path                                      PID    Runtime      # DAGs    # Errors  Last Runtime    Last Run
---------------------------------------------  -----  ---------  --------  ----------  --------------  -------------------
/opt/airflow/dags/supermarket_etl_pipeline.py                           1           0  0.35s           2026-08-27T07:42:07
================================================================================
[2026-08-27T07:42:52.117+0000] {manager.py:879} INFO - 
================================================================================
DAG File Processing Stats

File Path                                      PID    Runtime      # DAGs    # Errors  Last Runtime    Last Run
---------------------------------------------  -----  ---------  --------  ----------  --------------  -------------------
/opt/airflow/dags/supermarket_etl_pipeline.py                           1           0  0.34s           2026-08-27T07:42:38
================================================================================
[2026-08-27T07:43:22.752+0000] {manager.py:879} INFO - 
================================================================================
DAG File Processing Stats

File Path                                      PID    Runtime      # DAGs    # Errors  Last Runtime    Last Run
---------------------------------------------  -----  ---------  --------  ----------  --------------  -------------------
/opt/airflow/dags/supermarket_etl_pipeline.py                           1           0  0.34s           2026-08-27T07:43:08
================================================================================
[2026-08-27T07:43:53.358+0000] {manager.py:879} INFO - 
================================================================================
DAG File Processing Stats

File Path                                      PID    Runtime      # DAGs    # Errors  Last Runtime    Last Run
---------------------------------------------  -----  ---------  --------  ----------  --------------  -------------------
/opt/airflow/dags/supermarket_etl_pipeline.py                           1           0  0.33s           2026-08-27T07:43:39
================================================================================
[2026-08-27T07:44:23.963+0000] {manager.py:879} INFO - 
================================================================================
DAG File Processing Stats

File Path                                      PID    Runtime      # DAGs    # Errors  Last Runtime    Last Run
---------------------------------------------  -----  ---------  --------  ----------  --------------  -------------------
/opt/airflow/dags/supermarket_etl_pipeline.py                           1           0  0.32s           2026-08-27T07:44:10
================================================================================
[2026-08-27T07:44:54.573+0000] {manager.py:879} INFO - 
================================================================================
DAG File Processing Stats

File Path                                      PID    Runtime      # DAGs    # Errors  Last Runtime    Last Run
---------------------------------------------  -----  ---------  --------  ----------  --------------  -------------------
/opt/airflow/dags/supermarket_etl_pipeline.py                           1           0  0.31s           2026-08-27T07:44:40
================================================================================
[2026-08-27T07:45:24.592+0000] {manager.py:879} INFO - 
================================================================================
DAG File Processing Stats

File Path                                      PID    Runtime      # DAGs    # Errors  Last Runtime    Last Run
---------------------------------------------  -----  ---------  --------  ----------  --------------  -------------------
/opt/airflow/dags/supermarket_etl_pipeline.py                           1           0  0.45s           2026-08-27T07:45:11
================================================================================
[2026-08-27T07:45:54.913+0000] {manager.py:879} INFO - 
================================================================================
DAG File Processing Stats

File Path                                      PID    Runtime      # DAGs    # Errors  Last Runtime    Last Run
---------------------------------------------  -----  ---------  --------  ----------  --------------  -------------------
/opt/airflow/dags/supermarket_etl_pipeline.py                           1           0  0.33s           2026-08-27T07:45:42
================================================================================
[2026-08-27T07:46:00.973+0000] {manager.py:738} INFO - Searching for files in /opt/airflow/dags
[2026-08-27T07:46:01.041+0000] {manager.py:741} INFO - There are 1 files in /opt/airflow/dags
[2026-08-27T07:46:25.478+0000] {manager.py:879} INFO - 
================================================================================
DAG File Processing Stats

File Path                                      PID    Runtime      # DAGs    # Errors  Last Runtime    Last Run
---------------------------------------------  -----  ---------  --------  ----------  --------------  -------------------
/opt/airflow/dags/supermarket_etl_pipeline.py                           1           0  0.36s           2026-08-27T07:46:12
================================================================================
[2026-08-27T07:46:55.975+0000] {manager.py:879} INFO - 
================================================================================
DAG File Processing Stats

File Path                                      PID    Runtime      # DAGs    # Errors  Last Runtime    Last Run
---------------------------------------------  -----  ---------  --------  ----------  --------------  -------------------
/opt/airflow/dags/supermarket_etl_pipeline.py                           1           0  0.41s           2026-08-27T07:46:43
================================================================================
[2026-08-27T07:47:26.445+0000] {manager.py:879} INFO - 
================================================================================
DAG File Processing Stats

File Path                                      PID    Runtime      # DAGs    # Errors  Last Runtime    Last Run
---------------------------------------------  -----  ---------  --------  ----------  --------------  -------------------
/opt/airflow/dags/supermarket_etl_pipeline.py                           1           0  0.44s           2026-08-27T07:47:13
================================================================================
[2026-08-27T07:47:56.520+0000] {manager.py:879} INFO - 
================================================================================
DAG File Processing Stats

File Path                                      PID    Runtime      # DAGs    # Errors  Last Runtime    Last Run
---------------------------------------------  -----  ---------  --------  ----------  --------------  -------------------
/opt/airflow/dags/supermarket_etl_pipeline.py                           1           0  0.41s           2026-08-27T07:47:44
================================================================================
[2026-08-27T07:48:26.821+0000] {manager.py:879} INFO - 
================================================================================
DAG File Processing Stats

File Path                                      PID    Runtime      # DAGs    # Errors  Last Runtime    Last Run
---------------------------------------------  -----  ---------  --------  ----------  --------------  -------------------
/opt/airflow/dags/supermarket_etl_pipeline.py                           1           0  0.41s           2026-08-27T07:48:15
================================================================================
[2026-08-27T07:48:56.977+0000] {manager.py:879} INFO - 
================================================================================
DAG File Processing Stats

File Path                                      PID    Runtime      # DAGs    # Errors  Last Runtime    Last Run
---------------------------------------------  -----  ---------  --------  ----------  --------------  -------------------
/opt/airflow/dags/supermarket_etl_pipeline.py                           1           0  0.42s           2026-08-27T07:48:45
================================================================================
[2026-08-27T07:49:27.295+0000] {manager.py:879} INFO - 
================================================================================
DAG File Processing Stats

File Path                                      PID    Runtime      # DAGs    # Errors  Last Runtime    Last Run
---------------------------------------------  -----  ---------  --------  ----------  --------------  -------------------
/opt/airflow/dags/supermarket_etl_pipeline.py                           1           0  0.37s           2026-08-27T07:49:16
================================================================================
[2026-08-27T07:49:57.386+0000] {manager.py:879} INFO - 
================================================================================
DAG File Processing Stats

File Path                                      PID    Runtime      # DAGs    # Errors  Last Runtime    Last Run
---------------------------------------------  -----  ---------  --------  ----------  --------------  -------------------
/opt/airflow/dags/supermarket_etl_pipeline.py                           1           0  0.40s           2026-08-27T07:49:47
================================================================================
[2026-08-27T07:50:27.705+0000] {manager.py:879} INFO - 
================================================================================
DAG File Processing Stats

File Path                                      PID    Runtime      # DAGs    # Errors  Last Runtime    Last Run
---------------------------------------------  -----  ---------  --------  ----------  --------------  -------------------
/opt/airflow/dags/supermarket_etl_pipeline.py                           1           0  0.35s           2026-08-27T07:50:17
================================================================================
[2026-08-27T07:50:58.305+0000] {manager.py:879} INFO - 
================================================================================
DAG File Processing Stats

File Path                                      PID    Runtime      # DAGs    # Errors  Last Runtime    Last Run
---------------------------------------------  -----  ---------  --------  ----------  --------------  -------------------
/opt/airflow/dags/supermarket_etl_pipeline.py                           1           0  0.32s           2026-08-27T07:50:48
================================================================================
[2026-08-27T07:51:01.336+0000] {manager.py:738} INFO - Searching for files in /opt/airflow/dags
[2026-08-27T07:51:01.432+0000] {manager.py:741} INFO - There are 1 files in /opt/airflow/dags
[2026-08-27T07:51:28.888+0000] {manager.py:879} INFO - 
================================================================================
DAG File Processing Stats

File Path                                      PID    Runtime      # DAGs    # Errors  Last Runtime    Last Run
---------------------------------------------  -----  ---------  --------  ----------  --------------  -------------------
/opt/airflow/dags/supermarket_etl_pipeline.py                           1           0  0.36s           2026-08-27T07:51:19
================================================================================
[2026-08-27T07:51:59.498+0000] {manager.py:879} INFO - 
================================================================================
DAG File Processing Stats

File Path                                      PID    Runtime      # DAGs    # Errors  Last Runtime    Last Run
---------------------------------------------  -----  ---------  --------  ----------  --------------  -------------------
/opt/airflow/dags/supermarket_etl_pipeline.py                           1           0  0.30s           2026-08-27T07:51:49
================================================================================
[2026-08-27T07:52:29.833+0000] {manager.py:879} INFO - 
================================================================================
DAG File Processing Stats

File Path                                      PID    Runtime      # DAGs    # Errors  Last Runtime    Last Run
---------------------------------------------  -----  ---------  --------  ----------  --------------  -------------------
/opt/airflow/dags/supermarket_etl_pipeline.py                           1           0  0.35s           2026-08-27T07:52:20
================================================================================
[2026-08-27T07:53:00.483+0000] {manager.py:879} INFO - 
================================================================================
DAG File Processing Stats

File Path                                      PID    Runtime      # DAGs    # Errors  Last Runtime    Last Run
---------------------------------------------  -----  ---------  --------  ----------  --------------  -------------------
/opt/airflow/dags/supermarket_etl_pipeline.py                           1           0  0.34s           2026-08-27T07:52:50
================================================================================
[2026-08-27T07:53:30.508+0000] {manager.py:879} INFO - 
================================================================================
DAG File Processing Stats

File Path                                      PID    Runtime      # DAGs    # Errors  Last Runtime    Last Run
---------------------------------------------  -----  ---------  --------  ----------  --------------  -------------------
/opt/airflow/dags/supermarket_etl_pipeline.py                           1           0  0.41s           2026-08-27T07:53:21
================================================================================
[2026-08-27T07:54:00.808+0000] {manager.py:879} INFO - 
================================================================================
DAG File Processing Stats

File Path                                      PID    Runtime      # DAGs    # Errors  Last Runtime    Last Run
---------------------------------------------  -----  ---------  --------  ----------  --------------  -------------------
/opt/airflow/dags/supermarket_etl_pipeline.py                           1           0  0.32s           2026-08-27T07:53:52
================================================================================
[2026-08-27T07:54:31.420+0000] {manager.py:879} INFO - 
================================================================================
DAG File Processing Stats

File Path                                      PID    Runtime      # DAGs    # Errors  Last Runtime    Last Run
---------------------------------------------  -----  ---------  --------  ----------  --------------  -------------------
/opt/airflow/dags/supermarket_etl_pipeline.py                           1           0  0.29s           2026-08-27T07:54:22
================================================================================
[2026-08-27T07:55:01.988+0000] {manager.py:879} INFO - 
================================================================================
DAG File Processing Stats

File Path                                      PID    Runtime      # DAGs    # Errors  Last Runtime    Last Run
---------------------------------------------  -----  ---------  --------  ----------  --------------  -------------------
/opt/airflow/dags/supermarket_etl_pipeline.py                           1           0  0.33s           2026-08-27T07:54:52
================================================================================
[2026-08-27T07:55:32.349+0000] {manager.py:879} INFO - 
================================================================================
DAG File Processing Stats

File Path                                      PID    Runtime      # DAGs    # Errors  Last Runtime    Last Run
---------------------------------------------  -----  ---------  --------  ----------  --------------  -------------------
/opt/airflow/dags/supermarket_etl_pipeline.py                           1           0  0.34s           2026-08-27T07:55:23
================================================================================
[2026-08-27T07:56:01.917+0000] {manager.py:738} INFO - Searching for files in /opt/airflow/dags
[2026-08-27T07:56:01.965+0000] {manager.py:741} INFO - There are 1 files in /opt/airflow/dags
[2026-08-27T07:56:02.985+0000] {manager.py:879} INFO - 
================================================================================
DAG File Processing Stats

File Path                                      PID    Runtime      # DAGs    # Errors  Last Runtime    Last Run
---------------------------------------------  -----  ---------  --------  ----------  --------------  -------------------
/opt/airflow/dags/supermarket_etl_pipeline.py                           1           0  0.38s           2026-08-27T07:55:54
================================================================================
[2026-08-27T07:56:33.617+0000] {manager.py:879} INFO - 
================================================================================
DAG File Processing Stats

File Path                                      PID    Runtime      # DAGs    # Errors  Last Runtime    Last Run
---------------------------------------------  -----  ---------  --------  ----------  --------------  -------------------
/opt/airflow/dags/supermarket_etl_pipeline.py                           1           0  0.31s           2026-08-27T07:56:24
================================================================================
[2026-08-27T07:57:04.238+0000] {manager.py:879} INFO - 
================================================================================
DAG File Processing Stats

File Path                                      PID    Runtime      # DAGs    # Errors  Last Runtime    Last Run
---------------------------------------------  -----  ---------  --------  ----------  --------------  -------------------
/opt/airflow/dags/supermarket_etl_pipeline.py                           1           0  0.31s           2026-08-27T07:56:55
================================================================================
[2026-08-27T07:57:34.837+0000] {manager.py:879} INFO - 
================================================================================
DAG File Processing Stats

File Path                                      PID    Runtime      # DAGs    # Errors  Last Runtime    Last Run
---------------------------------------------  -----  ---------  --------  ----------  --------------  -------------------
/opt/airflow/dags/supermarket_etl_pipeline.py                           1           0  0.39s           2026-08-27T07:57:26
================================================================================
[2026-08-27T07:58:04.914+0000] {manager.py:879} INFO - 
================================================================================
DAG File Processing Stats

File Path                                      PID    Runtime      # DAGs    # Errors  Last Runtime    Last Run
---------------------------------------------  -----  ---------  --------  ----------  --------------  -------------------
/opt/airflow/dags/supermarket_etl_pipeline.py                           1           0  0.39s           2026-08-27T07:57:56
================================================================================
[2026-08-27T07:58:35.248+0000] {manager.py:879} INFO - 
================================================================================
DAG File Processing Stats

File Path                                      PID    Runtime      # DAGs    # Errors  Last Runtime    Last Run
---------------------------------------------  -----  ---------  --------  ----------  --------------  -------------------
/opt/airflow/dags/supermarket_etl_pipeline.py                           1           0  0.31s           2026-08-27T07:58:27
================================================================================
[2026-08-27T07:59:05.899+0000] {manager.py:879} INFO - 
================================================================================
DAG File Processing Stats

File Path                                      PID    Runtime      # DAGs    # Errors  Last Runtime    Last Run
---------------------------------------------  -----  ---------  --------  ----------  --------------  -------------------
/opt/airflow/dags/supermarket_etl_pipeline.py                           1           0  0.36s           2026-08-27T07:58:58
================================================================================
[2026-08-27T07:59:36.201+0000] {manager.py:879} INFO - 
================================================================================
DAG File Processing Stats

File Path                                      PID    Runtime      # DAGs    # Errors  Last Runtime    Last Run
---------------------------------------------  -----  ---------  --------  ----------  --------------  -------------------
/opt/airflow/dags/supermarket_etl_pipeline.py                           1           0  0.59s           2026-08-27T07:59:29
================================================================================
[2026-08-27T08:00:06.881+0000] {manager.py:879} INFO - 
================================================================================
DAG File Processing Stats

File Path                                      PID    Runtime      # DAGs    # Errors  Last Runtime    Last Run
---------------------------------------------  -----  ---------  --------  ----------  --------------  -------------------
/opt/airflow/dags/supermarket_etl_pipeline.py                           1           0  0.47s           2026-08-27T07:59:59
================================================================================
[2026-08-27T08:00:37.265+0000] {manager.py:879} INFO - 
================================================================================
DAG File Processing Stats

File Path                                      PID    Runtime      # DAGs    # Errors  Last Runtime    Last Run
---------------------------------------------  -----  ---------  --------  ----------  --------------  -------------------
/opt/airflow/dags/supermarket_etl_pipeline.py                           1           0  0.43s           2026-08-27T08:00:30
================================================================================
[2026-08-27T08:01:02.230+0000] {manager.py:738} INFO - Searching for files in /opt/airflow/dags
[2026-08-27T08:01:02.294+0000] {manager.py:741} INFO - There are 1 files in /opt/airflow/dags
[2026-08-27T08:01:07.350+0000] {manager.py:879} INFO - 
================================================================================
DAG File Processing Stats

File Path                                      PID    Runtime      # DAGs    # Errors  Last Runtime    Last Run
---------------------------------------------  -----  ---------  --------  ----------  --------------  -------------------
/opt/airflow/dags/supermarket_etl_pipeline.py                           1           0  0.36s           2026-08-27T08:01:01
================================================================================
[2026-08-27T08:01:37.681+0000] {manager.py:879} INFO - 
================================================================================
DAG File Processing Stats

File Path                                      PID    Runtime      # DAGs    # Errors  Last Runtime    Last Run
---------------------------------------------  -----  ---------  --------  ----------  --------------  -------------------
/opt/airflow/dags/supermarket_etl_pipeline.py                           1           0  0.42s           2026-08-27T08:01:32
================================================================================
[2026-08-27T08:02:07.720+0000] {manager.py:879} INFO - 
================================================================================
DAG File Processing Stats

File Path                                      PID    Runtime      # DAGs    # Errors  Last Runtime    Last Run
---------------------------------------------  -----  ---------  --------  ----------  --------------  -------------------
/opt/airflow/dags/supermarket_etl_pipeline.py                           1           0  0.33s           2026-08-27T08:02:02
================================================================================
[2026-08-27T08:02:38.018+0000] {manager.py:879} INFO - 
================================================================================
DAG File Processing Stats

File Path                                      PID    Runtime      # DAGs    # Errors  Last Runtime    Last Run
---------------------------------------------  -----  ---------  --------  ----------  --------------  -------------------
/opt/airflow/dags/supermarket_etl_pipeline.py                           1           0  0.31s           2026-08-27T08:02:33
================================================================================
[2026-08-27T08:03:08.635+0000] {manager.py:879} INFO - 
================================================================================
DAG File Processing Stats

File Path                                      PID    Runtime      # DAGs    # Errors  Last Runtime    Last Run
---------------------------------------------  -----  ---------  --------  ----------  --------------  -------------------
/opt/airflow/dags/supermarket_etl_pipeline.py                           1           0  0.33s           2026-08-27T08:03:03
================================================================================
[2026-08-27T08:03:39.261+0000] {manager.py:879} INFO - 
================================================================================
DAG File Processing Stats

File Path                                      PID    Runtime      # DAGs    # Errors  Last Runtime    Last Run
---------------------------------------------  -----  ---------  --------  ----------  --------------  -------------------
/opt/airflow/dags/supermarket_etl_pipeline.py                           1           0  0.38s           2026-08-27T08:03:34
================================================================================
[2026-08-27T08:04:09.923+0000] {manager.py:879} INFO - 
================================================================================
DAG File Processing Stats

File Path                                      PID    Runtime      # DAGs    # Errors  Last Runtime    Last Run
---------------------------------------------  -----  ---------  --------  ----------  --------------  -------------------
/opt/airflow/dags/supermarket_etl_pipeline.py                           1           0  0.32s           2026-08-27T08:04:05
================================================================================
[2026-08-27T08:04:40.549+0000] {manager.py:879} INFO - 
================================================================================
DAG File Processing Stats

File Path                                      PID    Runtime      # DAGs    # Errors  Last Runtime    Last Run
---------------------------------------------  -----  ---------  --------  ----------  --------------  -------------------
/opt/airflow/dags/supermarket_etl_pipeline.py                           1           0  0.37s           2026-08-27T08:04:35
================================================================================
[2026-08-27T08:05:10.586+0000] {manager.py:879} INFO - 
================================================================================
DAG File Processing Stats

File Path                                      PID    Runtime      # DAGs    # Errors  Last Runtime    Last Run
---------------------------------------------  -----  ---------  --------  ----------  --------------  -------------------
/opt/airflow/dags/supermarket_etl_pipeline.py                           1           0  0.42s           2026-08-27T08:05:06
================================================================================
[2026-08-27T08:05:40.891+0000] {manager.py:879} INFO - 
================================================================================
DAG File Processing Stats

File Path                                      PID    Runtime      # DAGs    # Errors  Last Runtime    Last Run
---------------------------------------------  -----  ---------  --------  ----------  --------------  -------------------
/opt/airflow/dags/supermarket_etl_pipeline.py                           1           0  0.34s           2026-08-27T08:05:37
================================================================================
[2026-08-27T08:06:02.452+0000] {manager.py:738} INFO - Searching for files in /opt/airflow/dags
[2026-08-27T08:06:02.527+0000] {manager.py:741} INFO - There are 1 files in /opt/airflow/dags
[2026-08-27T08:06:10.956+0000] {manager.py:879} INFO - 
================================================================================
DAG File Processing Stats

File Path                                      PID    Runtime      # DAGs    # Errors  Last Runtime    Last Run
---------------------------------------------  -----  ---------  --------  ----------  --------------  -------------------
/opt/airflow/dags/supermarket_etl_pipeline.py                           1           0  0.32s           2026-08-27T08:06:07
================================================================================
[2026-08-27T08:06:41.276+0000] {manager.py:879} INFO - 
================================================================================
DAG File Processing Stats

File Path                                      PID    Runtime      # DAGs    # Errors  Last Runtime    Last Run
---------------------------------------------  -----  ---------  --------  ----------  --------------  -------------------
/opt/airflow/dags/supermarket_etl_pipeline.py                           1           0  0.38s           2026-08-27T08:06:38
================================================================================
[2026-08-27T08:07:11.628+0000] {manager.py:879} INFO - 
================================================================================
DAG File Processing Stats

File Path                                      PID    Runtime      # DAGs    # Errors  Last Runtime    Last Run
---------------------------------------------  -----  ---------  --------  ----------  --------------  -------------------
/opt/airflow/dags/supermarket_etl_pipeline.py                           1           0  0.32s           2026-08-27T08:07:08
================================================================================
[2026-08-27T08:07:42.191+0000] {manager.py:879} INFO - 
================================================================================
DAG File Processing Stats

File Path                                      PID    Runtime      # DAGs    # Errors  Last Runtime    Last Run
---------------------------------------------  -----  ---------  --------  ----------  --------------  -------------------
/opt/airflow/dags/supermarket_etl_pipeline.py                           1           0  0.38s           2026-08-27T08:07:39
================================================================================
[2026-08-27T08:08:12.641+0000] {manager.py:879} INFO - 
================================================================================
DAG File Processing Stats

File Path                                      PID    Runtime      # DAGs    # Errors  Last Runtime    Last Run
---------------------------------------------  -----  ---------  --------  ----------  --------------  -------------------
/opt/airflow/dags/supermarket_etl_pipeline.py                           1           0  0.31s           2026-08-27T08:08:09
================================================================================
[2026-08-27T08:08:43.106+0000] {manager.py:879} INFO - 
================================================================================
DAG File Processing Stats

File Path                                      PID    Runtime      # DAGs    # Errors  Last Runtime    Last Run
---------------------------------------------  -----  ---------  --------  ----------  --------------  -------------------
/opt/airflow/dags/supermarket_etl_pipeline.py                           1           0  0.31s           2026-08-27T08:08:40
================================================================================
[2026-08-27T08:09:13.630+0000] {manager.py:879} INFO - 
================================================================================
DAG File Processing Stats

File Path                                      PID    Runtime      # DAGs    # Errors  Last Runtime    Last Run
---------------------------------------------  -----  ---------  --------  ----------  --------------  -------------------
/opt/airflow/dags/supermarket_etl_pipeline.py                           1           0  0.32s           2026-08-27T08:09:10
================================================================================
[2026-08-27T08:09:44.005+0000] {manager.py:879} INFO - 
================================================================================
DAG File Processing Stats

File Path                                      PID    Runtime      # DAGs    # Errors  Last Runtime    Last Run
---------------------------------------------  -----  ---------  --------  ----------  --------------  -------------------
/opt/airflow/dags/supermarket_etl_pipeline.py                           1           0  0.31s           2026-08-27T08:09:41
================================================================================
[2026-08-27T08:10:14.569+0000] {manager.py:879} INFO - 
================================================================================
DAG File Processing Stats

File Path                                      PID    Runtime      # DAGs    # Errors  Last Runtime    Last Run
---------------------------------------------  -----  ---------  --------  ----------  --------------  -------------------
/opt/airflow/dags/supermarket_etl_pipeline.py                           1           0  0.36s           2026-08-27T08:10:11
================================================================================
[2026-08-27T08:10:44.949+0000] {manager.py:879} INFO - 
================================================================================
DAG File Processing Stats

File Path                                      PID    Runtime      # DAGs    # Errors  Last Runtime    Last Run
---------------------------------------------  -----  ---------  --------  ----------  --------------  -------------------
/opt/airflow/dags/supermarket_etl_pipeline.py                           1           0  0.30s           2026-08-27T08:10:42
================================================================================
[2026-08-27T08:11:03.148+0000] {manager.py:738} INFO - Searching for files in /opt/airflow/dags
[2026-08-27T08:11:03.222+0000] {manager.py:741} INFO - There are 1 files in /opt/airflow/dags
[2026-08-27T08:11:15.496+0000] {manager.py:879} INFO - 
================================================================================
DAG File Processing Stats

File Path                                      PID    Runtime      # DAGs    # Errors  Last Runtime    Last Run
---------------------------------------------  -----  ---------  --------  ----------  --------------  -------------------
/opt/airflow/dags/supermarket_etl_pipeline.py                           1           0  0.35s           2026-08-27T08:11:12
================================================================================
[2026-08-27T08:11:45.988+0000] {manager.py:879} INFO - 
================================================================================
DAG File Processing Stats

File Path                                      PID    Runtime      # DAGs    # Errors  Last Runtime    Last Run
---------------------------------------------  -----  ---------  --------  ----------  --------------  -------------------
/opt/airflow/dags/supermarket_etl_pipeline.py                           1           0  0.32s           2026-08-27T08:11:43
================================================================================
[2026-08-27T08:12:16.477+0000] {manager.py:879} INFO - 
================================================================================
DAG File Processing Stats

File Path                                      PID    Runtime      # DAGs    # Errors  Last Runtime    Last Run
---------------------------------------------  -----  ---------  --------  ----------  --------------  -------------------
/opt/airflow/dags/supermarket_etl_pipeline.py                           1           0  0.41s           2026-08-27T08:12:13
================================================================================
[2026-08-27T08:12:46.995+0000] {manager.py:879} INFO - 
================================================================================
DAG File Processing Stats

File Path                                      PID    Runtime      # DAGs    # Errors  Last Runtime    Last Run
---------------------------------------------  -----  ---------  --------  ----------  --------------  -------------------
/opt/airflow/dags/supermarket_etl_pipeline.py                           1           0  0.32s           2026-08-27T08:12:44
================================================================================
[2026-08-27T08:13:17.412+0000] {manager.py:879} INFO - 
================================================================================
DAG File Processing Stats

File Path                                      PID    Runtime      # DAGs    # Errors  Last Runtime    Last Run
---------------------------------------------  -----  ---------  --------  ----------  --------------  -------------------
/opt/airflow/dags/supermarket_etl_pipeline.py                           1           0  0.47s           2026-08-27T08:13:14
================================================================================
[2026-08-27T08:13:47.547+0000] {manager.py:879} INFO - 
================================================================================
DAG File Processing Stats

File Path                                      PID    Runtime      # DAGs    # Errors  Last Runtime    Last Run
---------------------------------------------  -----  ---------  --------  ----------  --------------  -------------------
/opt/airflow/dags/supermarket_etl_pipeline.py                           1           0  0.43s           2026-08-27T08:13:45
================================================================================
[2026-08-27T08:14:17.895+0000] {manager.py:879} INFO - 
================================================================================
DAG File Processing Stats

File Path                                      PID    Runtime      # DAGs    # Errors  Last Runtime    Last Run
---------------------------------------------  -----  ---------  --------  ----------  --------------  -------------------
/opt/airflow/dags/supermarket_etl_pipeline.py                           1           0  0.40s           2026-08-27T08:14:16
================================================================================
[2026-08-27T08:14:47.909+0000] {manager.py:879} INFO - 
================================================================================
DAG File Processing Stats

File Path                                      PID    Runtime      # DAGs    # Errors  Last Runtime    Last Run
---------------------------------------------  -----  ---------  --------  ----------  --------------  -------------------
/opt/airflow/dags/supermarket_etl_pipeline.py                           1           0  0.31s           2026-08-27T08:14:46
================================================================================
[2026-08-27T08:15:18.239+0000] {manager.py:879} INFO - 
================================================================================
DAG File Processing Stats

File Path                                      PID    Runtime      # DAGs    # Errors  Last Runtime    Last Run
---------------------------------------------  -----  ---------  --------  ----------  --------------  -------------------
/opt/airflow/dags/supermarket_etl_pipeline.py                           1           0  0.33s           2026-08-27T08:15:17
================================================================================
[2026-08-27T08:15:48.297+0000] {manager.py:879} INFO - 
================================================================================
DAG File Processing Stats

File Path                                      PID    Runtime      # DAGs    # Errors  Last Runtime    Last Run
---------------------------------------------  -----  ---------  --------  ----------  --------------  -------------------
/opt/airflow/dags/supermarket_etl_pipeline.py                           1           0  0.44s           2026-08-27T08:15:48
================================================================================
[2026-08-27T08:16:03.438+0000] {manager.py:738} INFO - Searching for files in /opt/airflow/dags
[2026-08-27T08:16:03.505+0000] {manager.py:741} INFO - There are 1 files in /opt/airflow/dags
[2026-08-27T08:16:18.620+0000] {manager.py:879} INFO - 
================================================================================
DAG File Processing Stats

File Path                                        PID  Runtime      # DAGs    # Errors  Last Runtime    Last Run
---------------------------------------------  -----  ---------  --------  ----------  --------------  -------------------
/opt/airflow/dags/supermarket_etl_pipeline.py   4357  0.01s             1           0  0.44s           2026-08-27T08:15:48
================================================================================
[2026-08-27T08:16:48.918+0000] {manager.py:879} INFO - 
================================================================================
DAG File Processing Stats

File Path                                      PID    Runtime      # DAGs    # Errors  Last Runtime    Last Run
---------------------------------------------  -----  ---------  --------  ----------  --------------  -------------------
/opt/airflow/dags/supermarket_etl_pipeline.py                           1           0  0.31s           2026-08-27T08:16:18
================================================================================
[2026-08-27T08:17:19.554+0000] {manager.py:879} INFO - 
================================================================================
DAG File Processing Stats

File Path                                      PID    Runtime      # DAGs    # Errors  Last Runtime    Last Run
---------------------------------------------  -----  ---------  --------  ----------  --------------  -------------------
/opt/airflow/dags/supermarket_etl_pipeline.py                           1           0  0.35s           2026-08-27T08:16:49
================================================================================
[2026-08-27T08:17:49.584+0000] {manager.py:879} INFO - 
================================================================================
DAG File Processing Stats

File Path                                      PID    Runtime      # DAGs    # Errors  Last Runtime    Last Run
---------------------------------------------  -----  ---------  --------  ----------  --------------  -------------------
/opt/airflow/dags/supermarket_etl_pipeline.py                           1           0  0.41s           2026-08-27T08:17:20
================================================================================
[2026-08-27T08:18:19.927+0000] {manager.py:879} INFO - 
================================================================================
DAG File Processing Stats

File Path                                      PID    Runtime      # DAGs    # Errors  Last Runtime    Last Run
---------------------------------------------  -----  ---------  --------  ----------  --------------  -------------------
/opt/airflow/dags/supermarket_etl_pipeline.py                           1           0  0.41s           2026-08-27T08:17:51
================================================================================
[2026-08-27T08:18:50.605+0000] {manager.py:879} INFO - 
================================================================================
DAG File Processing Stats

File Path                                      PID    Runtime      # DAGs    # Errors  Last Runtime    Last Run
---------------------------------------------  -----  ---------  --------  ----------  --------------  -------------------
/opt/airflow/dags/supermarket_etl_pipeline.py                           1           0  0.29s           2026-08-27T08:18:21
================================================================================
[2026-08-27T08:19:21.208+0000] {manager.py:879} INFO - 
================================================================================
DAG File Processing Stats

File Path                                      PID    Runtime      # DAGs    # Errors  Last Runtime    Last Run
---------------------------------------------  -----  ---------  --------  ----------  --------------  -------------------
/opt/airflow/dags/supermarket_etl_pipeline.py                           1           0  0.38s           2026-08-27T08:18:52
================================================================================
[2026-08-27T08:19:51.902+0000] {manager.py:879} INFO - 
================================================================================
DAG File Processing Stats

File Path                                      PID    Runtime      # DAGs    # Errors  Last Runtime    Last Run
---------------------------------------------  -----  ---------  --------  ----------  --------------  -------------------
/opt/airflow/dags/supermarket_etl_pipeline.py                           1           0  0.32s           2026-08-27T08:19:22
================================================================================
[2026-08-27T08:20:22.455+0000] {manager.py:879} INFO - 
================================================================================
DAG File Processing Stats

File Path                                      PID    Runtime      # DAGs    # Errors  Last Runtime    Last Run
---------------------------------------------  -----  ---------  --------  ----------  --------------  -------------------
/opt/airflow/dags/supermarket_etl_pipeline.py                           1           0  0.33s           2026-08-27T08:19:53
================================================================================
[2026-08-27T08:20:53.004+0000] {manager.py:879} INFO - 
================================================================================
DAG File Processing Stats

File Path                                      PID    Runtime      # DAGs    # Errors  Last Runtime    Last Run
---------------------------------------------  -----  ---------  --------  ----------  --------------  -------------------
/opt/airflow/dags/supermarket_etl_pipeline.py                           1           0  0.40s           2026-08-27T08:20:24
================================================================================
[2026-08-27T08:21:03.500+0000] {manager.py:738} INFO - Searching for files in /opt/airflow/dags
[2026-08-27T08:21:03.581+0000] {manager.py:741} INFO - There are 1 files in /opt/airflow/dags
[2026-08-27T08:21:23.788+0000] {manager.py:879} INFO - 
================================================================================
DAG File Processing Stats

File Path                                      PID    Runtime      # DAGs    # Errors  Last Runtime    Last Run
---------------------------------------------  -----  ---------  --------  ----------  --------------  -------------------
/opt/airflow/dags/supermarket_etl_pipeline.py                           1           0  0.34s           2026-08-27T08:20:54
================================================================================
[2026-08-27T08:21:54.269+0000] {manager.py:879} INFO - 
================================================================================
DAG File Processing Stats

File Path                                      PID    Runtime      # DAGs    # Errors  Last Runtime    Last Run
---------------------------------------------  -----  ---------  --------  ----------  --------------  -------------------
/opt/airflow/dags/supermarket_etl_pipeline.py                           1           0  0.34s           2026-08-27T08:21:25
================================================================================
[2026-08-27T08:22:24.689+0000] {manager.py:879} INFO - 
================================================================================
DAG File Processing Stats

File Path                                      PID    Runtime      # DAGs    # Errors  Last Runtime    Last Run
---------------------------------------------  -----  ---------  --------  ----------  --------------  -------------------
/opt/airflow/dags/supermarket_etl_pipeline.py                           1           0  0.35s           2026-08-27T08:21:55
================================================================================
[2026-08-27T08:22:55.260+0000] {manager.py:879} INFO - 
================================================================================
DAG File Processing Stats

File Path                                      PID    Runtime      # DAGs    # Errors  Last Runtime    Last Run
---------------------------------------------  -----  ---------  --------  ----------  --------------  -------------------
/opt/airflow/dags/supermarket_etl_pipeline.py                           1           0  0.38s           2026-08-27T08:22:26
================================================================================
[2026-08-27T08:23:25.619+0000] {manager.py:879} INFO - 
================================================================================
DAG File Processing Stats

File Path                                      PID    Runtime      # DAGs    # Errors  Last Runtime    Last Run
---------------------------------------------  -----  ---------  --------  ----------  --------------  -------------------
/opt/airflow/dags/supermarket_etl_pipeline.py                           1           0  0.29s           2026-08-27T08:22:56
================================================================================
[2026-08-27T08:23:56.225+0000] {manager.py:879} INFO - 
================================================================================
DAG File Processing Stats

File Path                                      PID    Runtime      # DAGs    # Errors  Last Runtime    Last Run
---------------------------------------------  -----  ---------  --------  ----------  --------------  -------------------
/opt/airflow/dags/supermarket_etl_pipeline.py                           1           0  0.32s           2026-08-27T08:23:26
================================================================================
[2026-08-27T08:24:26.583+0000] {manager.py:879} INFO - 
================================================================================
DAG File Processing Stats

File Path                                      PID    Runtime      # DAGs    # Errors  Last Runtime    Last Run
---------------------------------------------  -----  ---------  --------  ----------  --------------  -------------------
/opt/airflow/dags/supermarket_etl_pipeline.py                           1           0  0.31s           2026-08-27T08:23:57
================================================================================
[2026-08-27T08:24:57.161+0000] {manager.py:879} INFO - 
================================================================================
DAG File Processing Stats

File Path                                      PID    Runtime      # DAGs    # Errors  Last Runtime    Last Run
---------------------------------------------  -----  ---------  --------  ----------  --------------  -------------------
/opt/airflow/dags/supermarket_etl_pipeline.py                           1           0  0.43s           2026-08-27T08:24:28
================================================================================
[2026-08-27T08:25:27.535+0000] {manager.py:879} INFO - 
================================================================================
DAG File Processing Stats

File Path                                      PID    Runtime      # DAGs    # Errors  Last Runtime    Last Run
---------------------------------------------  -----  ---------  --------  ----------  --------------  -------------------
/opt/airflow/dags/supermarket_etl_pipeline.py                           1           0  0.29s           2026-08-27T08:24:58
================================================================================
[2026-08-27T08:25:57.936+0000] {manager.py:879} INFO - 
================================================================================
DAG File Processing Stats

File Path                                      PID    Runtime      # DAGs    # Errors  Last Runtime    Last Run
---------------------------------------------  -----  ---------  --------  ----------  --------------  -------------------
/opt/airflow/dags/supermarket_etl_pipeline.py                           1           0  0.30s           2026-08-27T08:25:28
================================================================================
[2026-08-27T08:26:04.205+0000] {manager.py:738} INFO - Searching for files in /opt/airflow/dags
[2026-08-27T08:26:04.261+0000] {manager.py:741} INFO - There are 1 files in /opt/airflow/dags
[2026-08-27T08:26:28.536+0000] {manager.py:879} INFO - 
================================================================================
DAG File Processing Stats

File Path                                      PID    Runtime      # DAGs    # Errors  Last Runtime    Last Run
---------------------------------------------  -----  ---------  --------  ----------  --------------  -------------------
/opt/airflow/dags/supermarket_etl_pipeline.py                           1           0  0.36s           2026-08-27T08:25:59
================================================================================
[2026-08-27T08:26:58.954+0000] {manager.py:879} INFO - 
================================================================================
DAG File Processing Stats

File Path                                      PID    Runtime      # DAGs    # Errors  Last Runtime    Last Run
---------------------------------------------  -----  ---------  --------  ----------  --------------  -------------------
/opt/airflow/dags/supermarket_etl_pipeline.py                           1           0  0.39s           2026-08-27T08:26:30
================================================================================
[2026-08-27T08:27:29.555+0000] {manager.py:879} INFO - 
================================================================================
DAG File Processing Stats

File Path                                      PID    Runtime      # DAGs    # Errors  Last Runtime    Last Run
---------------------------------------------  -----  ---------  --------  ----------  --------------  -------------------
/opt/airflow/dags/supermarket_etl_pipeline.py                           1           0  0.34s           2026-08-27T08:27:00
================================================================================
[2026-08-27T08:28:00.194+0000] {manager.py:879} INFO - 
================================================================================
DAG File Processing Stats

File Path                                      PID    Runtime      # DAGs    # Errors  Last Runtime    Last Run
---------------------------------------------  -----  ---------  --------  ----------  --------------  -------------------
/opt/airflow/dags/supermarket_etl_pipeline.py                           1           0  0.28s           2026-08-27T08:27:31
================================================================================
[2026-08-27T08:28:30.215+0000] {manager.py:879} INFO - 
================================================================================
DAG File Processing Stats

File Path                                      PID    Runtime      # DAGs    # Errors  Last Runtime    Last Run
---------------------------------------------  -----  ---------  --------  ----------  --------------  -------------------
/opt/airflow/dags/supermarket_etl_pipeline.py                           1           0  0.32s           2026-08-27T08:28:01
================================================================================
[2026-08-27T08:29:00.510+0000] {manager.py:879} INFO - 
================================================================================
DAG File Processing Stats

File Path                                      PID    Runtime      # DAGs    # Errors  Last Runtime    Last Run
---------------------------------------------  -----  ---------  --------  ----------  --------------  -------------------
/opt/airflow/dags/supermarket_etl_pipeline.py                           1           0  0.30s           2026-08-27T08:28:32
================================================================================
[2026-08-27T08:29:31.043+0000] {manager.py:879} INFO - 
================================================================================
DAG File Processing Stats

File Path                                      PID    Runtime      # DAGs    # Errors  Last Runtime    Last Run
---------------------------------------------  -----  ---------  --------  ----------  --------------  -------------------
/opt/airflow/dags/supermarket_etl_pipeline.py                           1           0  0.32s           2026-08-27T08:29:03
================================================================================
[2026-08-27T08:30:01.050+0000] {manager.py:879} INFO - 
================================================================================
DAG File Processing Stats

File Path                                      PID    Runtime      # DAGs    # Errors  Last Runtime    Last Run
---------------------------------------------  -----  ---------  --------  ----------  --------------  -------------------
/opt/airflow/dags/supermarket_etl_pipeline.py                           1           0  0.33s           2026-08-27T08:29:33
================================================================================
[2026-08-27T08:30:31.353+0000] {manager.py:879} INFO - 
================================================================================
DAG File Processing Stats

File Path                                      PID    Runtime      # DAGs    # Errors  Last Runtime    Last Run
---------------------------------------------  -----  ---------  --------  ----------  --------------  -------------------
/opt/airflow/dags/supermarket_etl_pipeline.py                           1           0  0.32s           2026-08-27T08:30:04
================================================================================
[2026-08-27T08:31:01.917+0000] {manager.py:879} INFO - 
================================================================================
DAG File Processing Stats

File Path                                      PID    Runtime      # DAGs    # Errors  Last Runtime    Last Run
---------------------------------------------  -----  ---------  --------  ----------  --------------  -------------------
/opt/airflow/dags/supermarket_etl_pipeline.py                           1           0  0.31s           2026-08-27T08:30:35
================================================================================
[2026-08-27T08:31:04.248+0000] {manager.py:738} INFO - Searching for files in /opt/airflow/dags
[2026-08-27T08:31:04.425+0000] {manager.py:741} INFO - There are 1 files in /opt/airflow/dags
[2026-08-27T08:31:31.963+0000] {manager.py:879} INFO - 
================================================================================
DAG File Processing Stats

File Path                                      PID    Runtime      # DAGs    # Errors  Last Runtime    Last Run
---------------------------------------------  -----  ---------  --------  ----------  --------------  -------------------
/opt/airflow/dags/supermarket_etl_pipeline.py                           1           0  0.31s           2026-08-27T08:31:05
================================================================================
[2026-08-27T08:32:02.247+0000] {manager.py:879} INFO - 
================================================================================
DAG File Processing Stats

File Path                                      PID    Runtime      # DAGs    # Errors  Last Runtime    Last Run
---------------------------------------------  -----  ---------  --------  ----------  --------------  -------------------
/opt/airflow/dags/supermarket_etl_pipeline.py                           1           0  0.35s           2026-08-27T08:31:36
================================================================================
[2026-08-27T08:32:33.008+0000] {manager.py:879} INFO - 
================================================================================
DAG File Processing Stats

File Path                                      PID    Runtime      # DAGs    # Errors  Last Runtime    Last Run
---------------------------------------------  -----  ---------  --------  ----------  --------------  -------------------
/opt/airflow/dags/supermarket_etl_pipeline.py                           1           0  0.24s           2026-08-27T08:32:06
================================================================================
[2026-08-27T08:33:03.420+0000] {manager.py:879} INFO - 
================================================================================
DAG File Processing Stats

File Path                                      PID    Runtime      # DAGs    # Errors  Last Runtime    Last Run
---------------------------------------------  -----  ---------  --------  ----------  --------------  -------------------
/opt/airflow/dags/supermarket_etl_pipeline.py                           1           0  0.28s           2026-08-27T08:32:37
================================================================================
[2026-08-27T08:33:33.760+0000] {manager.py:879} INFO - 
================================================================================
DAG File Processing Stats

File Path                                      PID    Runtime      # DAGs    # Errors  Last Runtime    Last Run
---------------------------------------------  -----  ---------  --------  ----------  --------------  -------------------
/opt/airflow/dags/supermarket_etl_pipeline.py                           1           0  0.31s           2026-08-27T08:33:07
================================================================================
[2026-08-27T08:34:04.196+0000] {manager.py:879} INFO - 
================================================================================
DAG File Processing Stats

File Path                                      PID    Runtime      # DAGs    # Errors  Last Runtime    Last Run
---------------------------------------------  -----  ---------  --------  ----------  --------------  -------------------
/opt/airflow/dags/supermarket_etl_pipeline.py                           1           0  0.32s           2026-08-27T08:33:38
================================================================================
[2026-08-27T08:34:34.698+0000] {manager.py:879} INFO - 
================================================================================
DAG File Processing Stats

File Path                                      PID    Runtime      # DAGs    # Errors  Last Runtime    Last Run
---------------------------------------------  -----  ---------  --------  ----------  --------------  -------------------
/opt/airflow/dags/supermarket_etl_pipeline.py                           1           0  0.34s           2026-08-27T08:34:08
================================================================================
[2026-08-27T08:35:05.024+0000] {manager.py:879} INFO - 
================================================================================
DAG File Processing Stats

File Path                                      PID    Runtime      # DAGs    # Errors  Last Runtime    Last Run
---------------------------------------------  -----  ---------  --------  ----------  --------------  -------------------
/opt/airflow/dags/supermarket_etl_pipeline.py                           1           0  0.30s           2026-08-27T08:34:39
================================================================================
[2026-08-27T08:35:35.488+0000] {manager.py:879} INFO - 
================================================================================
DAG File Processing Stats

File Path                                      PID    Runtime      # DAGs    # Errors  Last Runtime    Last Run
---------------------------------------------  -----  ---------  --------  ----------  --------------  -------------------
/opt/airflow/dags/supermarket_etl_pipeline.py                           1           0  0.34s           2026-08-27T08:35:09
================================================================================
[2026-08-27T08:36:04.322+0000] {manager.py:738} INFO - Searching for files in /opt/airflow/dags
[2026-08-27T08:36:04.380+0000] {manager.py:741} INFO - There are 1 files in /opt/airflow/dags
[2026-08-27T08:36:06.115+0000] {manager.py:879} INFO - 
================================================================================
DAG File Processing Stats

File Path                                      PID    Runtime      # DAGs    # Errors  Last Runtime    Last Run
---------------------------------------------  -----  ---------  --------  ----------  --------------  -------------------
/opt/airflow/dags/supermarket_etl_pipeline.py                           1           0  1.28s           2026-08-27T08:35:41
================================================================================
[2026-08-27T08:36:36.693+0000] {manager.py:879} INFO - 
================================================================================
DAG File Processing Stats

File Path                                      PID    Runtime      # DAGs    # Errors  Last Runtime    Last Run
---------------------------------------------  -----  ---------  --------  ----------  --------------  -------------------
/opt/airflow/dags/supermarket_etl_pipeline.py                           1           0  0.40s           2026-08-27T08:36:11
================================================================================
[2026-08-27T08:37:07.209+0000] {manager.py:879} INFO - 
================================================================================
DAG File Processing Stats

File Path                                      PID    Runtime      # DAGs    # Errors  Last Runtime    Last Run
---------------------------------------------  -----  ---------  --------  ----------  --------------  -------------------
/opt/airflow/dags/supermarket_etl_pipeline.py                           1           0  0.35s           2026-08-27T08:36:42
================================================================================
[2026-08-27T08:37:37.701+0000] {manager.py:879} INFO - 
================================================================================
DAG File Processing Stats

File Path                                      PID    Runtime      # DAGs    # Errors  Last Runtime    Last Run
---------------------------------------------  -----  ---------  --------  ----------  --------------  -------------------
/opt/airflow/dags/supermarket_etl_pipeline.py                           1           0  0.32s           2026-08-27T08:37:12
================================================================================
[2026-08-27T08:38:08.150+0000] {manager.py:879} INFO - 
================================================================================
DAG File Processing Stats

File Path                                      PID    Runtime      # DAGs    # Errors  Last Runtime    Last Run
---------------------------------------------  -----  ---------  --------  ----------  --------------  -------------------
/opt/airflow/dags/supermarket_etl_pipeline.py                           1           0  0.39s           2026-08-27T08:37:43
================================================================================
[2026-08-27T08:38:38.832+0000] {manager.py:879} INFO - 
================================================================================
DAG File Processing Stats

File Path                                      PID    Runtime      # DAGs    # Errors  Last Runtime    Last Run
---------------------------------------------  -----  ---------  --------  ----------  --------------  -------------------
/opt/airflow/dags/supermarket_etl_pipeline.py                           1           0  0.44s           2026-08-27T08:38:13
================================================================================
[2026-08-27T08:39:09.159+0000] {manager.py:879} INFO - 
================================================================================
DAG File Processing Stats

File Path                                      PID    Runtime      # DAGs    # Errors  Last Runtime    Last Run
---------------------------------------------  -----  ---------  --------  ----------  --------------  -------------------
/opt/airflow/dags/supermarket_etl_pipeline.py                           1           0  0.30s           2026-08-27T08:38:44
================================================================================
[2026-08-27T08:39:39.726+0000] {manager.py:879} INFO - 
================================================================================
DAG File Processing Stats

File Path                                      PID    Runtime      # DAGs    # Errors  Last Runtime    Last Run
---------------------------------------------  -----  ---------  --------  ----------  --------------  -------------------
/opt/airflow/dags/supermarket_etl_pipeline.py                           1           0  0.29s           2026-08-27T08:39:14
================================================================================
[2026-08-27T08:40:10.290+0000] {manager.py:879} INFO - 
================================================================================
DAG File Processing Stats

File Path                                      PID    Runtime      # DAGs    # Errors  Last Runtime    Last Run
---------------------------------------------  -----  ---------  --------  ----------  --------------  -------------------
/opt/airflow/dags/supermarket_etl_pipeline.py                           1           0  0.32s           2026-08-27T08:39:45
================================================================================
[2026-08-27T08:40:40.976+0000] {manager.py:879} INFO - 
================================================================================
DAG File Processing Stats

File Path                                      PID    Runtime      # DAGs    # Errors  Last Runtime    Last Run
---------------------------------------------  -----  ---------  --------  ----------  --------------  -------------------
/opt/airflow/dags/supermarket_etl_pipeline.py                           1           0  0.31s           2026-08-27T08:40:16
================================================================================
[2026-08-27T08:41:04.503+0000] {manager.py:738} INFO - Searching for files in /opt/airflow/dags
[2026-08-27T08:41:04.615+0000] {manager.py:741} INFO - There are 1 files in /opt/airflow/dags
[2026-08-27T08:41:11.724+0000] {manager.py:879} INFO - 
================================================================================
DAG File Processing Stats

File Path                                      PID    Runtime      # DAGs    # Errors  Last Runtime    Last Run
---------------------------------------------  -----  ---------  --------  ----------  --------------  -------------------
/opt/airflow/dags/supermarket_etl_pipeline.py                           1           0  0.33s           2026-08-27T08:40:46
================================================================================
[2026-08-27T08:41:41.990+0000] {manager.py:879} INFO - 
================================================================================
DAG File Processing Stats

File Path                                      PID    Runtime      # DAGs    # Errors  Last Runtime    Last Run
---------------------------------------------  -----  ---------  --------  ----------  --------------  -------------------
/opt/airflow/dags/supermarket_etl_pipeline.py                           1           0  0.32s           2026-08-27T08:41:17
================================================================================
[2026-08-27T08:42:12.583+0000] {manager.py:879} INFO - 
================================================================================
DAG File Processing Stats

File Path                                      PID    Runtime      # DAGs    # Errors  Last Runtime    Last Run
---------------------------------------------  -----  ---------  --------  ----------  --------------  -------------------
/opt/airflow/dags/supermarket_etl_pipeline.py                           1           0  0.28s           2026-08-27T08:41:47
================================================================================
[2026-08-27T08:42:43.218+0000] {manager.py:879} INFO - 
================================================================================
DAG File Processing Stats

File Path                                      PID    Runtime      # DAGs    # Errors  Last Runtime    Last Run
---------------------------------------------  -----  ---------  --------  ----------  --------------  -------------------
/opt/airflow/dags/supermarket_etl_pipeline.py                           1           0  0.38s           2026-08-27T08:42:18
================================================================================
[2026-08-27T08:43:13.565+0000] {manager.py:879} INFO - 
================================================================================
DAG File Processing Stats

File Path                                      PID    Runtime      # DAGs    # Errors  Last Runtime    Last Run
---------------------------------------------  -----  ---------  --------  ----------  --------------  -------------------
/opt/airflow/dags/supermarket_etl_pipeline.py                           1           0  0.33s           2026-08-27T08:42:48
================================================================================
[2026-08-27T08:43:44.156+0000] {manager.py:879} INFO - 
================================================================================
DAG File Processing Stats

File Path                                      PID    Runtime      # DAGs    # Errors  Last Runtime    Last Run
---------------------------------------------  -----  ---------  --------  ----------  --------------  -------------------
/opt/airflow/dags/supermarket_etl_pipeline.py                           1           0  0.33s           2026-08-27T08:43:19
================================================================================
[2026-08-27T08:44:14.793+0000] {manager.py:879} INFO - 
================================================================================
DAG File Processing Stats

File Path                                      PID    Runtime      # DAGs    # Errors  Last Runtime    Last Run
---------------------------------------------  -----  ---------  --------  ----------  --------------  -------------------
/opt/airflow/dags/supermarket_etl_pipeline.py                           1           0  0.35s           2026-08-27T08:43:49
================================================================================
[2026-08-27T08:44:45.469+0000] {manager.py:879} INFO - 
================================================================================
DAG File Processing Stats

File Path                                      PID    Runtime      # DAGs    # Errors  Last Runtime    Last Run
---------------------------------------------  -----  ---------  --------  ----------  --------------  -------------------
/opt/airflow/dags/supermarket_etl_pipeline.py                           1           0  0.30s           2026-08-27T08:44:20
================================================================================
[2026-08-27T08:45:15.472+0000] {manager.py:879} INFO - 
================================================================================
DAG File Processing Stats

File Path                                      PID    Runtime      # DAGs    # Errors  Last Runtime    Last Run
---------------------------------------------  -----  ---------  --------  ----------  --------------  -------------------
/opt/airflow/dags/supermarket_etl_pipeline.py                           1           0  0.53s           2026-08-27T08:44:51
================================================================================
[2026-08-27T08:45:45.805+0000] {manager.py:879} INFO - 
================================================================================
DAG File Processing Stats

File Path                                      PID    Runtime      # DAGs    # Errors  Last Runtime    Last Run
---------------------------------------------  -----  ---------  --------  ----------  --------------  -------------------
/opt/airflow/dags/supermarket_etl_pipeline.py                           1           0  0.44s           2026-08-27T08:45:21
================================================================================
[2026-08-27T08:46:05.102+0000] {manager.py:738} INFO - Searching for files in /opt/airflow/dags
[2026-08-27T08:46:05.154+0000] {manager.py:741} INFO - There are 1 files in /opt/airflow/dags
[2026-08-27T08:46:16.359+0000] {manager.py:879} INFO - 
================================================================================
DAG File Processing Stats

File Path                                      PID    Runtime      # DAGs    # Errors  Last Runtime    Last Run
---------------------------------------------  -----  ---------  --------  ----------  --------------  -------------------
/opt/airflow/dags/supermarket_etl_pipeline.py                           1           0  0.36s           2026-08-27T08:45:52
================================================================================
[2026-08-27T08:46:46.700+0000] {manager.py:879} INFO - 
================================================================================
DAG File Processing Stats

File Path                                      PID    Runtime      # DAGs    # Errors  Last Runtime    Last Run
---------------------------------------------  -----  ---------  --------  ----------  --------------  -------------------
/opt/airflow/dags/supermarket_etl_pipeline.py                           1           0  0.27s           2026-08-27T08:46:22
================================================================================
[2026-08-27T08:47:17.134+0000] {manager.py:879} INFO - 
================================================================================
DAG File Processing Stats

File Path                                      PID    Runtime      # DAGs    # Errors  Last Runtime    Last Run
---------------------------------------------  -----  ---------  --------  ----------  --------------  -------------------
/opt/airflow/dags/supermarket_etl_pipeline.py                           1           0  0.32s           2026-08-27T08:46:53
================================================================================
[2026-08-27T08:47:47.616+0000] {manager.py:879} INFO - 
================================================================================
DAG File Processing Stats

File Path                                      PID    Runtime      # DAGs    # Errors  Last Runtime    Last Run
---------------------------------------------  -----  ---------  --------  ----------  --------------  -------------------
/opt/airflow/dags/supermarket_etl_pipeline.py                           1           0  0.45s           2026-08-27T08:47:23
================================================================================
[2026-08-27T08:48:17.651+0000] {manager.py:879} INFO - 
================================================================================
DAG File Processing Stats

File Path                                      PID    Runtime      # DAGs    # Errors  Last Runtime    Last Run
---------------------------------------------  -----  ---------  --------  ----------  --------------  -------------------
/opt/airflow/dags/supermarket_etl_pipeline.py                           1           0  0.28s           2026-08-27T08:47:54
================================================================================
[2026-08-27T08:48:48.013+0000] {manager.py:879} INFO - 
================================================================================
DAG File Processing Stats

File Path                                      PID    Runtime      # DAGs    # Errors  Last Runtime    Last Run
---------------------------------------------  -----  ---------  --------  ----------  --------------  -------------------
/opt/airflow/dags/supermarket_etl_pipeline.py                           1           0  0.31s           2026-08-27T08:48:24
================================================================================
[2026-08-27T08:49:18.326+0000] {manager.py:879} INFO - 
================================================================================
DAG File Processing Stats

File Path                                      PID    Runtime      # DAGs    # Errors  Last Runtime    Last Run
---------------------------------------------  -----  ---------  --------  ----------  --------------  -------------------
/opt/airflow/dags/supermarket_etl_pipeline.py                           1           0  0.42s           2026-08-27T08:48:55
================================================================================
[2026-08-27T08:49:48.643+0000] {manager.py:879} INFO - 
================================================================================
DAG File Processing Stats

File Path                                      PID    Runtime      # DAGs    # Errors  Last Runtime    Last Run
---------------------------------------------  -----  ---------  --------  ----------  --------------  -------------------
/opt/airflow/dags/supermarket_etl_pipeline.py                           1           0  0.43s           2026-08-27T08:49:26
================================================================================
[2026-08-27T08:50:19.001+0000] {manager.py:879} INFO - 
================================================================================
DAG File Processing Stats

File Path                                      PID    Runtime      # DAGs    # Errors  Last Runtime    Last Run
---------------------------------------------  -----  ---------  --------  ----------  --------------  -------------------
/opt/airflow/dags/supermarket_etl_pipeline.py                           1           0  0.37s           2026-08-27T08:49:57
================================================================================
[2026-08-27T08:50:49.694+0000] {manager.py:879} INFO - 
================================================================================
DAG File Processing Stats

File Path                                      PID    Runtime      # DAGs    # Errors  Last Runtime    Last Run
---------------------------------------------  -----  ---------  --------  ----------  --------------  -------------------
/opt/airflow/dags/supermarket_etl_pipeline.py                           1           0  0.35s           2026-08-27T08:50:27
================================================================================
[2026-08-27T08:51:05.110+0000] {manager.py:738} INFO - Searching for files in /opt/airflow/dags
[2026-08-27T08:51:05.174+0000] {manager.py:741} INFO - There are 1 files in /opt/airflow/dags
[2026-08-27T08:51:20.422+0000] {manager.py:879} INFO - 
================================================================================
DAG File Processing Stats

File Path                                      PID    Runtime      # DAGs    # Errors  Last Runtime    Last Run
---------------------------------------------  -----  ---------  --------  ----------  --------------  -------------------
/opt/airflow/dags/supermarket_etl_pipeline.py                           1           0  0.33s           2026-08-27T08:50:58
================================================================================
[2026-08-27T08:51:51.022+0000] {manager.py:879} INFO - 
================================================================================
DAG File Processing Stats

File Path                                      PID    Runtime      # DAGs    # Errors  Last Runtime    Last Run
---------------------------------------------  -----  ---------  --------  ----------  --------------  -------------------
/opt/airflow/dags/supermarket_etl_pipeline.py                           1           0  0.45s           2026-08-27T08:51:28
================================================================================
[2026-08-27T08:52:21.651+0000] {manager.py:879} INFO - 
================================================================================
DAG File Processing Stats

File Path                                      PID    Runtime      # DAGs    # Errors  Last Runtime    Last Run
---------------------------------------------  -----  ---------  --------  ----------  --------------  -------------------
/opt/airflow/dags/supermarket_etl_pipeline.py                           1           0  0.35s           2026-08-27T08:51:59
================================================================================
[2026-08-27T08:52:52.045+0000] {manager.py:879} INFO - 
================================================================================
DAG File Processing Stats

File Path                                      PID    Runtime      # DAGs    # Errors  Last Runtime    Last Run
---------------------------------------------  -----  ---------  --------  ----------  --------------  -------------------
/opt/airflow/dags/supermarket_etl_pipeline.py                           1           0  0.28s           2026-08-27T08:52:30
================================================================================
[2026-08-27T08:53:22.630+0000] {manager.py:879} INFO - 
================================================================================
DAG File Processing Stats

File Path                                      PID    Runtime      # DAGs    # Errors  Last Runtime    Last Run
---------------------------------------------  -----  ---------  --------  ----------  --------------  -------------------
/opt/airflow/dags/supermarket_etl_pipeline.py                           1           0  0.46s           2026-08-27T08:53:00
================================================================================
[2026-08-27T08:53:53.276+0000] {manager.py:879} INFO - 
================================================================================
DAG File Processing Stats

File Path                                      PID    Runtime      # DAGs    # Errors  Last Runtime    Last Run
---------------------------------------------  -----  ---------  --------  ----------  --------------  -------------------
/opt/airflow/dags/supermarket_etl_pipeline.py                           1           0  0.45s           2026-08-27T08:53:31
================================================================================
[2026-08-27T08:54:23.880+0000] {manager.py:879} INFO - 
================================================================================
DAG File Processing Stats

File Path                                      PID    Runtime      # DAGs    # Errors  Last Runtime    Last Run
---------------------------------------------  -----  ---------  --------  ----------  --------------  -------------------
/opt/airflow/dags/supermarket_etl_pipeline.py                           1           0  0.41s           2026-08-27T08:54:01
================================================================================
[2026-08-27T08:54:54.447+0000] {manager.py:879} INFO - 
================================================================================
DAG File Processing Stats

File Path                                      PID    Runtime      # DAGs    # Errors  Last Runtime    Last Run
---------------------------------------------  -----  ---------  --------  ----------  --------------  -------------------
/opt/airflow/dags/supermarket_etl_pipeline.py                           1           0  0.40s           2026-08-27T08:54:32
================================================================================
[2026-08-27T08:55:24.991+0000] {manager.py:879} INFO - 
================================================================================
DAG File Processing Stats

File Path                                      PID    Runtime      # DAGs    # Errors  Last Runtime    Last Run
---------------------------------------------  -----  ---------  --------  ----------  --------------  -------------------
/opt/airflow/dags/supermarket_etl_pipeline.py                           1           0  0.37s           2026-08-27T08:55:02
================================================================================
[2026-08-27T08:55:55.375+0000] {manager.py:879} INFO - 
================================================================================
DAG File Processing Stats

File Path                                      PID    Runtime      # DAGs    # Errors  Last Runtime    Last Run
---------------------------------------------  -----  ---------  --------  ----------  --------------  -------------------
/opt/airflow/dags/supermarket_etl_pipeline.py                           1           0  0.35s           2026-08-27T08:55:33
================================================================================
[2026-08-27T08:56:05.705+0000] {manager.py:738} INFO - Searching for files in /opt/airflow/dags
[2026-08-27T08:56:05.822+0000] {manager.py:741} INFO - There are 1 files in /opt/airflow/dags
[2026-08-27T08:56:26.098+0000] {manager.py:879} INFO - 
================================================================================
DAG File Processing Stats

File Path                                      PID    Runtime      # DAGs    # Errors  Last Runtime    Last Run
---------------------------------------------  -----  ---------  --------  ----------  --------------  -------------------
/opt/airflow/dags/supermarket_etl_pipeline.py                           1           0  0.31s           2026-08-27T08:56:03
================================================================================
[2026-08-27T08:56:56.654+0000] {manager.py:879} INFO - 
================================================================================
DAG File Processing Stats

File Path                                      PID    Runtime      # DAGs    # Errors  Last Runtime    Last Run
---------------------------------------------  -----  ---------  --------  ----------  --------------  -------------------
/opt/airflow/dags/supermarket_etl_pipeline.py                           1           0  0.43s           2026-08-27T08:56:34
================================================================================
[2026-08-27T08:57:27.370+0000] {manager.py:879} INFO - 
================================================================================
DAG File Processing Stats

File Path                                      PID    Runtime      # DAGs    # Errors  Last Runtime    Last Run
---------------------------------------------  -----  ---------  --------  ----------  --------------  -------------------
/opt/airflow/dags/supermarket_etl_pipeline.py                           1           0  0.31s           2026-08-27T08:57:05
================================================================================
[2026-08-27T08:57:57.675+0000] {manager.py:879} INFO - 
================================================================================
DAG File Processing Stats

File Path                                      PID    Runtime      # DAGs    # Errors  Last Runtime    Last Run
---------------------------------------------  -----  ---------  --------  ----------  --------------  -------------------
/opt/airflow/dags/supermarket_etl_pipeline.py                           1           0  0.39s           2026-08-27T08:57:35
================================================================================
[2026-08-27T08:58:27.874+0000] {manager.py:879} INFO - 
================================================================================
DAG File Processing Stats

File Path                                      PID    Runtime      # DAGs    # Errors  Last Runtime    Last Run
---------------------------------------------  -----  ---------  --------  ----------  --------------  -------------------
/opt/airflow/dags/supermarket_etl_pipeline.py                           1           0  0.38s           2026-08-27T08:58:06
================================================================================
[2026-08-27T08:58:58.154+0000] {manager.py:879} INFO - 
================================================================================
DAG File Processing Stats

File Path                                      PID    Runtime      # DAGs    # Errors  Last Runtime    Last Run
---------------------------------------------  -----  ---------  --------  ----------  --------------  -------------------
/opt/airflow/dags/supermarket_etl_pipeline.py                           1           0  0.31s           2026-08-27T08:58:36
================================================================================
[2026-08-27T08:59:28.638+0000] {manager.py:879} INFO - 
================================================================================
DAG File Processing Stats

File Path                                      PID    Runtime      # DAGs    # Errors  Last Runtime    Last Run
---------------------------------------------  -----  ---------  --------  ----------  --------------  -------------------
/opt/airflow/dags/supermarket_etl_pipeline.py                           1           0  0.55s           2026-08-27T08:59:07
================================================================================
[2026-08-27T08:59:58.900+0000] {manager.py:879} INFO - 
================================================================================
DAG File Processing Stats

File Path                                      PID    Runtime      # DAGs    # Errors  Last Runtime    Last Run
---------------------------------------------  -----  ---------  --------  ----------  --------------  -------------------
/opt/airflow/dags/supermarket_etl_pipeline.py                           1           0  0.46s           2026-08-27T08:59:38
================================================================================
[2026-08-27T09:00:29.238+0000] {manager.py:879} INFO - 
================================================================================
DAG File Processing Stats

File Path                                      PID    Runtime      # DAGs    # Errors  Last Runtime    Last Run
---------------------------------------------  -----  ---------  --------  ----------  --------------  -------------------
/opt/airflow/dags/supermarket_etl_pipeline.py                           1           0  0.38s           2026-08-27T09:00:09
================================================================================
[2026-08-27T09:00:59.327+0000] {manager.py:879} INFO - 
================================================================================
DAG File Processing Stats

File Path                                      PID    Runtime      # DAGs    # Errors  Last Runtime    Last Run
---------------------------------------------  -----  ---------  --------  ----------  --------------  -------------------
/opt/airflow/dags/supermarket_etl_pipeline.py                           1           0  0.35s           2026-08-27T09:00:40
================================================================================
[2026-08-27T09:01:05.991+0000] {manager.py:738} INFO - Searching for files in /opt/airflow/dags
[2026-08-27T09:01:06.121+0000] {manager.py:741} INFO - There are 1 files in /opt/airflow/dags
[2026-08-27T09:01:29.615+0000] {manager.py:879} INFO - 
================================================================================
DAG File Processing Stats

File Path                                      PID    Runtime      # DAGs    # Errors  Last Runtime    Last Run
---------------------------------------------  -----  ---------  --------  ----------  --------------  -------------------
/opt/airflow/dags/supermarket_etl_pipeline.py                           1           0  0.34s           2026-08-27T09:01:10
================================================================================
[2026-08-27T09:01:59.992+0000] {manager.py:879} INFO - 
================================================================================
DAG File Processing Stats

File Path                                      PID    Runtime      # DAGs    # Errors  Last Runtime    Last Run
---------------------------------------------  -----  ---------  --------  ----------  --------------  -------------------
/opt/airflow/dags/supermarket_etl_pipeline.py                           1           0  0.33s           2026-08-27T09:01:41
================================================================================
[2026-08-27T09:02:30.565+0000] {manager.py:879} INFO - 
================================================================================
DAG File Processing Stats

File Path                                      PID    Runtime      # DAGs    # Errors  Last Runtime    Last Run
---------------------------------------------  -----  ---------  --------  ----------  --------------  -------------------
/opt/airflow/dags/supermarket_etl_pipeline.py                           1           0  0.39s           2026-08-27T09:02:11
================================================================================
[2026-08-27T09:03:01.064+0000] {manager.py:879} INFO - 
================================================================================
DAG File Processing Stats

File Path                                      PID    Runtime      # DAGs    # Errors  Last Runtime    Last Run
---------------------------------------------  -----  ---------  --------  ----------  --------------  -------------------
/opt/airflow/dags/supermarket_etl_pipeline.py                           1           0  0.33s           2026-08-27T09:02:42
================================================================================
[2026-08-27T09:03:31.522+0000] {manager.py:879} INFO - 
================================================================================
DAG File Processing Stats

File Path                                      PID    Runtime      # DAGs    # Errors  Last Runtime    Last Run
---------------------------------------------  -----  ---------  --------  ----------  --------------  -------------------
/opt/airflow/dags/supermarket_etl_pipeline.py                           1           0  0.34s           2026-08-27T09:03:12
================================================================================
[2026-08-27T09:04:02.006+0000] {manager.py:879} INFO - 
================================================================================
DAG File Processing Stats

File Path                                      PID    Runtime      # DAGs    # Errors  Last Runtime    Last Run
---------------------------------------------  -----  ---------  --------  ----------  --------------  -------------------
/opt/airflow/dags/supermarket_etl_pipeline.py                           1           0  0.36s           2026-08-27T09:03:43
================================================================================
[2026-08-27T09:04:32.457+0000] {manager.py:879} INFO - 
================================================================================
DAG File Processing Stats

File Path                                      PID    Runtime      # DAGs    # Errors  Last Runtime    Last Run
---------------------------------------------  -----  ---------  --------  ----------  --------------  -------------------
/opt/airflow/dags/supermarket_etl_pipeline.py                           1           0  0.27s           2026-08-27T09:04:13
================================================================================
[2026-08-27T09:05:02.806+0000] {manager.py:879} INFO - 
================================================================================
DAG File Processing Stats

File Path                                      PID    Runtime      # DAGs    # Errors  Last Runtime    Last Run
---------------------------------------------  -----  ---------  --------  ----------  --------------  -------------------
/opt/airflow/dags/supermarket_etl_pipeline.py                           1           0  0.54s           2026-08-27T09:04:44
================================================================================
[2026-08-27T09:05:33.019+0000] {manager.py:879} INFO - 
================================================================================
DAG File Processing Stats

File Path                                      PID    Runtime      # DAGs    # Errors  Last Runtime    Last Run
---------------------------------------------  -----  ---------  --------  ----------  --------------  -------------------
/opt/airflow/dags/supermarket_etl_pipeline.py                           1           0  0.36s           2026-08-27T09:05:14
================================================================================
[2026-08-27T09:06:03.361+0000] {manager.py:879} INFO - 
================================================================================
DAG File Processing Stats

File Path                                      PID    Runtime      # DAGs    # Errors  Last Runtime    Last Run
---------------------------------------------  -----  ---------  --------  ----------  --------------  -------------------
/opt/airflow/dags/supermarket_etl_pipeline.py                           1           0  0.34s           2026-08-27T09:05:45
================================================================================
[2026-08-27T09:06:06.389+0000] {manager.py:738} INFO - Searching for files in /opt/airflow/dags
[2026-08-27T09:06:06.522+0000] {manager.py:741} INFO - There are 1 files in /opt/airflow/dags
[2026-08-27T09:06:34.010+0000] {manager.py:879} INFO - 
================================================================================
DAG File Processing Stats

File Path                                      PID    Runtime      # DAGs    # Errors  Last Runtime    Last Run
---------------------------------------------  -----  ---------  --------  ----------  --------------  -------------------
/opt/airflow/dags/supermarket_etl_pipeline.py                           1           0  0.38s           2026-08-27T09:06:16
================================================================================
[2026-08-27T09:07:04.531+0000] {manager.py:879} INFO - 
================================================================================
DAG File Processing Stats

File Path                                      PID    Runtime      # DAGs    # Errors  Last Runtime    Last Run
---------------------------------------------  -----  ---------  --------  ----------  --------------  -------------------
/opt/airflow/dags/supermarket_etl_pipeline.py                           1           0  0.35s           2026-08-27T09:06:46
================================================================================
[2026-08-27T09:07:35.004+0000] {manager.py:879} INFO - 
================================================================================
DAG File Processing Stats

File Path                                      PID    Runtime      # DAGs    # Errors  Last Runtime    Last Run
---------------------------------------------  -----  ---------  --------  ----------  --------------  -------------------
/opt/airflow/dags/supermarket_etl_pipeline.py                           1           0  0.35s           2026-08-27T09:07:17
================================================================================
[2026-08-27T09:08:05.620+0000] {manager.py:879} INFO - 
================================================================================
DAG File Processing Stats

File Path                                      PID    Runtime      # DAGs    # Errors  Last Runtime    Last Run
---------------------------------------------  -----  ---------  --------  ----------  --------------  -------------------
/opt/airflow/dags/supermarket_etl_pipeline.py                           1           0  0.30s           2026-08-27T09:07:47
================================================================================
[2026-08-27T09:08:35.989+0000] {manager.py:879} INFO - 
================================================================================
DAG File Processing Stats

File Path                                      PID    Runtime      # DAGs    # Errors  Last Runtime    Last Run
---------------------------------------------  -----  ---------  --------  ----------  --------------  -------------------
/opt/airflow/dags/supermarket_etl_pipeline.py                           1           0  0.36s           2026-08-27T09:08:18
================================================================================
[2026-08-27T09:09:06.443+0000] {manager.py:879} INFO - 
================================================================================
DAG File Processing Stats

File Path                                      PID    Runtime      # DAGs    # Errors  Last Runtime    Last Run
---------------------------------------------  -----  ---------  --------  ----------  --------------  -------------------
/opt/airflow/dags/supermarket_etl_pipeline.py                           1           0  0.31s           2026-08-27T09:08:48
================================================================================
[2026-08-27T09:09:37.031+0000] {manager.py:879} INFO - 
================================================================================
DAG File Processing Stats

File Path                                      PID    Runtime      # DAGs    # Errors  Last Runtime    Last Run
---------------------------------------------  -----  ---------  --------  ----------  --------------  -------------------
/opt/airflow/dags/supermarket_etl_pipeline.py                           1           0  0.42s           2026-08-27T09:09:19
================================================================================
[2026-08-27T09:10:07.722+0000] {manager.py:879} INFO - 
================================================================================
DAG File Processing Stats

File Path                                      PID    Runtime      # DAGs    # Errors  Last Runtime    Last Run
---------------------------------------------  -----  ---------  --------  ----------  --------------  -------------------
/opt/airflow/dags/supermarket_etl_pipeline.py                           1           0  0.44s           2026-08-27T09:09:49
================================================================================
[2026-08-27T09:10:38.233+0000] {manager.py:879} INFO - 
================================================================================
DAG File Processing Stats

File Path                                      PID    Runtime      # DAGs    # Errors  Last Runtime    Last Run
---------------------------------------------  -----  ---------  --------  ----------  --------------  -------------------
/opt/airflow/dags/supermarket_etl_pipeline.py                           1           0  0.41s           2026-08-27T09:10:20
================================================================================
[2026-08-27T09:11:06.821+0000] {manager.py:738} INFO - Searching for files in /opt/airflow/dags
[2026-08-27T09:11:06.906+0000] {manager.py:741} INFO - There are 1 files in /opt/airflow/dags
[2026-08-27T09:11:08.937+0000] {manager.py:879} INFO - 
================================================================================
DAG File Processing Stats

File Path                                      PID    Runtime      # DAGs    # Errors  Last Runtime    Last Run
---------------------------------------------  -----  ---------  --------  ----------  --------------  -------------------
/opt/airflow/dags/supermarket_etl_pipeline.py                           1           0  0.35s           2026-08-27T09:10:50
================================================================================
[2026-08-27T09:11:39.310+0000] {manager.py:879} INFO - 
================================================================================
DAG File Processing Stats

File Path                                      PID    Runtime      # DAGs    # Errors  Last Runtime    Last Run
---------------------------------------------  -----  ---------  --------  ----------  --------------  -------------------
/opt/airflow/dags/supermarket_etl_pipeline.py                           1           0  0.39s           2026-08-27T09:11:21
================================================================================
[2026-08-27T09:12:10.010+0000] {manager.py:879} INFO - 
================================================================================
DAG File Processing Stats

File Path                                      PID    Runtime      # DAGs    # Errors  Last Runtime    Last Run
---------------------------------------------  -----  ---------  --------  ----------  --------------  -------------------
/opt/airflow/dags/supermarket_etl_pipeline.py                           1           0  0.32s           2026-08-27T09:11:52
================================================================================
[2026-08-27T09:12:40.594+0000] {manager.py:879} INFO - 
================================================================================
DAG File Processing Stats

File Path                                      PID    Runtime      # DAGs    # Errors  Last Runtime    Last Run
---------------------------------------------  -----  ---------  --------  ----------  --------------  -------------------
/opt/airflow/dags/supermarket_etl_pipeline.py                           1           0  0.37s           2026-08-27T09:12:22
================================================================================
[2026-08-27T09:13:11.017+0000] {manager.py:879} INFO - 
================================================================================
DAG File Processing Stats

File Path                                      PID    Runtime      # DAGs    # Errors  Last Runtime    Last Run
---------------------------------------------  -----  ---------  --------  ----------  --------------  -------------------
/opt/airflow/dags/supermarket_etl_pipeline.py                           1           0  0.43s           2026-08-27T09:12:53
================================================================================
[2026-08-27T09:13:41.034+0000] {manager.py:879} INFO - 
================================================================================
DAG File Processing Stats

File Path                                      PID    Runtime      # DAGs    # Errors  Last Runtime    Last Run
---------------------------------------------  -----  ---------  --------  ----------  --------------  -------------------
/opt/airflow/dags/supermarket_etl_pipeline.py                           1           0  0.32s           2026-08-27T09:13:23
================================================================================
[2026-08-27T09:14:11.337+0000] {manager.py:879} INFO - 
================================================================================
DAG File Processing Stats

File Path                                      PID    Runtime      # DAGs    # Errors  Last Runtime    Last Run
---------------------------------------------  -----  ---------  --------  ----------  --------------  -------------------
/opt/airflow/dags/supermarket_etl_pipeline.py                           1           0  0.32s           2026-08-27T09:13:54
================================================================================
[2026-08-27T09:14:41.365+0000] {manager.py:879} INFO - 
================================================================================
DAG File Processing Stats

File Path                                      PID    Runtime      # DAGs    # Errors  Last Runtime    Last Run
---------------------------------------------  -----  ---------  --------  ----------  --------------  -------------------
/opt/airflow/dags/supermarket_etl_pipeline.py                           1           0  0.35s           2026-08-27T09:14:25
================================================================================
[2026-08-27T09:15:11.686+0000] {manager.py:879} INFO - 
================================================================================
DAG File Processing Stats

File Path                                      PID    Runtime      # DAGs    # Errors  Last Runtime    Last Run
---------------------------------------------  -----  ---------  --------  ----------  --------------  -------------------
/opt/airflow/dags/supermarket_etl_pipeline.py                           1           0  0.33s           2026-08-27T09:14:55
================================================================================
[2026-08-27T09:15:41.777+0000] {manager.py:879} INFO - 
================================================================================
DAG File Processing Stats

File Path                                      PID    Runtime      # DAGs    # Errors  Last Runtime    Last Run
---------------------------------------------  -----  ---------  --------  ----------  --------------  -------------------
/opt/airflow/dags/supermarket_etl_pipeline.py                           1           0  0.43s           2026-08-27T09:15:26
================================================================================
[2026-08-27T09:16:07.055+0000] {manager.py:738} INFO - Searching for files in /opt/airflow/dags
[2026-08-27T09:16:07.118+0000] {manager.py:741} INFO - There are 1 files in /opt/airflow/dags
[2026-08-27T09:16:12.178+0000] {manager.py:879} INFO - 
================================================================================
DAG File Processing Stats

File Path                                      PID    Runtime      # DAGs    # Errors  Last Runtime    Last Run
---------------------------------------------  -----  ---------  --------  ----------  --------------  -------------------
/opt/airflow/dags/supermarket_etl_pipeline.py                           1           0  0.47s           2026-08-27T09:15:57
================================================================================
[2026-08-27T09:16:42.313+0000] {manager.py:879} INFO - 
================================================================================
DAG File Processing Stats

File Path                                      PID    Runtime      # DAGs    # Errors  Last Runtime    Last Run
---------------------------------------------  -----  ---------  --------  ----------  --------------  -------------------
/opt/airflow/dags/supermarket_etl_pipeline.py                           1           0  0.38s           2026-08-27T09:16:28
================================================================================
[2026-08-27T09:17:12.636+0000] {manager.py:879} INFO - 
================================================================================
DAG File Processing Stats

File Path                                      PID    Runtime      # DAGs    # Errors  Last Runtime    Last Run
---------------------------------------------  -----  ---------  --------  ----------  --------------  -------------------
/opt/airflow/dags/supermarket_etl_pipeline.py                           1           0  0.33s           2026-08-27T09:16:58
================================================================================
[2026-08-27T09:17:43.197+0000] {manager.py:879} INFO - 
================================================================================
DAG File Processing Stats

File Path                                      PID    Runtime      # DAGs    # Errors  Last Runtime    Last Run
---------------------------------------------  -----  ---------  --------  ----------  --------------  -------------------
/opt/airflow/dags/supermarket_etl_pipeline.py                           1           0  0.31s           2026-08-27T09:17:29
================================================================================
[2026-08-27T09:18:13.816+0000] {manager.py:879} INFO - 
================================================================================
DAG File Processing Stats

File Path                                      PID    Runtime      # DAGs    # Errors  Last Runtime    Last Run
---------------------------------------------  -----  ---------  --------  ----------  --------------  -------------------
/opt/airflow/dags/supermarket_etl_pipeline.py                           1           0  0.32s           2026-08-27T09:18:00
================================================================================
[2026-08-27T09:47:19.922+0000] {manager.py:738} INFO - Searching for files in /opt/airflow/dags
[2026-08-27T09:47:20.097+0000] {manager.py:741} INFO - There are 1 files in /opt/airflow/dags
[2026-08-27T09:47:23.247+0000] {manager.py:879} INFO - 
================================================================================
DAG File Processing Stats

File Path                                      PID    Runtime      # DAGs    # Errors  Last Runtime    Last Run
---------------------------------------------  -----  ---------  --------  ----------  --------------  -------------------
/opt/airflow/dags/supermarket_etl_pipeline.py                           1           0  0.69s           2026-08-27T09:47:20
================================================================================
[2026-08-27T09:47:53.484+0000] {manager.py:879} INFO - 
================================================================================
DAG File Processing Stats

File Path                                      PID    Runtime      # DAGs    # Errors  Last Runtime    Last Run
---------------------------------------------  -----  ---------  --------  ----------  --------------  -------------------
/opt/airflow/dags/supermarket_etl_pipeline.py                           1           0  0.68s           2026-08-27T09:47:51
================================================================================
[2026-08-27T09:48:23.680+0000] {manager.py:879} INFO - 
================================================================================
DAG File Processing Stats

File Path                                      PID    Runtime      # DAGs    # Errors  Last Runtime    Last Run
---------------------------------------------  -----  ---------  --------  ----------  --------------  -------------------
/opt/airflow/dags/supermarket_etl_pipeline.py                           1           0  0.62s           2026-08-27T09:48:22
================================================================================
[2026-08-27T09:48:53.911+0000] {manager.py:879} INFO - 
================================================================================
DAG File Processing Stats

File Path                                      PID    Runtime      # DAGs    # Errors  Last Runtime    Last Run
---------------------------------------------  -----  ---------  --------  ----------  --------------  -------------------
/opt/airflow/dags/supermarket_etl_pipeline.py                           1           0  0.31s           2026-08-27T09:48:53
================================================================================
[2026-08-27T09:49:24.469+0000] {manager.py:879} INFO - 
================================================================================
DAG File Processing Stats

File Path                                      PID    Runtime      # DAGs    # Errors  Last Runtime    Last Run
---------------------------------------------  -----  ---------  --------  ----------  --------------  -------------------
/opt/airflow/dags/supermarket_etl_pipeline.py                           1           0  0.32s           2026-08-27T09:49:23
================================================================================
[2026-08-27T09:49:55.012+0000] {manager.py:879} INFO - 
================================================================================
DAG File Processing Stats

File Path                                      PID    Runtime      # DAGs    # Errors  Last Runtime    Last Run
---------------------------------------------  -----  ---------  --------  ----------  --------------  -------------------
/opt/airflow/dags/supermarket_etl_pipeline.py                           1           0  0.31s           2026-08-27T09:49:54
================================================================================
[2026-08-27T09:50:25.511+0000] {manager.py:879} INFO - 
================================================================================
DAG File Processing Stats

File Path                                      PID    Runtime      # DAGs    # Errors  Last Runtime    Last Run
---------------------------------------------  -----  ---------  --------  ----------  --------------  -------------------
/opt/airflow/dags/supermarket_etl_pipeline.py                           1           0  0.30s           2026-08-27T09:50:24
================================================================================
[2026-08-27T09:50:56.061+0000] {manager.py:879} INFO - 
================================================================================
DAG File Processing Stats

File Path                                      PID    Runtime      # DAGs    # Errors  Last Runtime    Last Run
---------------------------------------------  -----  ---------  --------  ----------  --------------  -------------------
/opt/airflow/dags/supermarket_etl_pipeline.py                           1           0  0.32s           2026-08-27T09:50:55
================================================================================
[2026-08-27T09:51:26.710+0000] {manager.py:879} INFO - 
================================================================================
DAG File Processing Stats

File Path                                      PID    Runtime      # DAGs    # Errors  Last Runtime    Last Run
---------------------------------------------  -----  ---------  --------  ----------  --------------  -------------------
/opt/airflow/dags/supermarket_etl_pipeline.py                           1           0  0.34s           2026-08-27T09:51:26
================================================================================
[2026-08-27T09:51:56.761+0000] {manager.py:879} INFO - 
================================================================================
DAG File Processing Stats

File Path                                      PID    Runtime      # DAGs    # Errors  Last Runtime    Last Run
---------------------------------------------  -----  ---------  --------  ----------  --------------  -------------------
/opt/airflow/dags/supermarket_etl_pipeline.py                           1           0  0.35s           2026-08-27T09:51:56
================================================================================
[2026-08-27T09:52:20.645+0000] {manager.py:738} INFO - Searching for files in /opt/airflow/dags
[2026-08-27T09:52:20.743+0000] {manager.py:741} INFO - There are 1 files in /opt/airflow/dags
[2026-08-27T09:52:26.836+0000] {manager.py:879} INFO - 
================================================================================
DAG File Processing Stats

File Path                                        PID  Runtime      # DAGs    # Errors  Last Runtime    Last Run
---------------------------------------------  -----  ---------  --------  ----------  --------------  -------------------
/opt/airflow/dags/supermarket_etl_pipeline.py   5157  0.00s             1           0  0.35s           2026-08-27T09:51:56
================================================================================
[2026-08-27T09:52:57.230+0000] {manager.py:879} INFO - 
================================================================================
DAG File Processing Stats

File Path                                        PID  Runtime      # DAGs    # Errors  Last Runtime    Last Run
---------------------------------------------  -----  ---------  --------  ----------  --------------  -------------------
/opt/airflow/dags/supermarket_etl_pipeline.py   5163  0.00s             1           0  0.33s           2026-08-27T09:52:27
================================================================================
[2026-08-27T09:53:27.724+0000] {manager.py:879} INFO - 
================================================================================
DAG File Processing Stats

File Path                                        PID  Runtime      # DAGs    # Errors  Last Runtime    Last Run
---------------------------------------------  -----  ---------  --------  ----------  --------------  -------------------
/opt/airflow/dags/supermarket_etl_pipeline.py   5169  0.00s             1           0  0.31s           2026-08-27T09:52:57
================================================================================
[2026-08-27T09:53:58.040+0000] {manager.py:879} INFO - 
================================================================================
DAG File Processing Stats

File Path                                      PID    Runtime      # DAGs    # Errors  Last Runtime    Last Run
---------------------------------------------  -----  ---------  --------  ----------  --------------  -------------------
/opt/airflow/dags/supermarket_etl_pipeline.py                           1           0  0.33s           2026-08-27T09:53:28
================================================================================
[2026-08-27T09:54:28.687+0000] {manager.py:879} INFO - 
================================================================================
DAG File Processing Stats

File Path                                        PID  Runtime      # DAGs    # Errors  Last Runtime    Last Run
---------------------------------------------  -----  ---------  --------  ----------  --------------  -------------------
/opt/airflow/dags/supermarket_etl_pipeline.py   5181  0.01s             1           0  0.33s           2026-08-27T09:53:58
================================================================================
[2026-08-27T09:54:59.281+0000] {manager.py:879} INFO - 
================================================================================
DAG File Processing Stats

File Path                                        PID  Runtime      # DAGs    # Errors  Last Runtime    Last Run
---------------------------------------------  -----  ---------  --------  ----------  --------------  -------------------
/opt/airflow/dags/supermarket_etl_pipeline.py   5187  0.01s             1           0  0.36s           2026-08-27T09:54:29
================================================================================
[2026-08-27T09:55:29.710+0000] {manager.py:879} INFO - 
================================================================================
DAG File Processing Stats

File Path                                      PID    Runtime      # DAGs    # Errors  Last Runtime    Last Run
---------------------------------------------  -----  ---------  --------  ----------  --------------  -------------------
/opt/airflow/dags/supermarket_etl_pipeline.py                           1           0  0.45s           2026-08-27T09:54:59
================================================================================
[2026-08-27T09:55:59.775+0000] {manager.py:879} INFO - 
================================================================================
DAG File Processing Stats

File Path                                      PID    Runtime      # DAGs    # Errors  Last Runtime    Last Run
---------------------------------------------  -----  ---------  --------  ----------  --------------  -------------------
/opt/airflow/dags/supermarket_etl_pipeline.py                           1           0  0.40s           2026-08-27T09:55:30
================================================================================
[2026-08-27T09:56:30.031+0000] {manager.py:879} INFO - 
================================================================================
DAG File Processing Stats

File Path                                      PID    Runtime      # DAGs    # Errors  Last Runtime    Last Run
---------------------------------------------  -----  ---------  --------  ----------  --------------  -------------------
/opt/airflow/dags/supermarket_etl_pipeline.py                           1           0  0.27s           2026-08-27T09:56:01
================================================================================
[2026-08-27T09:57:00.362+0000] {manager.py:879} INFO - 
================================================================================
DAG File Processing Stats

File Path                                      PID    Runtime      # DAGs    # Errors  Last Runtime    Last Run
---------------------------------------------  -----  ---------  --------  ----------  --------------  -------------------
/opt/airflow/dags/supermarket_etl_pipeline.py                           1           0  0.90s           2026-08-27T09:56:32
================================================================================
[2026-08-27T09:57:20.713+0000] {manager.py:738} INFO - Searching for files in /opt/airflow/dags
[2026-08-27T09:57:20.764+0000] {manager.py:741} INFO - There are 1 files in /opt/airflow/dags
[2026-08-27T09:57:30.869+0000] {manager.py:879} INFO - 
================================================================================
DAG File Processing Stats

File Path                                      PID    Runtime      # DAGs    # Errors  Last Runtime    Last Run
---------------------------------------------  -----  ---------  --------  ----------  --------------  -------------------
/opt/airflow/dags/supermarket_etl_pipeline.py                           1           0  0.38s           2026-08-27T09:57:02
================================================================================
[2026-08-27T09:58:01.299+0000] {manager.py:879} INFO - 
================================================================================
DAG File Processing Stats

File Path                                      PID    Runtime      # DAGs    # Errors  Last Runtime    Last Run
---------------------------------------------  -----  ---------  --------  ----------  --------------  -------------------
/opt/airflow/dags/supermarket_etl_pipeline.py                           1           0  0.45s           2026-08-27T09:57:33
================================================================================
[2026-08-27T09:58:31.392+0000] {manager.py:879} INFO - 
================================================================================
DAG File Processing Stats

File Path                                      PID    Runtime      # DAGs    # Errors  Last Runtime    Last Run
---------------------------------------------  -----  ---------  --------  ----------  --------------  -------------------
/opt/airflow/dags/supermarket_etl_pipeline.py                           1           0  0.35s           2026-08-27T09:58:04
================================================================================
[2026-08-27T09:59:01.669+0000] {manager.py:879} INFO - 
================================================================================
DAG File Processing Stats

File Path                                      PID    Runtime      # DAGs    # Errors  Last Runtime    Last Run
---------------------------------------------  -----  ---------  --------  ----------  --------------  -------------------
/opt/airflow/dags/supermarket_etl_pipeline.py                           1           0  0.50s           2026-08-27T09:58:34
================================================================================
[2026-08-27T09:59:32.034+0000] {manager.py:879} INFO - 
================================================================================
DAG File Processing Stats

File Path                                      PID    Runtime      # DAGs    # Errors  Last Runtime    Last Run
---------------------------------------------  -----  ---------  --------  ----------  --------------  -------------------
/opt/airflow/dags/supermarket_etl_pipeline.py                           1           0  0.35s           2026-08-27T09:59:05
================================================================================
