[2026-08-26T08:53:49.654+0000] {processor.py:161} INFO - Started process (PID=191) to work on /opt/airflow/dags/supermarket_etl_pipeline.py
[2026-08-26T08:53:49.656+0000] {processor.py:830} INFO - Processing file /opt/airflow/dags/supermarket_etl_pipeline.py for tasks to queue
[2026-08-26T08:53:49.659+0000] {logging_mixin.py:188} INFO - [2026-08-26T08:53:49.658+0000] {dagbag.py:538} INFO - Filling up the DagBag from /opt/airflow/dags/supermarket_etl_pipeline.py
[2026-08-26T08:53:51.063+0000] {processor.py:840} INFO - DAG(s) 'supermarket_etl_pipeline' retrieved from /opt/airflow/dags/supermarket_etl_pipeline.py
[2026-08-26T08:53:51.409+0000] {logging_mixin.py:188} INFO - [2026-08-26T08:53:51.408+0000] {override.py:1769} INFO - Created Permission View: can edit on DAG:supermarket_etl_pipeline
[2026-08-26T08:53:51.419+0000] {logging_mixin.py:188} INFO - [2026-08-26T08:53:51.419+0000] {override.py:1769} INFO - Created Permission View: can delete on DAG:supermarket_etl_pipeline
[2026-08-26T08:53:51.428+0000] {logging_mixin.py:188} INFO - [2026-08-26T08:53:51.428+0000] {override.py:1769} INFO - Created Permission View: can read on DAG:supermarket_etl_pipeline
[2026-08-26T08:53:51.430+0000] {logging_mixin.py:188} INFO - [2026-08-26T08:53:51.430+0000] {dag.py:3036} INFO - Sync 1 DAGs
[2026-08-26T08:53:51.441+0000] {logging_mixin.py:188} INFO - [2026-08-26T08:53:51.441+0000] {dag.py:3058} INFO - Creating ORM DAG for supermarket_etl_pipeline
[2026-08-26T08:53:51.443+0000] {logging_mixin.py:188} INFO - [2026-08-26T08:53:51.443+0000] {dag.py:3823} INFO - Setting next_dagrun for supermarket_etl_pipeline to None, run_after=None
[2026-08-26T08:53:51.468+0000] {processor.py:183} INFO - Processing /opt/airflow/dags/supermarket_etl_pipeline.py took 1.818 seconds
[2026-08-26T08:54:21.781+0000] {processor.py:161} INFO - Started process (PID=197) to work on /opt/airflow/dags/supermarket_etl_pipeline.py
[2026-08-26T08:54:21.784+0000] {processor.py:830} INFO - Processing file /opt/airflow/dags/supermarket_etl_pipeline.py for tasks to queue
[2026-08-26T08:54:21.789+0000] {logging_mixin.py:188} INFO - [2026-08-26T08:54:21.788+0000] {dagbag.py:538} INFO - Filling up the DagBag from /opt/airflow/dags/supermarket_etl_pipeline.py
[2026-08-26T08:54:22.180+0000] {processor.py:840} INFO - DAG(s) 'supermarket_etl_pipeline' retrieved from /opt/airflow/dags/supermarket_etl_pipeline.py
[2026-08-26T08:54:22.214+0000] {logging_mixin.py:188} INFO - [2026-08-26T08:54:22.214+0000] {dag.py:3036} INFO - Sync 1 DAGs
[2026-08-26T08:54:22.240+0000] {logging_mixin.py:188} INFO - [2026-08-26T08:54:22.239+0000] {dag.py:3823} INFO - Setting next_dagrun for supermarket_etl_pipeline to None, run_after=None
[2026-08-26T08:54:22.277+0000] {processor.py:183} INFO - Processing /opt/airflow/dags/supermarket_etl_pipeline.py took 0.500 seconds
[2026-08-26T08:54:52.589+0000] {processor.py:161} INFO - Started process (PID=203) to work on /opt/airflow/dags/supermarket_etl_pipeline.py
[2026-08-26T08:54:52.592+0000] {processor.py:830} INFO - Processing file /opt/airflow/dags/supermarket_etl_pipeline.py for tasks to queue
[2026-08-26T08:54:52.594+0000] {logging_mixin.py:188} INFO - [2026-08-26T08:54:52.594+0000] {dagbag.py:538} INFO - Filling up the DagBag from /opt/airflow/dags/supermarket_etl_pipeline.py
[2026-08-26T08:54:52.860+0000] {processor.py:840} INFO - DAG(s) 'supermarket_etl_pipeline' retrieved from /opt/airflow/dags/supermarket_etl_pipeline.py
[2026-08-26T08:54:52.882+0000] {logging_mixin.py:188} INFO - [2026-08-26T08:54:52.882+0000] {dag.py:3036} INFO - Sync 1 DAGs
[2026-08-26T08:54:52.893+0000] {logging_mixin.py:188} INFO - [2026-08-26T08:54:52.892+0000] {dag.py:3823} INFO - Setting next_dagrun for supermarket_etl_pipeline to None, run_after=None
[2026-08-26T08:54:52.918+0000] {processor.py:183} INFO - Processing /opt/airflow/dags/supermarket_etl_pipeline.py took 0.332 seconds
[2026-08-26T08:55:23.223+0000] {processor.py:161} INFO - Started process (PID=209) to work on /opt/airflow/dags/supermarket_etl_pipeline.py
[2026-08-26T08:55:23.228+0000] {processor.py:830} INFO - Processing file /opt/airflow/dags/supermarket_etl_pipeline.py for tasks to queue
[2026-08-26T08:55:23.233+0000] {logging_mixin.py:188} INFO - [2026-08-26T08:55:23.231+0000] {dagbag.py:538} INFO - Filling up the DagBag from /opt/airflow/dags/supermarket_etl_pipeline.py
[2026-08-26T08:55:23.558+0000] {processor.py:840} INFO - DAG(s) 'supermarket_etl_pipeline' retrieved from /opt/airflow/dags/supermarket_etl_pipeline.py
[2026-08-26T08:55:23.573+0000] {logging_mixin.py:188} INFO - [2026-08-26T08:55:23.573+0000] {dag.py:3036} INFO - Sync 1 DAGs
[2026-08-26T08:55:23.586+0000] {logging_mixin.py:188} INFO - [2026-08-26T08:55:23.585+0000] {dag.py:3823} INFO - Setting next_dagrun for supermarket_etl_pipeline to None, run_after=None
[2026-08-26T08:55:23.616+0000] {processor.py:183} INFO - Processing /opt/airflow/dags/supermarket_etl_pipeline.py took 0.400 seconds
[2026-08-26T08:55:53.886+0000] {processor.py:161} INFO - Started process (PID=215) to work on /opt/airflow/dags/supermarket_etl_pipeline.py
[2026-08-26T08:55:53.888+0000] {processor.py:830} INFO - Processing file /opt/airflow/dags/supermarket_etl_pipeline.py for tasks to queue
[2026-08-26T08:55:53.890+0000] {logging_mixin.py:188} INFO - [2026-08-26T08:55:53.890+0000] {dagbag.py:538} INFO - Filling up the DagBag from /opt/airflow/dags/supermarket_etl_pipeline.py
[2026-08-26T08:55:54.141+0000] {processor.py:840} INFO - DAG(s) 'supermarket_etl_pipeline' retrieved from /opt/airflow/dags/supermarket_etl_pipeline.py
[2026-08-26T08:55:54.155+0000] {logging_mixin.py:188} INFO - [2026-08-26T08:55:54.155+0000] {dag.py:3036} INFO - Sync 1 DAGs
[2026-08-26T08:55:54.167+0000] {logging_mixin.py:188} INFO - [2026-08-26T08:55:54.167+0000] {dag.py:3823} INFO - Setting next_dagrun for supermarket_etl_pipeline to None, run_after=None
[2026-08-26T08:55:54.188+0000] {processor.py:183} INFO - Processing /opt/airflow/dags/supermarket_etl_pipeline.py took 0.304 seconds
[2026-08-26T08:56:24.466+0000] {processor.py:161} INFO - Started process (PID=221) to work on /opt/airflow/dags/supermarket_etl_pipeline.py
[2026-08-26T08:56:24.468+0000] {processor.py:830} INFO - Processing file /opt/airflow/dags/supermarket_etl_pipeline.py for tasks to queue
[2026-08-26T08:56:24.470+0000] {logging_mixin.py:188} INFO - [2026-08-26T08:56:24.470+0000] {dagbag.py:538} INFO - Filling up the DagBag from /opt/airflow/dags/supermarket_etl_pipeline.py
[2026-08-26T08:56:24.709+0000] {processor.py:840} INFO - DAG(s) 'supermarket_etl_pipeline' retrieved from /opt/airflow/dags/supermarket_etl_pipeline.py
[2026-08-26T08:56:24.920+0000] {logging_mixin.py:188} INFO - [2026-08-26T08:56:24.920+0000] {dag.py:3036} INFO - Sync 1 DAGs
[2026-08-26T08:56:24.927+0000] {logging_mixin.py:188} INFO - [2026-08-26T08:56:24.927+0000] {dag.py:3823} INFO - Setting next_dagrun for supermarket_etl_pipeline to None, run_after=None
[2026-08-26T08:56:24.945+0000] {processor.py:183} INFO - Processing /opt/airflow/dags/supermarket_etl_pipeline.py took 0.482 seconds
[2026-08-26T08:56:55.249+0000] {processor.py:161} INFO - Started process (PID=227) to work on /opt/airflow/dags/supermarket_etl_pipeline.py
[2026-08-26T08:56:55.252+0000] {processor.py:830} INFO - Processing file /opt/airflow/dags/supermarket_etl_pipeline.py for tasks to queue
[2026-08-26T08:56:55.255+0000] {logging_mixin.py:188} INFO - [2026-08-26T08:56:55.254+0000] {dagbag.py:538} INFO - Filling up the DagBag from /opt/airflow/dags/supermarket_etl_pipeline.py
[2026-08-26T08:56:55.489+0000] {processor.py:840} INFO - DAG(s) 'supermarket_etl_pipeline' retrieved from /opt/airflow/dags/supermarket_etl_pipeline.py
[2026-08-26T08:56:55.511+0000] {logging_mixin.py:188} INFO - [2026-08-26T08:56:55.510+0000] {dag.py:3036} INFO - Sync 1 DAGs
[2026-08-26T08:56:55.521+0000] {logging_mixin.py:188} INFO - [2026-08-26T08:56:55.521+0000] {dag.py:3823} INFO - Setting next_dagrun for supermarket_etl_pipeline to None, run_after=None
[2026-08-26T08:56:55.541+0000] {processor.py:183} INFO - Processing /opt/airflow/dags/supermarket_etl_pipeline.py took 0.295 seconds
[2026-08-26T08:57:25.844+0000] {processor.py:161} INFO - Started process (PID=233) to work on /opt/airflow/dags/supermarket_etl_pipeline.py
[2026-08-26T08:57:25.847+0000] {processor.py:830} INFO - Processing file /opt/airflow/dags/supermarket_etl_pipeline.py for tasks to queue
[2026-08-26T08:57:25.849+0000] {logging_mixin.py:188} INFO - [2026-08-26T08:57:25.848+0000] {dagbag.py:538} INFO - Filling up the DagBag from /opt/airflow/dags/supermarket_etl_pipeline.py
[2026-08-26T08:57:26.098+0000] {processor.py:840} INFO - DAG(s) 'supermarket_etl_pipeline' retrieved from /opt/airflow/dags/supermarket_etl_pipeline.py
[2026-08-26T08:57:26.120+0000] {logging_mixin.py:188} INFO - [2026-08-26T08:57:26.120+0000] {dag.py:3036} INFO - Sync 1 DAGs
[2026-08-26T08:57:26.132+0000] {logging_mixin.py:188} INFO - [2026-08-26T08:57:26.132+0000] {dag.py:3823} INFO - Setting next_dagrun for supermarket_etl_pipeline to None, run_after=None
[2026-08-26T08:57:26.154+0000] {processor.py:183} INFO - Processing /opt/airflow/dags/supermarket_etl_pipeline.py took 0.314 seconds
[2026-08-26T08:57:56.466+0000] {processor.py:161} INFO - Started process (PID=239) to work on /opt/airflow/dags/supermarket_etl_pipeline.py
[2026-08-26T08:57:56.468+0000] {processor.py:830} INFO - Processing file /opt/airflow/dags/supermarket_etl_pipeline.py for tasks to queue
[2026-08-26T08:57:56.470+0000] {logging_mixin.py:188} INFO - [2026-08-26T08:57:56.470+0000] {dagbag.py:538} INFO - Filling up the DagBag from /opt/airflow/dags/supermarket_etl_pipeline.py
[2026-08-26T08:57:56.704+0000] {processor.py:840} INFO - DAG(s) 'supermarket_etl_pipeline' retrieved from /opt/airflow/dags/supermarket_etl_pipeline.py
[2026-08-26T08:57:56.731+0000] {logging_mixin.py:188} INFO - [2026-08-26T08:57:56.731+0000] {dag.py:3036} INFO - Sync 1 DAGs
[2026-08-26T08:57:56.744+0000] {logging_mixin.py:188} INFO - [2026-08-26T08:57:56.743+0000] {dag.py:3823} INFO - Setting next_dagrun for supermarket_etl_pipeline to None, run_after=None
[2026-08-26T08:57:56.765+0000] {processor.py:183} INFO - Processing /opt/airflow/dags/supermarket_etl_pipeline.py took 0.302 seconds
[2026-08-26T08:58:27.138+0000] {processor.py:161} INFO - Started process (PID=245) to work on /opt/airflow/dags/supermarket_etl_pipeline.py
[2026-08-26T08:58:27.140+0000] {processor.py:830} INFO - Processing file /opt/airflow/dags/supermarket_etl_pipeline.py for tasks to queue
[2026-08-26T08:58:27.142+0000] {logging_mixin.py:188} INFO - [2026-08-26T08:58:27.142+0000] {dagbag.py:538} INFO - Filling up the DagBag from /opt/airflow/dags/supermarket_etl_pipeline.py
[2026-08-26T08:58:27.432+0000] {processor.py:840} INFO - DAG(s) 'supermarket_etl_pipeline' retrieved from /opt/airflow/dags/supermarket_etl_pipeline.py
[2026-08-26T08:58:27.455+0000] {logging_mixin.py:188} INFO - [2026-08-26T08:58:27.455+0000] {dag.py:3036} INFO - Sync 1 DAGs
[2026-08-26T08:58:27.466+0000] {logging_mixin.py:188} INFO - [2026-08-26T08:58:27.466+0000] {dag.py:3823} INFO - Setting next_dagrun for supermarket_etl_pipeline to None, run_after=None
[2026-08-26T08:58:27.488+0000] {processor.py:183} INFO - Processing /opt/airflow/dags/supermarket_etl_pipeline.py took 0.355 seconds
[2026-08-26T08:58:57.925+0000] {processor.py:161} INFO - Started process (PID=251) to work on /opt/airflow/dags/supermarket_etl_pipeline.py
[2026-08-26T08:58:57.927+0000] {processor.py:830} INFO - Processing file /opt/airflow/dags/supermarket_etl_pipeline.py for tasks to queue
[2026-08-26T08:58:57.930+0000] {logging_mixin.py:188} INFO - [2026-08-26T08:58:57.929+0000] {dagbag.py:538} INFO - Filling up the DagBag from /opt/airflow/dags/supermarket_etl_pipeline.py
[2026-08-26T08:58:58.278+0000] {processor.py:840} INFO - DAG(s) 'supermarket_etl_pipeline' retrieved from /opt/airflow/dags/supermarket_etl_pipeline.py
[2026-08-26T08:58:58.304+0000] {logging_mixin.py:188} INFO - [2026-08-26T08:58:58.303+0000] {dag.py:3036} INFO - Sync 1 DAGs
[2026-08-26T08:58:58.317+0000] {logging_mixin.py:188} INFO - [2026-08-26T08:58:58.316+0000] {dag.py:3823} INFO - Setting next_dagrun for supermarket_etl_pipeline to None, run_after=None
[2026-08-26T08:58:58.349+0000] {processor.py:183} INFO - Processing /opt/airflow/dags/supermarket_etl_pipeline.py took 0.428 seconds
[2026-08-26T08:59:28.650+0000] {processor.py:161} INFO - Started process (PID=257) to work on /opt/airflow/dags/supermarket_etl_pipeline.py
[2026-08-26T08:59:28.652+0000] {processor.py:830} INFO - Processing file /opt/airflow/dags/supermarket_etl_pipeline.py for tasks to queue
[2026-08-26T08:59:28.653+0000] {logging_mixin.py:188} INFO - [2026-08-26T08:59:28.653+0000] {dagbag.py:538} INFO - Filling up the DagBag from /opt/airflow/dags/supermarket_etl_pipeline.py
[2026-08-26T08:59:28.860+0000] {processor.py:840} INFO - DAG(s) 'supermarket_etl_pipeline' retrieved from /opt/airflow/dags/supermarket_etl_pipeline.py
[2026-08-26T08:59:28.883+0000] {logging_mixin.py:188} INFO - [2026-08-26T08:59:28.883+0000] {dag.py:3036} INFO - Sync 1 DAGs
[2026-08-26T08:59:28.894+0000] {logging_mixin.py:188} INFO - [2026-08-26T08:59:28.894+0000] {dag.py:3823} INFO - Setting next_dagrun for supermarket_etl_pipeline to None, run_after=None
[2026-08-26T08:59:28.913+0000] {processor.py:183} INFO - Processing /opt/airflow/dags/supermarket_etl_pipeline.py took 0.266 seconds
[2026-08-26T08:59:59.243+0000] {processor.py:161} INFO - Started process (PID=263) to work on /opt/airflow/dags/supermarket_etl_pipeline.py
[2026-08-26T08:59:59.246+0000] {processor.py:830} INFO - Processing file /opt/airflow/dags/supermarket_etl_pipeline.py for tasks to queue
[2026-08-26T08:59:59.247+0000] {logging_mixin.py:188} INFO - [2026-08-26T08:59:59.247+0000] {dagbag.py:538} INFO - Filling up the DagBag from /opt/airflow/dags/supermarket_etl_pipeline.py
[2026-08-26T08:59:59.493+0000] {processor.py:840} INFO - DAG(s) 'supermarket_etl_pipeline' retrieved from /opt/airflow/dags/supermarket_etl_pipeline.py
[2026-08-26T08:59:59.519+0000] {logging_mixin.py:188} INFO - [2026-08-26T08:59:59.519+0000] {dag.py:3036} INFO - Sync 1 DAGs
[2026-08-26T08:59:59.530+0000] {logging_mixin.py:188} INFO - [2026-08-26T08:59:59.529+0000] {dag.py:3823} INFO - Setting next_dagrun for supermarket_etl_pipeline to None, run_after=None
[2026-08-26T08:59:59.549+0000] {processor.py:183} INFO - Processing /opt/airflow/dags/supermarket_etl_pipeline.py took 0.309 seconds
[2026-08-26T09:00:29.850+0000] {processor.py:161} INFO - Started process (PID=269) to work on /opt/airflow/dags/supermarket_etl_pipeline.py
[2026-08-26T09:00:29.852+0000] {processor.py:830} INFO - Processing file /opt/airflow/dags/supermarket_etl_pipeline.py for tasks to queue
[2026-08-26T09:00:29.854+0000] {logging_mixin.py:188} INFO - [2026-08-26T09:00:29.854+0000] {dagbag.py:538} INFO - Filling up the DagBag from /opt/airflow/dags/supermarket_etl_pipeline.py
[2026-08-26T09:00:30.099+0000] {processor.py:840} INFO - DAG(s) 'supermarket_etl_pipeline' retrieved from /opt/airflow/dags/supermarket_etl_pipeline.py
[2026-08-26T09:00:30.125+0000] {logging_mixin.py:188} INFO - [2026-08-26T09:00:30.125+0000] {dag.py:3036} INFO - Sync 1 DAGs
[2026-08-26T09:00:30.137+0000] {logging_mixin.py:188} INFO - [2026-08-26T09:00:30.137+0000] {dag.py:3823} INFO - Setting next_dagrun for supermarket_etl_pipeline to None, run_after=None
[2026-08-26T09:00:30.156+0000] {processor.py:183} INFO - Processing /opt/airflow/dags/supermarket_etl_pipeline.py took 0.308 seconds
[2026-08-26T09:01:00.466+0000] {processor.py:161} INFO - Started process (PID=275) to work on /opt/airflow/dags/supermarket_etl_pipeline.py
[2026-08-26T09:01:00.468+0000] {processor.py:830} INFO - Processing file /opt/airflow/dags/supermarket_etl_pipeline.py for tasks to queue
[2026-08-26T09:01:00.471+0000] {logging_mixin.py:188} INFO - [2026-08-26T09:01:00.470+0000] {dagbag.py:538} INFO - Filling up the DagBag from /opt/airflow/dags/supermarket_etl_pipeline.py
[2026-08-26T09:01:00.731+0000] {processor.py:840} INFO - DAG(s) 'supermarket_etl_pipeline' retrieved from /opt/airflow/dags/supermarket_etl_pipeline.py
[2026-08-26T09:01:00.759+0000] {logging_mixin.py:188} INFO - [2026-08-26T09:01:00.759+0000] {dag.py:3036} INFO - Sync 1 DAGs
[2026-08-26T09:01:00.771+0000] {logging_mixin.py:188} INFO - [2026-08-26T09:01:00.771+0000] {dag.py:3823} INFO - Setting next_dagrun for supermarket_etl_pipeline to None, run_after=None
[2026-08-26T09:01:00.790+0000] {processor.py:183} INFO - Processing /opt/airflow/dags/supermarket_etl_pipeline.py took 0.329 seconds
[2026-08-26T09:01:31.137+0000] {processor.py:161} INFO - Started process (PID=281) to work on /opt/airflow/dags/supermarket_etl_pipeline.py
[2026-08-26T09:01:31.138+0000] {processor.py:830} INFO - Processing file /opt/airflow/dags/supermarket_etl_pipeline.py for tasks to queue
[2026-08-26T09:01:31.140+0000] {logging_mixin.py:188} INFO - [2026-08-26T09:01:31.140+0000] {dagbag.py:538} INFO - Filling up the DagBag from /opt/airflow/dags/supermarket_etl_pipeline.py
[2026-08-26T09:01:31.349+0000] {processor.py:840} INFO - DAG(s) 'supermarket_etl_pipeline' retrieved from /opt/airflow/dags/supermarket_etl_pipeline.py
[2026-08-26T09:01:31.373+0000] {logging_mixin.py:188} INFO - [2026-08-26T09:01:31.373+0000] {dag.py:3036} INFO - Sync 1 DAGs
[2026-08-26T09:01:31.384+0000] {logging_mixin.py:188} INFO - [2026-08-26T09:01:31.384+0000] {dag.py:3823} INFO - Setting next_dagrun for supermarket_etl_pipeline to None, run_after=None
[2026-08-26T09:01:31.403+0000] {processor.py:183} INFO - Processing /opt/airflow/dags/supermarket_etl_pipeline.py took 0.269 seconds
[2026-08-26T09:02:01.693+0000] {processor.py:161} INFO - Started process (PID=287) to work on /opt/airflow/dags/supermarket_etl_pipeline.py
[2026-08-26T09:02:01.694+0000] {processor.py:830} INFO - Processing file /opt/airflow/dags/supermarket_etl_pipeline.py for tasks to queue
[2026-08-26T09:02:01.696+0000] {logging_mixin.py:188} INFO - [2026-08-26T09:02:01.696+0000] {dagbag.py:538} INFO - Filling up the DagBag from /opt/airflow/dags/supermarket_etl_pipeline.py
[2026-08-26T09:02:01.918+0000] {processor.py:840} INFO - DAG(s) 'supermarket_etl_pipeline' retrieved from /opt/airflow/dags/supermarket_etl_pipeline.py
[2026-08-26T09:02:01.946+0000] {logging_mixin.py:188} INFO - [2026-08-26T09:02:01.946+0000] {dag.py:3036} INFO - Sync 1 DAGs
[2026-08-26T09:02:01.958+0000] {logging_mixin.py:188} INFO - [2026-08-26T09:02:01.958+0000] {dag.py:3823} INFO - Setting next_dagrun for supermarket_etl_pipeline to None, run_after=None
[2026-08-26T09:02:01.980+0000] {processor.py:183} INFO - Processing /opt/airflow/dags/supermarket_etl_pipeline.py took 0.290 seconds
[2026-08-26T09:02:32.316+0000] {processor.py:161} INFO - Started process (PID=293) to work on /opt/airflow/dags/supermarket_etl_pipeline.py
[2026-08-26T09:02:32.318+0000] {processor.py:830} INFO - Processing file /opt/airflow/dags/supermarket_etl_pipeline.py for tasks to queue
[2026-08-26T09:02:32.320+0000] {logging_mixin.py:188} INFO - [2026-08-26T09:02:32.320+0000] {dagbag.py:538} INFO - Filling up the DagBag from /opt/airflow/dags/supermarket_etl_pipeline.py
[2026-08-26T09:02:32.540+0000] {processor.py:840} INFO - DAG(s) 'supermarket_etl_pipeline' retrieved from /opt/airflow/dags/supermarket_etl_pipeline.py
[2026-08-26T09:02:32.570+0000] {logging_mixin.py:188} INFO - [2026-08-26T09:02:32.570+0000] {dag.py:3036} INFO - Sync 1 DAGs
[2026-08-26T09:02:32.591+0000] {logging_mixin.py:188} INFO - [2026-08-26T09:02:32.590+0000] {dag.py:3823} INFO - Setting next_dagrun for supermarket_etl_pipeline to None, run_after=None
[2026-08-26T09:02:32.617+0000] {processor.py:183} INFO - Processing /opt/airflow/dags/supermarket_etl_pipeline.py took 0.306 seconds
[2026-08-26T09:03:02.915+0000] {processor.py:161} INFO - Started process (PID=299) to work on /opt/airflow/dags/supermarket_etl_pipeline.py
[2026-08-26T09:03:02.916+0000] {processor.py:830} INFO - Processing file /opt/airflow/dags/supermarket_etl_pipeline.py for tasks to queue
[2026-08-26T09:03:02.918+0000] {logging_mixin.py:188} INFO - [2026-08-26T09:03:02.918+0000] {dagbag.py:538} INFO - Filling up the DagBag from /opt/airflow/dags/supermarket_etl_pipeline.py
[2026-08-26T09:03:03.127+0000] {processor.py:840} INFO - DAG(s) 'supermarket_etl_pipeline' retrieved from /opt/airflow/dags/supermarket_etl_pipeline.py
[2026-08-26T09:03:03.149+0000] {logging_mixin.py:188} INFO - [2026-08-26T09:03:03.149+0000] {dag.py:3036} INFO - Sync 1 DAGs
[2026-08-26T09:03:03.158+0000] {logging_mixin.py:188} INFO - [2026-08-26T09:03:03.158+0000] {dag.py:3823} INFO - Setting next_dagrun for supermarket_etl_pipeline to None, run_after=None
[2026-08-26T09:03:03.176+0000] {processor.py:183} INFO - Processing /opt/airflow/dags/supermarket_etl_pipeline.py took 0.264 seconds
[2026-08-26T09:03:33.478+0000] {processor.py:161} INFO - Started process (PID=305) to work on /opt/airflow/dags/supermarket_etl_pipeline.py
[2026-08-26T09:03:33.480+0000] {processor.py:830} INFO - Processing file /opt/airflow/dags/supermarket_etl_pipeline.py for tasks to queue
[2026-08-26T09:03:33.482+0000] {logging_mixin.py:188} INFO - [2026-08-26T09:03:33.481+0000] {dagbag.py:538} INFO - Filling up the DagBag from /opt/airflow/dags/supermarket_etl_pipeline.py
[2026-08-26T09:03:33.736+0000] {processor.py:840} INFO - DAG(s) 'supermarket_etl_pipeline' retrieved from /opt/airflow/dags/supermarket_etl_pipeline.py
[2026-08-26T09:03:33.763+0000] {logging_mixin.py:188} INFO - [2026-08-26T09:03:33.762+0000] {dag.py:3036} INFO - Sync 1 DAGs
[2026-08-26T09:03:33.773+0000] {logging_mixin.py:188} INFO - [2026-08-26T09:03:33.773+0000] {dag.py:3823} INFO - Setting next_dagrun for supermarket_etl_pipeline to None, run_after=None
[2026-08-26T09:03:33.959+0000] {processor.py:183} INFO - Processing /opt/airflow/dags/supermarket_etl_pipeline.py took 0.485 seconds
[2026-08-26T09:04:04.397+0000] {processor.py:161} INFO - Started process (PID=311) to work on /opt/airflow/dags/supermarket_etl_pipeline.py
[2026-08-26T09:04:04.398+0000] {processor.py:830} INFO - Processing file /opt/airflow/dags/supermarket_etl_pipeline.py for tasks to queue
[2026-08-26T09:04:04.400+0000] {logging_mixin.py:188} INFO - [2026-08-26T09:04:04.400+0000] {dagbag.py:538} INFO - Filling up the DagBag from /opt/airflow/dags/supermarket_etl_pipeline.py
[2026-08-26T09:04:04.634+0000] {processor.py:840} INFO - DAG(s) 'supermarket_etl_pipeline' retrieved from /opt/airflow/dags/supermarket_etl_pipeline.py
[2026-08-26T09:04:04.656+0000] {logging_mixin.py:188} INFO - [2026-08-26T09:04:04.655+0000] {dag.py:3036} INFO - Sync 1 DAGs
[2026-08-26T09:04:04.666+0000] {logging_mixin.py:188} INFO - [2026-08-26T09:04:04.666+0000] {dag.py:3823} INFO - Setting next_dagrun for supermarket_etl_pipeline to None, run_after=None
[2026-08-26T09:04:04.684+0000] {processor.py:183} INFO - Processing /opt/airflow/dags/supermarket_etl_pipeline.py took 0.293 seconds
[2026-08-26T09:04:35.012+0000] {processor.py:161} INFO - Started process (PID=317) to work on /opt/airflow/dags/supermarket_etl_pipeline.py
[2026-08-26T09:04:35.014+0000] {processor.py:830} INFO - Processing file /opt/airflow/dags/supermarket_etl_pipeline.py for tasks to queue
[2026-08-26T09:04:35.017+0000] {logging_mixin.py:188} INFO - [2026-08-26T09:04:35.016+0000] {dagbag.py:538} INFO - Filling up the DagBag from /opt/airflow/dags/supermarket_etl_pipeline.py
[2026-08-26T09:04:35.264+0000] {processor.py:840} INFO - DAG(s) 'supermarket_etl_pipeline' retrieved from /opt/airflow/dags/supermarket_etl_pipeline.py
[2026-08-26T09:04:35.287+0000] {logging_mixin.py:188} INFO - [2026-08-26T09:04:35.286+0000] {dag.py:3036} INFO - Sync 1 DAGs
[2026-08-26T09:04:35.298+0000] {logging_mixin.py:188} INFO - [2026-08-26T09:04:35.298+0000] {dag.py:3823} INFO - Setting next_dagrun for supermarket_etl_pipeline to None, run_after=None
[2026-08-26T09:04:35.318+0000] {processor.py:183} INFO - Processing /opt/airflow/dags/supermarket_etl_pipeline.py took 0.309 seconds
[2026-08-26T09:05:05.634+0000] {processor.py:161} INFO - Started process (PID=323) to work on /opt/airflow/dags/supermarket_etl_pipeline.py
[2026-08-26T09:05:05.636+0000] {processor.py:830} INFO - Processing file /opt/airflow/dags/supermarket_etl_pipeline.py for tasks to queue
[2026-08-26T09:05:05.638+0000] {logging_mixin.py:188} INFO - [2026-08-26T09:05:05.637+0000] {dagbag.py:538} INFO - Filling up the DagBag from /opt/airflow/dags/supermarket_etl_pipeline.py
[2026-08-26T09:05:05.877+0000] {processor.py:840} INFO - DAG(s) 'supermarket_etl_pipeline' retrieved from /opt/airflow/dags/supermarket_etl_pipeline.py
[2026-08-26T09:05:05.901+0000] {logging_mixin.py:188} INFO - [2026-08-26T09:05:05.901+0000] {dag.py:3036} INFO - Sync 1 DAGs
[2026-08-26T09:05:05.912+0000] {logging_mixin.py:188} INFO - [2026-08-26T09:05:05.912+0000] {dag.py:3823} INFO - Setting next_dagrun for supermarket_etl_pipeline to None, run_after=None
[2026-08-26T09:05:05.932+0000] {processor.py:183} INFO - Processing /opt/airflow/dags/supermarket_etl_pipeline.py took 0.301 seconds
[2026-08-26T09:05:36.240+0000] {processor.py:161} INFO - Started process (PID=341) to work on /opt/airflow/dags/supermarket_etl_pipeline.py
[2026-08-26T09:05:36.242+0000] {processor.py:830} INFO - Processing file /opt/airflow/dags/supermarket_etl_pipeline.py for tasks to queue
[2026-08-26T09:05:36.244+0000] {logging_mixin.py:188} INFO - [2026-08-26T09:05:36.244+0000] {dagbag.py:538} INFO - Filling up the DagBag from /opt/airflow/dags/supermarket_etl_pipeline.py
[2026-08-26T09:05:36.482+0000] {processor.py:840} INFO - DAG(s) 'supermarket_etl_pipeline' retrieved from /opt/airflow/dags/supermarket_etl_pipeline.py
[2026-08-26T09:05:36.505+0000] {logging_mixin.py:188} INFO - [2026-08-26T09:05:36.505+0000] {dag.py:3036} INFO - Sync 1 DAGs
[2026-08-26T09:05:36.516+0000] {logging_mixin.py:188} INFO - [2026-08-26T09:05:36.516+0000] {dag.py:3823} INFO - Setting next_dagrun for supermarket_etl_pipeline to None, run_after=None
[2026-08-26T09:05:36.635+0000] {processor.py:183} INFO - Processing /opt/airflow/dags/supermarket_etl_pipeline.py took 0.398 seconds
[2026-08-26T09:06:06.964+0000] {processor.py:161} INFO - Started process (PID=347) to work on /opt/airflow/dags/supermarket_etl_pipeline.py
[2026-08-26T09:06:06.966+0000] {processor.py:830} INFO - Processing file /opt/airflow/dags/supermarket_etl_pipeline.py for tasks to queue
[2026-08-26T09:06:06.968+0000] {logging_mixin.py:188} INFO - [2026-08-26T09:06:06.968+0000] {dagbag.py:538} INFO - Filling up the DagBag from /opt/airflow/dags/supermarket_etl_pipeline.py
[2026-08-26T09:06:07.269+0000] {processor.py:840} INFO - DAG(s) 'supermarket_etl_pipeline' retrieved from /opt/airflow/dags/supermarket_etl_pipeline.py
[2026-08-26T09:06:07.293+0000] {logging_mixin.py:188} INFO - [2026-08-26T09:06:07.293+0000] {dag.py:3036} INFO - Sync 1 DAGs
[2026-08-26T09:06:07.304+0000] {logging_mixin.py:188} INFO - [2026-08-26T09:06:07.303+0000] {dag.py:3823} INFO - Setting next_dagrun for supermarket_etl_pipeline to None, run_after=None
[2026-08-26T09:06:07.324+0000] {processor.py:183} INFO - Processing /opt/airflow/dags/supermarket_etl_pipeline.py took 0.363 seconds
[2026-08-26T09:06:37.630+0000] {processor.py:161} INFO - Started process (PID=353) to work on /opt/airflow/dags/supermarket_etl_pipeline.py
[2026-08-26T09:06:37.632+0000] {processor.py:830} INFO - Processing file /opt/airflow/dags/supermarket_etl_pipeline.py for tasks to queue
[2026-08-26T09:06:37.634+0000] {logging_mixin.py:188} INFO - [2026-08-26T09:06:37.634+0000] {dagbag.py:538} INFO - Filling up the DagBag from /opt/airflow/dags/supermarket_etl_pipeline.py
[2026-08-26T09:06:37.883+0000] {processor.py:840} INFO - DAG(s) 'supermarket_etl_pipeline' retrieved from /opt/airflow/dags/supermarket_etl_pipeline.py
[2026-08-26T09:06:37.905+0000] {logging_mixin.py:188} INFO - [2026-08-26T09:06:37.905+0000] {dag.py:3036} INFO - Sync 1 DAGs
[2026-08-26T09:06:37.915+0000] {logging_mixin.py:188} INFO - [2026-08-26T09:06:37.914+0000] {dag.py:3823} INFO - Setting next_dagrun for supermarket_etl_pipeline to None, run_after=None
[2026-08-26T09:06:37.935+0000] {processor.py:183} INFO - Processing /opt/airflow/dags/supermarket_etl_pipeline.py took 0.308 seconds
[2026-08-26T09:07:08.255+0000] {processor.py:161} INFO - Started process (PID=359) to work on /opt/airflow/dags/supermarket_etl_pipeline.py
[2026-08-26T09:07:08.257+0000] {processor.py:830} INFO - Processing file /opt/airflow/dags/supermarket_etl_pipeline.py for tasks to queue
[2026-08-26T09:07:08.262+0000] {logging_mixin.py:188} INFO - [2026-08-26T09:07:08.261+0000] {dagbag.py:538} INFO - Filling up the DagBag from /opt/airflow/dags/supermarket_etl_pipeline.py
[2026-08-26T09:07:08.509+0000] {processor.py:840} INFO - DAG(s) 'supermarket_etl_pipeline' retrieved from /opt/airflow/dags/supermarket_etl_pipeline.py
[2026-08-26T09:07:08.532+0000] {logging_mixin.py:188} INFO - [2026-08-26T09:07:08.532+0000] {dag.py:3036} INFO - Sync 1 DAGs
[2026-08-26T09:07:08.545+0000] {logging_mixin.py:188} INFO - [2026-08-26T09:07:08.545+0000] {dag.py:3823} INFO - Setting next_dagrun for supermarket_etl_pipeline to None, run_after=None
[2026-08-26T09:07:08.566+0000] {processor.py:183} INFO - Processing /opt/airflow/dags/supermarket_etl_pipeline.py took 0.321 seconds
[2026-08-26T09:07:38.899+0000] {processor.py:161} INFO - Started process (PID=365) to work on /opt/airflow/dags/supermarket_etl_pipeline.py
[2026-08-26T09:07:38.901+0000] {processor.py:830} INFO - Processing file /opt/airflow/dags/supermarket_etl_pipeline.py for tasks to queue
[2026-08-26T09:07:38.903+0000] {logging_mixin.py:188} INFO - [2026-08-26T09:07:38.903+0000] {dagbag.py:538} INFO - Filling up the DagBag from /opt/airflow/dags/supermarket_etl_pipeline.py
[2026-08-26T09:07:39.155+0000] {processor.py:840} INFO - DAG(s) 'supermarket_etl_pipeline' retrieved from /opt/airflow/dags/supermarket_etl_pipeline.py
[2026-08-26T09:07:39.178+0000] {logging_mixin.py:188} INFO - [2026-08-26T09:07:39.177+0000] {dag.py:3036} INFO - Sync 1 DAGs
[2026-08-26T09:07:39.188+0000] {logging_mixin.py:188} INFO - [2026-08-26T09:07:39.188+0000] {dag.py:3823} INFO - Setting next_dagrun for supermarket_etl_pipeline to None, run_after=None
[2026-08-26T09:07:39.316+0000] {processor.py:183} INFO - Processing /opt/airflow/dags/supermarket_etl_pipeline.py took 0.421 seconds
[2026-08-26T09:08:09.688+0000] {processor.py:161} INFO - Started process (PID=371) to work on /opt/airflow/dags/supermarket_etl_pipeline.py
[2026-08-26T09:08:09.690+0000] {processor.py:830} INFO - Processing file /opt/airflow/dags/supermarket_etl_pipeline.py for tasks to queue
[2026-08-26T09:08:09.692+0000] {logging_mixin.py:188} INFO - [2026-08-26T09:08:09.692+0000] {dagbag.py:538} INFO - Filling up the DagBag from /opt/airflow/dags/supermarket_etl_pipeline.py
[2026-08-26T09:08:09.934+0000] {processor.py:840} INFO - DAG(s) 'supermarket_etl_pipeline' retrieved from /opt/airflow/dags/supermarket_etl_pipeline.py
[2026-08-26T09:08:09.957+0000] {logging_mixin.py:188} INFO - [2026-08-26T09:08:09.957+0000] {dag.py:3036} INFO - Sync 1 DAGs
[2026-08-26T09:08:09.969+0000] {logging_mixin.py:188} INFO - [2026-08-26T09:08:09.969+0000] {dag.py:3823} INFO - Setting next_dagrun for supermarket_etl_pipeline to None, run_after=None
[2026-08-26T09:08:09.989+0000] {processor.py:183} INFO - Processing /opt/airflow/dags/supermarket_etl_pipeline.py took 0.305 seconds
[2026-08-26T09:08:40.335+0000] {processor.py:161} INFO - Started process (PID=377) to work on /opt/airflow/dags/supermarket_etl_pipeline.py
[2026-08-26T09:08:40.338+0000] {processor.py:830} INFO - Processing file /opt/airflow/dags/supermarket_etl_pipeline.py for tasks to queue
[2026-08-26T09:08:40.344+0000] {logging_mixin.py:188} INFO - [2026-08-26T09:08:40.344+0000] {dagbag.py:538} INFO - Filling up the DagBag from /opt/airflow/dags/supermarket_etl_pipeline.py
[2026-08-26T09:08:40.592+0000] {processor.py:840} INFO - DAG(s) 'supermarket_etl_pipeline' retrieved from /opt/airflow/dags/supermarket_etl_pipeline.py
[2026-08-26T09:08:40.615+0000] {logging_mixin.py:188} INFO - [2026-08-26T09:08:40.614+0000] {dag.py:3036} INFO - Sync 1 DAGs
[2026-08-26T09:08:40.633+0000] {logging_mixin.py:188} INFO - [2026-08-26T09:08:40.633+0000] {dag.py:3823} INFO - Setting next_dagrun for supermarket_etl_pipeline to None, run_after=None
[2026-08-26T09:08:40.662+0000] {processor.py:183} INFO - Processing /opt/airflow/dags/supermarket_etl_pipeline.py took 0.332 seconds
[2026-08-26T09:09:10.989+0000] {processor.py:161} INFO - Started process (PID=383) to work on /opt/airflow/dags/supermarket_etl_pipeline.py
[2026-08-26T09:09:10.991+0000] {processor.py:830} INFO - Processing file /opt/airflow/dags/supermarket_etl_pipeline.py for tasks to queue
[2026-08-26T09:09:10.993+0000] {logging_mixin.py:188} INFO - [2026-08-26T09:09:10.992+0000] {dagbag.py:538} INFO - Filling up the DagBag from /opt/airflow/dags/supermarket_etl_pipeline.py
[2026-08-26T09:09:11.213+0000] {processor.py:840} INFO - DAG(s) 'supermarket_etl_pipeline' retrieved from /opt/airflow/dags/supermarket_etl_pipeline.py
[2026-08-26T09:09:11.234+0000] {logging_mixin.py:188} INFO - [2026-08-26T09:09:11.234+0000] {dag.py:3036} INFO - Sync 1 DAGs
[2026-08-26T09:09:11.244+0000] {logging_mixin.py:188} INFO - [2026-08-26T09:09:11.244+0000] {dag.py:3823} INFO - Setting next_dagrun for supermarket_etl_pipeline to None, run_after=None
[2026-08-26T09:09:11.267+0000] {processor.py:183} INFO - Processing /opt/airflow/dags/supermarket_etl_pipeline.py took 0.280 seconds
[2026-08-26T09:09:41.581+0000] {processor.py:161} INFO - Started process (PID=389) to work on /opt/airflow/dags/supermarket_etl_pipeline.py
[2026-08-26T09:09:41.583+0000] {processor.py:830} INFO - Processing file /opt/airflow/dags/supermarket_etl_pipeline.py for tasks to queue
[2026-08-26T09:09:41.585+0000] {logging_mixin.py:188} INFO - [2026-08-26T09:09:41.584+0000] {dagbag.py:538} INFO - Filling up the DagBag from /opt/airflow/dags/supermarket_etl_pipeline.py
[2026-08-26T09:09:41.816+0000] {processor.py:840} INFO - DAG(s) 'supermarket_etl_pipeline' retrieved from /opt/airflow/dags/supermarket_etl_pipeline.py
[2026-08-26T09:09:41.837+0000] {logging_mixin.py:188} INFO - [2026-08-26T09:09:41.837+0000] {dag.py:3036} INFO - Sync 1 DAGs
[2026-08-26T09:09:41.848+0000] {logging_mixin.py:188} INFO - [2026-08-26T09:09:41.848+0000] {dag.py:3823} INFO - Setting next_dagrun for supermarket_etl_pipeline to None, run_after=None
[2026-08-26T09:09:41.975+0000] {processor.py:183} INFO - Processing /opt/airflow/dags/supermarket_etl_pipeline.py took 0.399 seconds
[2026-08-26T09:10:12.297+0000] {processor.py:161} INFO - Started process (PID=395) to work on /opt/airflow/dags/supermarket_etl_pipeline.py
[2026-08-26T09:10:12.298+0000] {processor.py:830} INFO - Processing file /opt/airflow/dags/supermarket_etl_pipeline.py for tasks to queue
[2026-08-26T09:10:12.300+0000] {logging_mixin.py:188} INFO - [2026-08-26T09:10:12.300+0000] {dagbag.py:538} INFO - Filling up the DagBag from /opt/airflow/dags/supermarket_etl_pipeline.py
[2026-08-26T09:10:12.530+0000] {processor.py:840} INFO - DAG(s) 'supermarket_etl_pipeline' retrieved from /opt/airflow/dags/supermarket_etl_pipeline.py
[2026-08-26T09:10:12.553+0000] {logging_mixin.py:188} INFO - [2026-08-26T09:10:12.553+0000] {dag.py:3036} INFO - Sync 1 DAGs
[2026-08-26T09:10:12.567+0000] {logging_mixin.py:188} INFO - [2026-08-26T09:10:12.567+0000] {dag.py:3823} INFO - Setting next_dagrun for supermarket_etl_pipeline to None, run_after=None
[2026-08-26T09:10:12.590+0000] {processor.py:183} INFO - Processing /opt/airflow/dags/supermarket_etl_pipeline.py took 0.296 seconds
[2026-08-26T09:10:42.915+0000] {processor.py:161} INFO - Started process (PID=401) to work on /opt/airflow/dags/supermarket_etl_pipeline.py
[2026-08-26T09:10:42.916+0000] {processor.py:830} INFO - Processing file /opt/airflow/dags/supermarket_etl_pipeline.py for tasks to queue
[2026-08-26T09:10:42.918+0000] {logging_mixin.py:188} INFO - [2026-08-26T09:10:42.917+0000] {dagbag.py:538} INFO - Filling up the DagBag from /opt/airflow/dags/supermarket_etl_pipeline.py
[2026-08-26T09:10:43.187+0000] {processor.py:840} INFO - DAG(s) 'supermarket_etl_pipeline' retrieved from /opt/airflow/dags/supermarket_etl_pipeline.py
[2026-08-26T09:10:43.213+0000] {logging_mixin.py:188} INFO - [2026-08-26T09:10:43.212+0000] {dag.py:3036} INFO - Sync 1 DAGs
[2026-08-26T09:10:43.225+0000] {logging_mixin.py:188} INFO - [2026-08-26T09:10:43.224+0000] {dag.py:3823} INFO - Setting next_dagrun for supermarket_etl_pipeline to None, run_after=None
[2026-08-26T09:10:43.252+0000] {processor.py:183} INFO - Processing /opt/airflow/dags/supermarket_etl_pipeline.py took 0.340 seconds
[2026-08-26T09:11:13.576+0000] {processor.py:161} INFO - Started process (PID=407) to work on /opt/airflow/dags/supermarket_etl_pipeline.py
[2026-08-26T09:11:13.578+0000] {processor.py:830} INFO - Processing file /opt/airflow/dags/supermarket_etl_pipeline.py for tasks to queue
[2026-08-26T09:11:13.580+0000] {logging_mixin.py:188} INFO - [2026-08-26T09:11:13.579+0000] {dagbag.py:538} INFO - Filling up the DagBag from /opt/airflow/dags/supermarket_etl_pipeline.py
[2026-08-26T09:11:13.800+0000] {processor.py:840} INFO - DAG(s) 'supermarket_etl_pipeline' retrieved from /opt/airflow/dags/supermarket_etl_pipeline.py
[2026-08-26T09:11:13.821+0000] {logging_mixin.py:188} INFO - [2026-08-26T09:11:13.821+0000] {dag.py:3036} INFO - Sync 1 DAGs
[2026-08-26T09:11:13.831+0000] {logging_mixin.py:188} INFO - [2026-08-26T09:11:13.831+0000] {dag.py:3823} INFO - Setting next_dagrun for supermarket_etl_pipeline to None, run_after=None
[2026-08-26T09:11:13.850+0000] {processor.py:183} INFO - Processing /opt/airflow/dags/supermarket_etl_pipeline.py took 0.277 seconds
[2026-08-26T09:11:44.171+0000] {processor.py:161} INFO - Started process (PID=413) to work on /opt/airflow/dags/supermarket_etl_pipeline.py
[2026-08-26T09:11:44.172+0000] {processor.py:830} INFO - Processing file /opt/airflow/dags/supermarket_etl_pipeline.py for tasks to queue
[2026-08-26T09:11:44.174+0000] {logging_mixin.py:188} INFO - [2026-08-26T09:11:44.174+0000] {dagbag.py:538} INFO - Filling up the DagBag from /opt/airflow/dags/supermarket_etl_pipeline.py
[2026-08-26T09:11:44.405+0000] {processor.py:840} INFO - DAG(s) 'supermarket_etl_pipeline' retrieved from /opt/airflow/dags/supermarket_etl_pipeline.py
[2026-08-26T09:11:44.426+0000] {logging_mixin.py:188} INFO - [2026-08-26T09:11:44.426+0000] {dag.py:3036} INFO - Sync 1 DAGs
[2026-08-26T09:11:44.436+0000] {logging_mixin.py:188} INFO - [2026-08-26T09:11:44.436+0000] {dag.py:3823} INFO - Setting next_dagrun for supermarket_etl_pipeline to None, run_after=None
[2026-08-26T09:11:44.566+0000] {processor.py:183} INFO - Processing /opt/airflow/dags/supermarket_etl_pipeline.py took 0.400 seconds
[2026-08-26T09:12:14.905+0000] {processor.py:161} INFO - Started process (PID=419) to work on /opt/airflow/dags/supermarket_etl_pipeline.py
[2026-08-26T09:12:14.907+0000] {processor.py:830} INFO - Processing file /opt/airflow/dags/supermarket_etl_pipeline.py for tasks to queue
[2026-08-26T09:12:14.910+0000] {logging_mixin.py:188} INFO - [2026-08-26T09:12:14.909+0000] {dagbag.py:538} INFO - Filling up the DagBag from /opt/airflow/dags/supermarket_etl_pipeline.py
[2026-08-26T09:12:15.252+0000] {processor.py:840} INFO - DAG(s) 'supermarket_etl_pipeline' retrieved from /opt/airflow/dags/supermarket_etl_pipeline.py
[2026-08-26T09:12:15.296+0000] {logging_mixin.py:188} INFO - [2026-08-26T09:12:15.295+0000] {dag.py:3036} INFO - Sync 1 DAGs
[2026-08-26T09:12:15.316+0000] {logging_mixin.py:188} INFO - [2026-08-26T09:12:15.316+0000] {dag.py:3823} INFO - Setting next_dagrun for supermarket_etl_pipeline to None, run_after=None
[2026-08-26T09:12:15.344+0000] {processor.py:183} INFO - Processing /opt/airflow/dags/supermarket_etl_pipeline.py took 0.442 seconds
[2026-08-26T09:12:45.661+0000] {processor.py:161} INFO - Started process (PID=425) to work on /opt/airflow/dags/supermarket_etl_pipeline.py
[2026-08-26T09:12:45.664+0000] {processor.py:830} INFO - Processing file /opt/airflow/dags/supermarket_etl_pipeline.py for tasks to queue
[2026-08-26T09:12:45.666+0000] {logging_mixin.py:188} INFO - [2026-08-26T09:12:45.666+0000] {dagbag.py:538} INFO - Filling up the DagBag from /opt/airflow/dags/supermarket_etl_pipeline.py
[2026-08-26T09:12:45.915+0000] {processor.py:840} INFO - DAG(s) 'supermarket_etl_pipeline' retrieved from /opt/airflow/dags/supermarket_etl_pipeline.py
[2026-08-26T09:12:45.939+0000] {logging_mixin.py:188} INFO - [2026-08-26T09:12:45.938+0000] {dag.py:3036} INFO - Sync 1 DAGs
[2026-08-26T09:12:45.948+0000] {logging_mixin.py:188} INFO - [2026-08-26T09:12:45.948+0000] {dag.py:3823} INFO - Setting next_dagrun for supermarket_etl_pipeline to None, run_after=None
[2026-08-26T09:12:45.971+0000] {processor.py:183} INFO - Processing /opt/airflow/dags/supermarket_etl_pipeline.py took 0.314 seconds
[2026-08-26T09:13:16.277+0000] {processor.py:161} INFO - Started process (PID=431) to work on /opt/airflow/dags/supermarket_etl_pipeline.py
[2026-08-26T09:13:16.278+0000] {processor.py:830} INFO - Processing file /opt/airflow/dags/supermarket_etl_pipeline.py for tasks to queue
[2026-08-26T09:13:16.280+0000] {logging_mixin.py:188} INFO - [2026-08-26T09:13:16.280+0000] {dagbag.py:538} INFO - Filling up the DagBag from /opt/airflow/dags/supermarket_etl_pipeline.py
[2026-08-26T09:13:16.509+0000] {processor.py:840} INFO - DAG(s) 'supermarket_etl_pipeline' retrieved from /opt/airflow/dags/supermarket_etl_pipeline.py
[2026-08-26T09:13:16.531+0000] {logging_mixin.py:188} INFO - [2026-08-26T09:13:16.531+0000] {dag.py:3036} INFO - Sync 1 DAGs
[2026-08-26T09:13:16.542+0000] {logging_mixin.py:188} INFO - [2026-08-26T09:13:16.542+0000] {dag.py:3823} INFO - Setting next_dagrun for supermarket_etl_pipeline to None, run_after=None
[2026-08-26T09:13:16.564+0000] {processor.py:183} INFO - Processing /opt/airflow/dags/supermarket_etl_pipeline.py took 0.290 seconds
[2026-08-26T09:13:46.872+0000] {processor.py:161} INFO - Started process (PID=437) to work on /opt/airflow/dags/supermarket_etl_pipeline.py
[2026-08-26T09:13:46.874+0000] {processor.py:830} INFO - Processing file /opt/airflow/dags/supermarket_etl_pipeline.py for tasks to queue
[2026-08-26T09:13:46.875+0000] {logging_mixin.py:188} INFO - [2026-08-26T09:13:46.875+0000] {dagbag.py:538} INFO - Filling up the DagBag from /opt/airflow/dags/supermarket_etl_pipeline.py
[2026-08-26T09:13:47.111+0000] {processor.py:840} INFO - DAG(s) 'supermarket_etl_pipeline' retrieved from /opt/airflow/dags/supermarket_etl_pipeline.py
[2026-08-26T09:13:47.138+0000] {logging_mixin.py:188} INFO - [2026-08-26T09:13:47.138+0000] {dag.py:3036} INFO - Sync 1 DAGs
[2026-08-26T09:13:47.149+0000] {logging_mixin.py:188} INFO - [2026-08-26T09:13:47.149+0000] {dag.py:3823} INFO - Setting next_dagrun for supermarket_etl_pipeline to None, run_after=None
[2026-08-26T09:13:47.287+0000] {processor.py:183} INFO - Processing /opt/airflow/dags/supermarket_etl_pipeline.py took 0.421 seconds
[2026-08-26T09:14:17.652+0000] {processor.py:161} INFO - Started process (PID=443) to work on /opt/airflow/dags/supermarket_etl_pipeline.py
[2026-08-26T09:14:17.654+0000] {processor.py:830} INFO - Processing file /opt/airflow/dags/supermarket_etl_pipeline.py for tasks to queue
[2026-08-26T09:14:17.657+0000] {logging_mixin.py:188} INFO - [2026-08-26T09:14:17.656+0000] {dagbag.py:538} INFO - Filling up the DagBag from /opt/airflow/dags/supermarket_etl_pipeline.py
[2026-08-26T09:14:17.867+0000] {processor.py:840} INFO - DAG(s) 'supermarket_etl_pipeline' retrieved from /opt/airflow/dags/supermarket_etl_pipeline.py
[2026-08-26T09:14:17.889+0000] {logging_mixin.py:188} INFO - [2026-08-26T09:14:17.889+0000] {dag.py:3036} INFO - Sync 1 DAGs
[2026-08-26T09:14:17.899+0000] {logging_mixin.py:188} INFO - [2026-08-26T09:14:17.899+0000] {dag.py:3823} INFO - Setting next_dagrun for supermarket_etl_pipeline to None, run_after=None
[2026-08-26T09:14:17.916+0000] {processor.py:183} INFO - Processing /opt/airflow/dags/supermarket_etl_pipeline.py took 0.268 seconds
[2026-08-26T09:14:48.269+0000] {processor.py:161} INFO - Started process (PID=449) to work on /opt/airflow/dags/supermarket_etl_pipeline.py
[2026-08-26T09:14:48.271+0000] {processor.py:830} INFO - Processing file /opt/airflow/dags/supermarket_etl_pipeline.py for tasks to queue
[2026-08-26T09:14:48.274+0000] {logging_mixin.py:188} INFO - [2026-08-26T09:14:48.273+0000] {dagbag.py:538} INFO - Filling up the DagBag from /opt/airflow/dags/supermarket_etl_pipeline.py
[2026-08-26T09:14:48.525+0000] {processor.py:840} INFO - DAG(s) 'supermarket_etl_pipeline' retrieved from /opt/airflow/dags/supermarket_etl_pipeline.py
[2026-08-26T09:14:48.548+0000] {logging_mixin.py:188} INFO - [2026-08-26T09:14:48.548+0000] {dag.py:3036} INFO - Sync 1 DAGs
[2026-08-26T09:14:48.558+0000] {logging_mixin.py:188} INFO - [2026-08-26T09:14:48.558+0000] {dag.py:3823} INFO - Setting next_dagrun for supermarket_etl_pipeline to None, run_after=None
[2026-08-26T09:14:48.575+0000] {processor.py:183} INFO - Processing /opt/airflow/dags/supermarket_etl_pipeline.py took 0.310 seconds
[2026-08-26T09:15:18.939+0000] {processor.py:161} INFO - Started process (PID=455) to work on /opt/airflow/dags/supermarket_etl_pipeline.py
[2026-08-26T09:15:18.940+0000] {processor.py:830} INFO - Processing file /opt/airflow/dags/supermarket_etl_pipeline.py for tasks to queue
[2026-08-26T09:15:18.942+0000] {logging_mixin.py:188} INFO - [2026-08-26T09:15:18.942+0000] {dagbag.py:538} INFO - Filling up the DagBag from /opt/airflow/dags/supermarket_etl_pipeline.py
[2026-08-26T09:15:19.210+0000] {processor.py:840} INFO - DAG(s) 'supermarket_etl_pipeline' retrieved from /opt/airflow/dags/supermarket_etl_pipeline.py
[2026-08-26T09:15:19.232+0000] {logging_mixin.py:188} INFO - [2026-08-26T09:15:19.232+0000] {dag.py:3036} INFO - Sync 1 DAGs
[2026-08-26T09:15:19.241+0000] {logging_mixin.py:188} INFO - [2026-08-26T09:15:19.241+0000] {dag.py:3823} INFO - Setting next_dagrun for supermarket_etl_pipeline to None, run_after=None
[2026-08-26T09:15:19.274+0000] {processor.py:183} INFO - Processing /opt/airflow/dags/supermarket_etl_pipeline.py took 0.341 seconds
[2026-08-26T09:15:49.555+0000] {processor.py:161} INFO - Started process (PID=461) to work on /opt/airflow/dags/supermarket_etl_pipeline.py
[2026-08-26T09:15:49.558+0000] {processor.py:830} INFO - Processing file /opt/airflow/dags/supermarket_etl_pipeline.py for tasks to queue
[2026-08-26T09:15:49.561+0000] {logging_mixin.py:188} INFO - [2026-08-26T09:15:49.561+0000] {dagbag.py:538} INFO - Filling up the DagBag from /opt/airflow/dags/supermarket_etl_pipeline.py
[2026-08-26T09:15:49.784+0000] {processor.py:840} INFO - DAG(s) 'supermarket_etl_pipeline' retrieved from /opt/airflow/dags/supermarket_etl_pipeline.py
[2026-08-26T09:15:49.810+0000] {logging_mixin.py:188} INFO - [2026-08-26T09:15:49.809+0000] {dag.py:3036} INFO - Sync 1 DAGs
[2026-08-26T09:15:49.819+0000] {logging_mixin.py:188} INFO - [2026-08-26T09:15:49.819+0000] {dag.py:3823} INFO - Setting next_dagrun for supermarket_etl_pipeline to None, run_after=None
[2026-08-26T09:15:49.938+0000] {processor.py:183} INFO - Processing /opt/airflow/dags/supermarket_etl_pipeline.py took 0.387 seconds
[2026-08-26T09:16:20.214+0000] {processor.py:161} INFO - Started process (PID=467) to work on /opt/airflow/dags/supermarket_etl_pipeline.py
[2026-08-26T09:16:20.216+0000] {processor.py:830} INFO - Processing file /opt/airflow/dags/supermarket_etl_pipeline.py for tasks to queue
[2026-08-26T09:16:20.217+0000] {logging_mixin.py:188} INFO - [2026-08-26T09:16:20.217+0000] {dagbag.py:538} INFO - Filling up the DagBag from /opt/airflow/dags/supermarket_etl_pipeline.py
[2026-08-26T09:16:20.439+0000] {processor.py:840} INFO - DAG(s) 'supermarket_etl_pipeline' retrieved from /opt/airflow/dags/supermarket_etl_pipeline.py
[2026-08-26T09:16:20.462+0000] {logging_mixin.py:188} INFO - [2026-08-26T09:16:20.462+0000] {dag.py:3036} INFO - Sync 1 DAGs
[2026-08-26T09:16:20.474+0000] {logging_mixin.py:188} INFO - [2026-08-26T09:16:20.474+0000] {dag.py:3823} INFO - Setting next_dagrun for supermarket_etl_pipeline to None, run_after=None
[2026-08-26T09:16:20.497+0000] {processor.py:183} INFO - Processing /opt/airflow/dags/supermarket_etl_pipeline.py took 0.286 seconds
[2026-08-26T09:16:50.771+0000] {processor.py:161} INFO - Started process (PID=473) to work on /opt/airflow/dags/supermarket_etl_pipeline.py
[2026-08-26T09:16:50.773+0000] {processor.py:830} INFO - Processing file /opt/airflow/dags/supermarket_etl_pipeline.py for tasks to queue
[2026-08-26T09:16:50.775+0000] {logging_mixin.py:188} INFO - [2026-08-26T09:16:50.775+0000] {dagbag.py:538} INFO - Filling up the DagBag from /opt/airflow/dags/supermarket_etl_pipeline.py
[2026-08-26T09:16:50.995+0000] {processor.py:840} INFO - DAG(s) 'supermarket_etl_pipeline' retrieved from /opt/airflow/dags/supermarket_etl_pipeline.py
[2026-08-26T09:16:51.022+0000] {logging_mixin.py:188} INFO - [2026-08-26T09:16:51.021+0000] {dag.py:3036} INFO - Sync 1 DAGs
[2026-08-26T09:16:51.032+0000] {logging_mixin.py:188} INFO - [2026-08-26T09:16:51.031+0000] {dag.py:3823} INFO - Setting next_dagrun for supermarket_etl_pipeline to None, run_after=None
[2026-08-26T09:16:51.052+0000] {processor.py:183} INFO - Processing /opt/airflow/dags/supermarket_etl_pipeline.py took 0.283 seconds
[2026-08-26T09:17:21.341+0000] {processor.py:161} INFO - Started process (PID=479) to work on /opt/airflow/dags/supermarket_etl_pipeline.py
[2026-08-26T09:17:21.343+0000] {processor.py:830} INFO - Processing file /opt/airflow/dags/supermarket_etl_pipeline.py for tasks to queue
[2026-08-26T09:17:21.345+0000] {logging_mixin.py:188} INFO - [2026-08-26T09:17:21.344+0000] {dagbag.py:538} INFO - Filling up the DagBag from /opt/airflow/dags/supermarket_etl_pipeline.py
[2026-08-26T09:17:21.569+0000] {processor.py:840} INFO - DAG(s) 'supermarket_etl_pipeline' retrieved from /opt/airflow/dags/supermarket_etl_pipeline.py
[2026-08-26T09:17:21.592+0000] {logging_mixin.py:188} INFO - [2026-08-26T09:17:21.591+0000] {dag.py:3036} INFO - Sync 1 DAGs
[2026-08-26T09:17:21.602+0000] {logging_mixin.py:188} INFO - [2026-08-26T09:17:21.602+0000] {dag.py:3823} INFO - Setting next_dagrun for supermarket_etl_pipeline to None, run_after=None
[2026-08-26T09:17:21.624+0000] {processor.py:183} INFO - Processing /opt/airflow/dags/supermarket_etl_pipeline.py took 0.286 seconds
[2026-08-26T09:18:32.838+0000] {processor.py:161} INFO - Started process (PID=485) to work on /opt/airflow/dags/supermarket_etl_pipeline.py
[2026-08-26T09:18:32.842+0000] {processor.py:830} INFO - Processing file /opt/airflow/dags/supermarket_etl_pipeline.py for tasks to queue
[2026-08-26T09:18:32.844+0000] {logging_mixin.py:188} INFO - [2026-08-26T09:18:32.844+0000] {dagbag.py:538} INFO - Filling up the DagBag from /opt/airflow/dags/supermarket_etl_pipeline.py
[2026-08-26T09:18:33.291+0000] {processor.py:840} INFO - DAG(s) 'supermarket_etl_pipeline' retrieved from /opt/airflow/dags/supermarket_etl_pipeline.py
[2026-08-26T09:18:33.331+0000] {logging_mixin.py:188} INFO - [2026-08-26T09:18:33.331+0000] {dag.py:3036} INFO - Sync 1 DAGs
[2026-08-26T09:18:33.345+0000] {logging_mixin.py:188} INFO - [2026-08-26T09:18:33.345+0000] {dag.py:3823} INFO - Setting next_dagrun for supermarket_etl_pipeline to None, run_after=None
[2026-08-26T09:18:33.371+0000] {processor.py:183} INFO - Processing /opt/airflow/dags/supermarket_etl_pipeline.py took 0.538 seconds
[2026-08-26T09:19:03.781+0000] {processor.py:161} INFO - Started process (PID=493) to work on /opt/airflow/dags/supermarket_etl_pipeline.py
[2026-08-26T09:19:03.783+0000] {processor.py:830} INFO - Processing file /opt/airflow/dags/supermarket_etl_pipeline.py for tasks to queue
[2026-08-26T09:19:03.785+0000] {logging_mixin.py:188} INFO - [2026-08-26T09:19:03.785+0000] {dagbag.py:538} INFO - Filling up the DagBag from /opt/airflow/dags/supermarket_etl_pipeline.py
[2026-08-26T09:19:04.080+0000] {processor.py:840} INFO - DAG(s) 'supermarket_etl_pipeline' retrieved from /opt/airflow/dags/supermarket_etl_pipeline.py
[2026-08-26T09:19:04.110+0000] {logging_mixin.py:188} INFO - [2026-08-26T09:19:04.109+0000] {dag.py:3036} INFO - Sync 1 DAGs
[2026-08-26T09:19:04.275+0000] {logging_mixin.py:188} INFO - [2026-08-26T09:19:04.274+0000] {dag.py:3823} INFO - Setting next_dagrun for supermarket_etl_pipeline to None, run_after=None
[2026-08-26T09:19:04.319+0000] {processor.py:183} INFO - Processing /opt/airflow/dags/supermarket_etl_pipeline.py took 0.541 seconds
[2026-08-26T09:19:34.728+0000] {processor.py:161} INFO - Started process (PID=499) to work on /opt/airflow/dags/supermarket_etl_pipeline.py
[2026-08-26T09:19:34.732+0000] {processor.py:830} INFO - Processing file /opt/airflow/dags/supermarket_etl_pipeline.py for tasks to queue
[2026-08-26T09:19:34.735+0000] {logging_mixin.py:188} INFO - [2026-08-26T09:19:34.734+0000] {dagbag.py:538} INFO - Filling up the DagBag from /opt/airflow/dags/supermarket_etl_pipeline.py
[2026-08-26T09:19:35.220+0000] {processor.py:840} INFO - DAG(s) 'supermarket_etl_pipeline' retrieved from /opt/airflow/dags/supermarket_etl_pipeline.py
[2026-08-26T09:19:35.252+0000] {logging_mixin.py:188} INFO - [2026-08-26T09:19:35.252+0000] {dag.py:3036} INFO - Sync 1 DAGs
[2026-08-26T09:19:35.264+0000] {logging_mixin.py:188} INFO - [2026-08-26T09:19:35.264+0000] {dag.py:3823} INFO - Setting next_dagrun for supermarket_etl_pipeline to None, run_after=None
[2026-08-26T09:19:35.288+0000] {processor.py:183} INFO - Processing /opt/airflow/dags/supermarket_etl_pipeline.py took 0.566 seconds
[2026-08-26T09:20:05.756+0000] {processor.py:161} INFO - Started process (PID=505) to work on /opt/airflow/dags/supermarket_etl_pipeline.py
[2026-08-26T09:20:05.760+0000] {processor.py:830} INFO - Processing file /opt/airflow/dags/supermarket_etl_pipeline.py for tasks to queue
[2026-08-26T09:20:05.765+0000] {logging_mixin.py:188} INFO - [2026-08-26T09:20:05.764+0000] {dagbag.py:538} INFO - Filling up the DagBag from /opt/airflow/dags/supermarket_etl_pipeline.py
[2026-08-26T09:20:06.151+0000] {processor.py:840} INFO - DAG(s) 'supermarket_etl_pipeline' retrieved from /opt/airflow/dags/supermarket_etl_pipeline.py
[2026-08-26T09:20:06.208+0000] {logging_mixin.py:188} INFO - [2026-08-26T09:20:06.206+0000] {dag.py:3036} INFO - Sync 1 DAGs
[2026-08-26T09:20:06.233+0000] {logging_mixin.py:188} INFO - [2026-08-26T09:20:06.232+0000] {dag.py:3823} INFO - Setting next_dagrun for supermarket_etl_pipeline to None, run_after=None
[2026-08-26T09:20:06.294+0000] {processor.py:183} INFO - Processing /opt/airflow/dags/supermarket_etl_pipeline.py took 0.544 seconds
[2026-08-26T09:20:36.451+0000] {processor.py:161} INFO - Started process (PID=511) to work on /opt/airflow/dags/supermarket_etl_pipeline.py
[2026-08-26T09:20:36.454+0000] {processor.py:830} INFO - Processing file /opt/airflow/dags/supermarket_etl_pipeline.py for tasks to queue
[2026-08-26T09:20:36.457+0000] {logging_mixin.py:188} INFO - [2026-08-26T09:20:36.457+0000] {dagbag.py:538} INFO - Filling up the DagBag from /opt/airflow/dags/supermarket_etl_pipeline.py
[2026-08-26T09:20:36.889+0000] {processor.py:840} INFO - DAG(s) 'supermarket_etl_pipeline' retrieved from /opt/airflow/dags/supermarket_etl_pipeline.py
[2026-08-26T09:20:36.947+0000] {logging_mixin.py:188} INFO - [2026-08-26T09:20:36.946+0000] {dag.py:3036} INFO - Sync 1 DAGs
[2026-08-26T09:20:36.978+0000] {logging_mixin.py:188} INFO - [2026-08-26T09:20:36.978+0000] {dag.py:3823} INFO - Setting next_dagrun for supermarket_etl_pipeline to None, run_after=None
[2026-08-26T09:20:37.055+0000] {processor.py:183} INFO - Processing /opt/airflow/dags/supermarket_etl_pipeline.py took 0.609 seconds
[2026-08-26T09:21:07.511+0000] {processor.py:161} INFO - Started process (PID=517) to work on /opt/airflow/dags/supermarket_etl_pipeline.py
[2026-08-26T09:21:07.515+0000] {processor.py:830} INFO - Processing file /opt/airflow/dags/supermarket_etl_pipeline.py for tasks to queue
[2026-08-26T09:21:07.517+0000] {logging_mixin.py:188} INFO - [2026-08-26T09:21:07.516+0000] {dagbag.py:538} INFO - Filling up the DagBag from /opt/airflow/dags/supermarket_etl_pipeline.py
[2026-08-26T09:21:07.831+0000] {processor.py:840} INFO - DAG(s) 'supermarket_etl_pipeline' retrieved from /opt/airflow/dags/supermarket_etl_pipeline.py
[2026-08-26T09:21:07.862+0000] {logging_mixin.py:188} INFO - [2026-08-26T09:21:07.861+0000] {dag.py:3036} INFO - Sync 1 DAGs
[2026-08-26T09:21:08.026+0000] {logging_mixin.py:188} INFO - [2026-08-26T09:21:08.025+0000] {dag.py:3823} INFO - Setting next_dagrun for supermarket_etl_pipeline to None, run_after=None
[2026-08-26T09:21:08.062+0000] {processor.py:183} INFO - Processing /opt/airflow/dags/supermarket_etl_pipeline.py took 0.554 seconds
[2026-08-26T09:21:38.462+0000] {processor.py:161} INFO - Started process (PID=523) to work on /opt/airflow/dags/supermarket_etl_pipeline.py
[2026-08-26T09:21:38.465+0000] {processor.py:830} INFO - Processing file /opt/airflow/dags/supermarket_etl_pipeline.py for tasks to queue
[2026-08-26T09:21:38.468+0000] {logging_mixin.py:188} INFO - [2026-08-26T09:21:38.468+0000] {dagbag.py:538} INFO - Filling up the DagBag from /opt/airflow/dags/supermarket_etl_pipeline.py
[2026-08-26T09:21:39.038+0000] {processor.py:840} INFO - DAG(s) 'supermarket_etl_pipeline' retrieved from /opt/airflow/dags/supermarket_etl_pipeline.py
[2026-08-26T09:21:39.152+0000] {logging_mixin.py:188} INFO - [2026-08-26T09:21:39.152+0000] {dag.py:3036} INFO - Sync 1 DAGs
[2026-08-26T09:21:39.176+0000] {logging_mixin.py:188} INFO - [2026-08-26T09:21:39.176+0000] {dag.py:3823} INFO - Setting next_dagrun for supermarket_etl_pipeline to None, run_after=None
[2026-08-26T09:21:39.215+0000] {processor.py:183} INFO - Processing /opt/airflow/dags/supermarket_etl_pipeline.py took 0.757 seconds
[2026-08-26T09:22:09.737+0000] {processor.py:161} INFO - Started process (PID=529) to work on /opt/airflow/dags/supermarket_etl_pipeline.py
[2026-08-26T09:22:09.740+0000] {processor.py:830} INFO - Processing file /opt/airflow/dags/supermarket_etl_pipeline.py for tasks to queue
[2026-08-26T09:22:09.747+0000] {logging_mixin.py:188} INFO - [2026-08-26T09:22:09.746+0000] {dagbag.py:538} INFO - Filling up the DagBag from /opt/airflow/dags/supermarket_etl_pipeline.py
[2026-08-26T09:22:10.142+0000] {processor.py:840} INFO - DAG(s) 'supermarket_etl_pipeline' retrieved from /opt/airflow/dags/supermarket_etl_pipeline.py
[2026-08-26T09:22:10.171+0000] {logging_mixin.py:188} INFO - [2026-08-26T09:22:10.171+0000] {dag.py:3036} INFO - Sync 1 DAGs
[2026-08-26T09:22:10.183+0000] {logging_mixin.py:188} INFO - [2026-08-26T09:22:10.183+0000] {dag.py:3823} INFO - Setting next_dagrun for supermarket_etl_pipeline to None, run_after=None
[2026-08-26T09:22:10.206+0000] {processor.py:183} INFO - Processing /opt/airflow/dags/supermarket_etl_pipeline.py took 0.483 seconds
[2026-08-26T09:22:40.652+0000] {processor.py:161} INFO - Started process (PID=535) to work on /opt/airflow/dags/supermarket_etl_pipeline.py
[2026-08-26T09:22:40.656+0000] {processor.py:830} INFO - Processing file /opt/airflow/dags/supermarket_etl_pipeline.py for tasks to queue
[2026-08-26T09:22:40.659+0000] {logging_mixin.py:188} INFO - [2026-08-26T09:22:40.658+0000] {dagbag.py:538} INFO - Filling up the DagBag from /opt/airflow/dags/supermarket_etl_pipeline.py
[2026-08-26T09:22:41.091+0000] {processor.py:840} INFO - DAG(s) 'supermarket_etl_pipeline' retrieved from /opt/airflow/dags/supermarket_etl_pipeline.py
[2026-08-26T09:22:41.153+0000] {logging_mixin.py:188} INFO - [2026-08-26T09:22:41.153+0000] {dag.py:3036} INFO - Sync 1 DAGs
[2026-08-26T09:22:41.170+0000] {logging_mixin.py:188} INFO - [2026-08-26T09:22:41.170+0000] {dag.py:3823} INFO - Setting next_dagrun for supermarket_etl_pipeline to None, run_after=None
[2026-08-26T09:22:41.200+0000] {processor.py:183} INFO - Processing /opt/airflow/dags/supermarket_etl_pipeline.py took 0.556 seconds
[2026-08-26T09:23:11.631+0000] {processor.py:161} INFO - Started process (PID=541) to work on /opt/airflow/dags/supermarket_etl_pipeline.py
[2026-08-26T09:23:11.635+0000] {processor.py:830} INFO - Processing file /opt/airflow/dags/supermarket_etl_pipeline.py for tasks to queue
[2026-08-26T09:23:11.638+0000] {logging_mixin.py:188} INFO - [2026-08-26T09:23:11.638+0000] {dagbag.py:538} INFO - Filling up the DagBag from /opt/airflow/dags/supermarket_etl_pipeline.py
[2026-08-26T09:23:12.032+0000] {processor.py:840} INFO - DAG(s) 'supermarket_etl_pipeline' retrieved from /opt/airflow/dags/supermarket_etl_pipeline.py
[2026-08-26T09:23:12.073+0000] {logging_mixin.py:188} INFO - [2026-08-26T09:23:12.073+0000] {dag.py:3036} INFO - Sync 1 DAGs
[2026-08-26T09:23:12.267+0000] {logging_mixin.py:188} INFO - [2026-08-26T09:23:12.267+0000] {dag.py:3823} INFO - Setting next_dagrun for supermarket_etl_pipeline to None, run_after=None
[2026-08-26T09:23:12.313+0000] {processor.py:183} INFO - Processing /opt/airflow/dags/supermarket_etl_pipeline.py took 0.689 seconds
[2026-08-26T09:23:42.794+0000] {processor.py:161} INFO - Started process (PID=547) to work on /opt/airflow/dags/supermarket_etl_pipeline.py
[2026-08-26T09:23:42.797+0000] {processor.py:830} INFO - Processing file /opt/airflow/dags/supermarket_etl_pipeline.py for tasks to queue
[2026-08-26T09:23:42.801+0000] {logging_mixin.py:188} INFO - [2026-08-26T09:23:42.801+0000] {dagbag.py:538} INFO - Filling up the DagBag from /opt/airflow/dags/supermarket_etl_pipeline.py
[2026-08-26T09:23:43.197+0000] {processor.py:840} INFO - DAG(s) 'supermarket_etl_pipeline' retrieved from /opt/airflow/dags/supermarket_etl_pipeline.py
[2026-08-26T09:23:43.387+0000] {logging_mixin.py:188} INFO - [2026-08-26T09:23:43.386+0000] {dag.py:3036} INFO - Sync 1 DAGs
[2026-08-26T09:23:43.401+0000] {logging_mixin.py:188} INFO - [2026-08-26T09:23:43.401+0000] {dag.py:3823} INFO - Setting next_dagrun for supermarket_etl_pipeline to None, run_after=None
[2026-08-26T09:23:43.430+0000] {processor.py:183} INFO - Processing /opt/airflow/dags/supermarket_etl_pipeline.py took 0.644 seconds
[2026-08-26T09:24:13.604+0000] {processor.py:161} INFO - Started process (PID=553) to work on /opt/airflow/dags/supermarket_etl_pipeline.py
[2026-08-26T09:24:13.609+0000] {processor.py:830} INFO - Processing file /opt/airflow/dags/supermarket_etl_pipeline.py for tasks to queue
[2026-08-26T09:24:13.615+0000] {logging_mixin.py:188} INFO - [2026-08-26T09:24:13.613+0000] {dagbag.py:538} INFO - Filling up the DagBag from /opt/airflow/dags/supermarket_etl_pipeline.py
[2026-08-26T09:24:14.030+0000] {processor.py:840} INFO - DAG(s) 'supermarket_etl_pipeline' retrieved from /opt/airflow/dags/supermarket_etl_pipeline.py
[2026-08-26T09:24:14.072+0000] {logging_mixin.py:188} INFO - [2026-08-26T09:24:14.072+0000] {dag.py:3036} INFO - Sync 1 DAGs
[2026-08-26T09:24:14.089+0000] {logging_mixin.py:188} INFO - [2026-08-26T09:24:14.089+0000] {dag.py:3823} INFO - Setting next_dagrun for supermarket_etl_pipeline to None, run_after=None
[2026-08-26T09:24:14.121+0000] {processor.py:183} INFO - Processing /opt/airflow/dags/supermarket_etl_pipeline.py took 0.525 seconds
[2026-08-26T09:24:44.246+0000] {processor.py:161} INFO - Started process (PID=559) to work on /opt/airflow/dags/supermarket_etl_pipeline.py
[2026-08-26T09:24:44.250+0000] {processor.py:830} INFO - Processing file /opt/airflow/dags/supermarket_etl_pipeline.py for tasks to queue
[2026-08-26T09:24:44.254+0000] {logging_mixin.py:188} INFO - [2026-08-26T09:24:44.253+0000] {dagbag.py:538} INFO - Filling up the DagBag from /opt/airflow/dags/supermarket_etl_pipeline.py
[2026-08-26T09:24:44.676+0000] {processor.py:840} INFO - DAG(s) 'supermarket_etl_pipeline' retrieved from /opt/airflow/dags/supermarket_etl_pipeline.py
[2026-08-26T09:24:44.737+0000] {logging_mixin.py:188} INFO - [2026-08-26T09:24:44.736+0000] {dag.py:3036} INFO - Sync 1 DAGs
[2026-08-26T09:24:44.752+0000] {logging_mixin.py:188} INFO - [2026-08-26T09:24:44.752+0000] {dag.py:3823} INFO - Setting next_dagrun for supermarket_etl_pipeline to None, run_after=None
[2026-08-26T09:24:44.787+0000] {processor.py:183} INFO - Processing /opt/airflow/dags/supermarket_etl_pipeline.py took 0.550 seconds
[2026-08-26T09:25:14.928+0000] {processor.py:161} INFO - Started process (PID=565) to work on /opt/airflow/dags/supermarket_etl_pipeline.py
[2026-08-26T09:25:14.931+0000] {processor.py:830} INFO - Processing file /opt/airflow/dags/supermarket_etl_pipeline.py for tasks to queue
[2026-08-26T09:25:14.933+0000] {logging_mixin.py:188} INFO - [2026-08-26T09:25:14.933+0000] {dagbag.py:538} INFO - Filling up the DagBag from /opt/airflow/dags/supermarket_etl_pipeline.py
[2026-08-26T09:25:15.461+0000] {processor.py:840} INFO - DAG(s) 'supermarket_etl_pipeline' retrieved from /opt/airflow/dags/supermarket_etl_pipeline.py
[2026-08-26T09:25:15.502+0000] {logging_mixin.py:188} INFO - [2026-08-26T09:25:15.501+0000] {dag.py:3036} INFO - Sync 1 DAGs
[2026-08-26T09:25:15.654+0000] {logging_mixin.py:188} INFO - [2026-08-26T09:25:15.654+0000] {dag.py:3823} INFO - Setting next_dagrun for supermarket_etl_pipeline to None, run_after=None
[2026-08-26T09:25:15.682+0000] {processor.py:183} INFO - Processing /opt/airflow/dags/supermarket_etl_pipeline.py took 0.757 seconds
[2026-08-26T09:25:46.188+0000] {processor.py:161} INFO - Started process (PID=571) to work on /opt/airflow/dags/supermarket_etl_pipeline.py
[2026-08-26T09:25:46.192+0000] {processor.py:830} INFO - Processing file /opt/airflow/dags/supermarket_etl_pipeline.py for tasks to queue
[2026-08-26T09:25:46.195+0000] {logging_mixin.py:188} INFO - [2026-08-26T09:25:46.195+0000] {dagbag.py:538} INFO - Filling up the DagBag from /opt/airflow/dags/supermarket_etl_pipeline.py
[2026-08-26T09:25:46.557+0000] {processor.py:840} INFO - DAG(s) 'supermarket_etl_pipeline' retrieved from /opt/airflow/dags/supermarket_etl_pipeline.py
[2026-08-26T09:25:46.883+0000] {logging_mixin.py:188} INFO - [2026-08-26T09:25:46.883+0000] {dag.py:3036} INFO - Sync 1 DAGs
[2026-08-26T09:25:46.916+0000] {logging_mixin.py:188} INFO - [2026-08-26T09:25:46.916+0000] {dag.py:3823} INFO - Setting next_dagrun for supermarket_etl_pipeline to None, run_after=None
[2026-08-26T09:25:46.971+0000] {processor.py:183} INFO - Processing /opt/airflow/dags/supermarket_etl_pipeline.py took 0.789 seconds
[2026-08-26T09:26:17.448+0000] {processor.py:161} INFO - Started process (PID=577) to work on /opt/airflow/dags/supermarket_etl_pipeline.py
[2026-08-26T09:26:17.451+0000] {processor.py:830} INFO - Processing file /opt/airflow/dags/supermarket_etl_pipeline.py for tasks to queue
[2026-08-26T09:26:17.455+0000] {logging_mixin.py:188} INFO - [2026-08-26T09:26:17.454+0000] {dagbag.py:538} INFO - Filling up the DagBag from /opt/airflow/dags/supermarket_etl_pipeline.py
[2026-08-26T09:26:17.890+0000] {processor.py:840} INFO - DAG(s) 'supermarket_etl_pipeline' retrieved from /opt/airflow/dags/supermarket_etl_pipeline.py
[2026-08-26T09:26:17.939+0000] {logging_mixin.py:188} INFO - [2026-08-26T09:26:17.938+0000] {dag.py:3036} INFO - Sync 1 DAGs
[2026-08-26T09:26:17.956+0000] {logging_mixin.py:188} INFO - [2026-08-26T09:26:17.956+0000] {dag.py:3823} INFO - Setting next_dagrun for supermarket_etl_pipeline to None, run_after=None
[2026-08-26T09:26:17.986+0000] {processor.py:183} INFO - Processing /opt/airflow/dags/supermarket_etl_pipeline.py took 0.542 seconds
[2026-08-26T09:26:48.346+0000] {processor.py:161} INFO - Started process (PID=583) to work on /opt/airflow/dags/supermarket_etl_pipeline.py
[2026-08-26T09:26:48.349+0000] {processor.py:830} INFO - Processing file /opt/airflow/dags/supermarket_etl_pipeline.py for tasks to queue
[2026-08-26T09:26:48.352+0000] {logging_mixin.py:188} INFO - [2026-08-26T09:26:48.351+0000] {dagbag.py:538} INFO - Filling up the DagBag from /opt/airflow/dags/supermarket_etl_pipeline.py
[2026-08-26T09:26:48.721+0000] {processor.py:840} INFO - DAG(s) 'supermarket_etl_pipeline' retrieved from /opt/airflow/dags/supermarket_etl_pipeline.py
[2026-08-26T09:26:48.755+0000] {logging_mixin.py:188} INFO - [2026-08-26T09:26:48.755+0000] {dag.py:3036} INFO - Sync 1 DAGs
[2026-08-26T09:26:48.769+0000] {logging_mixin.py:188} INFO - [2026-08-26T09:26:48.769+0000] {dag.py:3823} INFO - Setting next_dagrun for supermarket_etl_pipeline to None, run_after=None
[2026-08-26T09:26:48.801+0000] {processor.py:183} INFO - Processing /opt/airflow/dags/supermarket_etl_pipeline.py took 0.460 seconds
[2026-08-26T09:27:19.244+0000] {processor.py:161} INFO - Started process (PID=589) to work on /opt/airflow/dags/supermarket_etl_pipeline.py
[2026-08-26T09:27:19.248+0000] {processor.py:830} INFO - Processing file /opt/airflow/dags/supermarket_etl_pipeline.py for tasks to queue
[2026-08-26T09:27:19.252+0000] {logging_mixin.py:188} INFO - [2026-08-26T09:27:19.251+0000] {dagbag.py:538} INFO - Filling up the DagBag from /opt/airflow/dags/supermarket_etl_pipeline.py
[2026-08-26T09:27:19.658+0000] {processor.py:840} INFO - DAG(s) 'supermarket_etl_pipeline' retrieved from /opt/airflow/dags/supermarket_etl_pipeline.py
[2026-08-26T09:27:19.704+0000] {logging_mixin.py:188} INFO - [2026-08-26T09:27:19.703+0000] {dag.py:3036} INFO - Sync 1 DAGs
[2026-08-26T09:27:19.940+0000] {logging_mixin.py:188} INFO - [2026-08-26T09:27:19.940+0000] {dag.py:3823} INFO - Setting next_dagrun for supermarket_etl_pipeline to None, run_after=None
[2026-08-26T09:27:19.981+0000] {processor.py:183} INFO - Processing /opt/airflow/dags/supermarket_etl_pipeline.py took 0.745 seconds
[2026-08-26T09:27:50.143+0000] {processor.py:161} INFO - Started process (PID=595) to work on /opt/airflow/dags/supermarket_etl_pipeline.py
[2026-08-26T09:27:50.146+0000] {processor.py:830} INFO - Processing file /opt/airflow/dags/supermarket_etl_pipeline.py for tasks to queue
[2026-08-26T09:27:50.149+0000] {logging_mixin.py:188} INFO - [2026-08-26T09:27:50.148+0000] {dagbag.py:538} INFO - Filling up the DagBag from /opt/airflow/dags/supermarket_etl_pipeline.py
[2026-08-26T09:27:50.508+0000] {processor.py:840} INFO - DAG(s) 'supermarket_etl_pipeline' retrieved from /opt/airflow/dags/supermarket_etl_pipeline.py
[2026-08-26T09:27:50.687+0000] {logging_mixin.py:188} INFO - [2026-08-26T09:27:50.686+0000] {dag.py:3036} INFO - Sync 1 DAGs
[2026-08-26T09:27:50.710+0000] {logging_mixin.py:188} INFO - [2026-08-26T09:27:50.709+0000] {dag.py:3823} INFO - Setting next_dagrun for supermarket_etl_pipeline to None, run_after=None
[2026-08-26T09:27:50.745+0000] {processor.py:183} INFO - Processing /opt/airflow/dags/supermarket_etl_pipeline.py took 0.607 seconds
[2026-08-26T09:28:21.223+0000] {processor.py:161} INFO - Started process (PID=601) to work on /opt/airflow/dags/supermarket_etl_pipeline.py
[2026-08-26T09:28:21.228+0000] {processor.py:830} INFO - Processing file /opt/airflow/dags/supermarket_etl_pipeline.py for tasks to queue
[2026-08-26T09:28:21.232+0000] {logging_mixin.py:188} INFO - [2026-08-26T09:28:21.231+0000] {dagbag.py:538} INFO - Filling up the DagBag from /opt/airflow/dags/supermarket_etl_pipeline.py
[2026-08-26T09:28:21.909+0000] {processor.py:840} INFO - DAG(s) 'supermarket_etl_pipeline' retrieved from /opt/airflow/dags/supermarket_etl_pipeline.py
[2026-08-26T09:28:21.935+0000] {logging_mixin.py:188} INFO - [2026-08-26T09:28:21.935+0000] {dag.py:3036} INFO - Sync 1 DAGs
[2026-08-26T09:28:21.947+0000] {logging_mixin.py:188} INFO - [2026-08-26T09:28:21.947+0000] {dag.py:3823} INFO - Setting next_dagrun for supermarket_etl_pipeline to None, run_after=None
[2026-08-26T09:28:21.971+0000] {processor.py:183} INFO - Processing /opt/airflow/dags/supermarket_etl_pipeline.py took 0.755 seconds
[2026-08-26T09:28:52.303+0000] {processor.py:161} INFO - Started process (PID=607) to work on /opt/airflow/dags/supermarket_etl_pipeline.py
[2026-08-26T09:28:52.307+0000] {processor.py:830} INFO - Processing file /opt/airflow/dags/supermarket_etl_pipeline.py for tasks to queue
[2026-08-26T09:28:52.312+0000] {logging_mixin.py:188} INFO - [2026-08-26T09:28:52.311+0000] {dagbag.py:538} INFO - Filling up the DagBag from /opt/airflow/dags/supermarket_etl_pipeline.py
[2026-08-26T09:28:52.744+0000] {processor.py:840} INFO - DAG(s) 'supermarket_etl_pipeline' retrieved from /opt/airflow/dags/supermarket_etl_pipeline.py
[2026-08-26T09:28:52.798+0000] {logging_mixin.py:188} INFO - [2026-08-26T09:28:52.798+0000] {dag.py:3036} INFO - Sync 1 DAGs
[2026-08-26T09:28:52.813+0000] {logging_mixin.py:188} INFO - [2026-08-26T09:28:52.813+0000] {dag.py:3823} INFO - Setting next_dagrun for supermarket_etl_pipeline to None, run_after=None
[2026-08-26T09:28:52.842+0000] {processor.py:183} INFO - Processing /opt/airflow/dags/supermarket_etl_pipeline.py took 0.550 seconds
[2026-08-26T09:29:23.357+0000] {processor.py:161} INFO - Started process (PID=613) to work on /opt/airflow/dags/supermarket_etl_pipeline.py
[2026-08-26T09:29:23.358+0000] {processor.py:830} INFO - Processing file /opt/airflow/dags/supermarket_etl_pipeline.py for tasks to queue
[2026-08-26T09:29:23.360+0000] {logging_mixin.py:188} INFO - [2026-08-26T09:29:23.360+0000] {dagbag.py:538} INFO - Filling up the DagBag from /opt/airflow/dags/supermarket_etl_pipeline.py
[2026-08-26T09:29:23.583+0000] {processor.py:840} INFO - DAG(s) 'supermarket_etl_pipeline' retrieved from /opt/airflow/dags/supermarket_etl_pipeline.py
[2026-08-26T09:29:23.604+0000] {logging_mixin.py:188} INFO - [2026-08-26T09:29:23.604+0000] {dag.py:3036} INFO - Sync 1 DAGs
[2026-08-26T09:29:23.731+0000] {logging_mixin.py:188} INFO - [2026-08-26T09:29:23.731+0000] {dag.py:3823} INFO - Setting next_dagrun for supermarket_etl_pipeline to None, run_after=None
[2026-08-26T09:29:23.752+0000] {processor.py:183} INFO - Processing /opt/airflow/dags/supermarket_etl_pipeline.py took 0.399 seconds
[2026-08-26T09:31:10.815+0000] {processor.py:161} INFO - Started process (PID=621) to work on /opt/airflow/dags/supermarket_etl_pipeline.py
[2026-08-26T09:31:10.820+0000] {processor.py:830} INFO - Processing file /opt/airflow/dags/supermarket_etl_pipeline.py for tasks to queue
[2026-08-26T09:31:10.825+0000] {logging_mixin.py:188} INFO - [2026-08-26T09:31:10.824+0000] {dagbag.py:538} INFO - Filling up the DagBag from /opt/airflow/dags/supermarket_etl_pipeline.py
[2026-08-26T09:31:11.290+0000] {processor.py:840} INFO - DAG(s) 'supermarket_etl_pipeline' retrieved from /opt/airflow/dags/supermarket_etl_pipeline.py
[2026-08-26T09:31:11.331+0000] {logging_mixin.py:188} INFO - [2026-08-26T09:31:11.331+0000] {dag.py:3036} INFO - Sync 1 DAGs
[2026-08-26T09:31:11.519+0000] {logging_mixin.py:188} INFO - [2026-08-26T09:31:11.518+0000] {dag.py:3823} INFO - Setting next_dagrun for supermarket_etl_pipeline to None, run_after=None
[2026-08-26T09:31:11.555+0000] {processor.py:183} INFO - Processing /opt/airflow/dags/supermarket_etl_pipeline.py took 0.751 seconds
[2026-08-26T09:31:42.007+0000] {processor.py:161} INFO - Started process (PID=627) to work on /opt/airflow/dags/supermarket_etl_pipeline.py
[2026-08-26T09:31:42.016+0000] {processor.py:830} INFO - Processing file /opt/airflow/dags/supermarket_etl_pipeline.py for tasks to queue
[2026-08-26T09:31:42.021+0000] {logging_mixin.py:188} INFO - [2026-08-26T09:31:42.020+0000] {dagbag.py:538} INFO - Filling up the DagBag from /opt/airflow/dags/supermarket_etl_pipeline.py
[2026-08-26T09:31:42.579+0000] {processor.py:840} INFO - DAG(s) 'supermarket_etl_pipeline' retrieved from /opt/airflow/dags/supermarket_etl_pipeline.py
[2026-08-26T09:31:42.816+0000] {logging_mixin.py:188} INFO - [2026-08-26T09:31:42.815+0000] {dag.py:3036} INFO - Sync 1 DAGs
[2026-08-26T09:31:42.835+0000] {logging_mixin.py:188} INFO - [2026-08-26T09:31:42.834+0000] {dag.py:3823} INFO - Setting next_dagrun for supermarket_etl_pipeline to None, run_after=None
[2026-08-26T09:31:42.913+0000] {processor.py:183} INFO - Processing /opt/airflow/dags/supermarket_etl_pipeline.py took 0.924 seconds
[2026-08-26T09:32:13.345+0000] {processor.py:161} INFO - Started process (PID=633) to work on /opt/airflow/dags/supermarket_etl_pipeline.py
[2026-08-26T09:32:13.347+0000] {processor.py:830} INFO - Processing file /opt/airflow/dags/supermarket_etl_pipeline.py for tasks to queue
[2026-08-26T09:32:13.350+0000] {logging_mixin.py:188} INFO - [2026-08-26T09:32:13.350+0000] {dagbag.py:538} INFO - Filling up the DagBag from /opt/airflow/dags/supermarket_etl_pipeline.py
[2026-08-26T09:32:14.021+0000] {processor.py:840} INFO - DAG(s) 'supermarket_etl_pipeline' retrieved from /opt/airflow/dags/supermarket_etl_pipeline.py
[2026-08-26T09:32:14.085+0000] {logging_mixin.py:188} INFO - [2026-08-26T09:32:14.084+0000] {dag.py:3036} INFO - Sync 1 DAGs
[2026-08-26T09:32:14.128+0000] {logging_mixin.py:188} INFO - [2026-08-26T09:32:14.127+0000] {dag.py:3823} INFO - Setting next_dagrun for supermarket_etl_pipeline to None, run_after=None
[2026-08-26T09:32:14.162+0000] {processor.py:183} INFO - Processing /opt/airflow/dags/supermarket_etl_pipeline.py took 0.822 seconds
[2026-08-26T09:32:44.593+0000] {processor.py:161} INFO - Started process (PID=639) to work on /opt/airflow/dags/supermarket_etl_pipeline.py
[2026-08-26T09:32:44.595+0000] {processor.py:830} INFO - Processing file /opt/airflow/dags/supermarket_etl_pipeline.py for tasks to queue
[2026-08-26T09:32:44.599+0000] {logging_mixin.py:188} INFO - [2026-08-26T09:32:44.598+0000] {dagbag.py:538} INFO - Filling up the DagBag from /opt/airflow/dags/supermarket_etl_pipeline.py
[2026-08-26T09:32:44.923+0000] {processor.py:840} INFO - DAG(s) 'supermarket_etl_pipeline' retrieved from /opt/airflow/dags/supermarket_etl_pipeline.py
[2026-08-26T09:32:44.961+0000] {logging_mixin.py:188} INFO - [2026-08-26T09:32:44.961+0000] {dag.py:3036} INFO - Sync 1 DAGs
[2026-08-26T09:32:44.976+0000] {logging_mixin.py:188} INFO - [2026-08-26T09:32:44.976+0000] {dag.py:3823} INFO - Setting next_dagrun for supermarket_etl_pipeline to None, run_after=None
[2026-08-26T09:32:45.179+0000] {processor.py:183} INFO - Processing /opt/airflow/dags/supermarket_etl_pipeline.py took 0.590 seconds
[2026-08-26T09:33:15.562+0000] {processor.py:161} INFO - Started process (PID=645) to work on /opt/airflow/dags/supermarket_etl_pipeline.py
[2026-08-26T09:33:15.567+0000] {processor.py:830} INFO - Processing file /opt/airflow/dags/supermarket_etl_pipeline.py for tasks to queue
[2026-08-26T09:33:15.571+0000] {logging_mixin.py:188} INFO - [2026-08-26T09:33:15.570+0000] {dagbag.py:538} INFO - Filling up the DagBag from /opt/airflow/dags/supermarket_etl_pipeline.py
[2026-08-26T09:33:15.912+0000] {processor.py:840} INFO - DAG(s) 'supermarket_etl_pipeline' retrieved from /opt/airflow/dags/supermarket_etl_pipeline.py
[2026-08-26T09:33:15.947+0000] {logging_mixin.py:188} INFO - [2026-08-26T09:33:15.946+0000] {dag.py:3036} INFO - Sync 1 DAGs
[2026-08-26T09:33:16.197+0000] {logging_mixin.py:188} INFO - [2026-08-26T09:33:16.196+0000] {dag.py:3823} INFO - Setting next_dagrun for supermarket_etl_pipeline to None, run_after=None
[2026-08-26T09:33:16.240+0000] {processor.py:183} INFO - Processing /opt/airflow/dags/supermarket_etl_pipeline.py took 0.692 seconds
[2026-08-26T09:33:46.518+0000] {processor.py:161} INFO - Started process (PID=651) to work on /opt/airflow/dags/supermarket_etl_pipeline.py
[2026-08-26T09:33:46.524+0000] {processor.py:830} INFO - Processing file /opt/airflow/dags/supermarket_etl_pipeline.py for tasks to queue
[2026-08-26T09:33:46.531+0000] {logging_mixin.py:188} INFO - [2026-08-26T09:33:46.531+0000] {dagbag.py:538} INFO - Filling up the DagBag from /opt/airflow/dags/supermarket_etl_pipeline.py
[2026-08-26T09:33:46.915+0000] {processor.py:840} INFO - DAG(s) 'supermarket_etl_pipeline' retrieved from /opt/airflow/dags/supermarket_etl_pipeline.py
[2026-08-26T09:33:47.155+0000] {logging_mixin.py:188} INFO - [2026-08-26T09:33:47.155+0000] {dag.py:3036} INFO - Sync 1 DAGs
[2026-08-26T09:33:47.168+0000] {logging_mixin.py:188} INFO - [2026-08-26T09:33:47.168+0000] {dag.py:3823} INFO - Setting next_dagrun for supermarket_etl_pipeline to None, run_after=None
[2026-08-26T09:33:47.197+0000] {processor.py:183} INFO - Processing /opt/airflow/dags/supermarket_etl_pipeline.py took 0.695 seconds
[2026-08-26T09:34:17.772+0000] {processor.py:161} INFO - Started process (PID=657) to work on /opt/airflow/dags/supermarket_etl_pipeline.py
[2026-08-26T09:34:17.774+0000] {processor.py:830} INFO - Processing file /opt/airflow/dags/supermarket_etl_pipeline.py for tasks to queue
[2026-08-26T09:34:17.777+0000] {logging_mixin.py:188} INFO - [2026-08-26T09:34:17.776+0000] {dagbag.py:538} INFO - Filling up the DagBag from /opt/airflow/dags/supermarket_etl_pipeline.py
[2026-08-26T09:34:18.612+0000] {processor.py:840} INFO - DAG(s) 'supermarket_etl_pipeline' retrieved from /opt/airflow/dags/supermarket_etl_pipeline.py
[2026-08-26T09:34:18.664+0000] {logging_mixin.py:188} INFO - [2026-08-26T09:34:18.663+0000] {dag.py:3036} INFO - Sync 1 DAGs
[2026-08-26T09:34:18.695+0000] {logging_mixin.py:188} INFO - [2026-08-26T09:34:18.694+0000] {dag.py:3823} INFO - Setting next_dagrun for supermarket_etl_pipeline to None, run_after=None
[2026-08-26T09:34:18.742+0000] {processor.py:183} INFO - Processing /opt/airflow/dags/supermarket_etl_pipeline.py took 0.975 seconds
[2026-08-26T09:34:49.135+0000] {processor.py:161} INFO - Started process (PID=663) to work on /opt/airflow/dags/supermarket_etl_pipeline.py
[2026-08-26T09:34:49.141+0000] {processor.py:830} INFO - Processing file /opt/airflow/dags/supermarket_etl_pipeline.py for tasks to queue
[2026-08-26T09:34:49.149+0000] {logging_mixin.py:188} INFO - [2026-08-26T09:34:49.146+0000] {dagbag.py:538} INFO - Filling up the DagBag from /opt/airflow/dags/supermarket_etl_pipeline.py
[2026-08-26T09:34:49.564+0000] {processor.py:840} INFO - DAG(s) 'supermarket_etl_pipeline' retrieved from /opt/airflow/dags/supermarket_etl_pipeline.py
[2026-08-26T09:34:49.602+0000] {logging_mixin.py:188} INFO - [2026-08-26T09:34:49.601+0000] {dag.py:3036} INFO - Sync 1 DAGs
[2026-08-26T09:34:49.615+0000] {logging_mixin.py:188} INFO - [2026-08-26T09:34:49.615+0000] {dag.py:3823} INFO - Setting next_dagrun for supermarket_etl_pipeline to None, run_after=None
[2026-08-26T09:34:49.781+0000] {processor.py:183} INFO - Processing /opt/airflow/dags/supermarket_etl_pipeline.py took 0.657 seconds
[2026-08-26T09:35:20.351+0000] {processor.py:161} INFO - Started process (PID=669) to work on /opt/airflow/dags/supermarket_etl_pipeline.py
[2026-08-26T09:35:20.355+0000] {processor.py:830} INFO - Processing file /opt/airflow/dags/supermarket_etl_pipeline.py for tasks to queue
[2026-08-26T09:35:20.362+0000] {logging_mixin.py:188} INFO - [2026-08-26T09:35:20.361+0000] {dagbag.py:538} INFO - Filling up the DagBag from /opt/airflow/dags/supermarket_etl_pipeline.py
[2026-08-26T09:35:20.832+0000] {processor.py:840} INFO - DAG(s) 'supermarket_etl_pipeline' retrieved from /opt/airflow/dags/supermarket_etl_pipeline.py
[2026-08-26T09:35:20.911+0000] {logging_mixin.py:188} INFO - [2026-08-26T09:35:20.911+0000] {dag.py:3036} INFO - Sync 1 DAGs
[2026-08-26T09:35:21.533+0000] {logging_mixin.py:188} INFO - [2026-08-26T09:35:21.532+0000] {dag.py:3823} INFO - Setting next_dagrun for supermarket_etl_pipeline to None, run_after=None
[2026-08-26T09:35:21.578+0000] {processor.py:183} INFO - Processing /opt/airflow/dags/supermarket_etl_pipeline.py took 1.236 seconds
[2026-08-26T09:35:51.926+0000] {processor.py:161} INFO - Started process (PID=675) to work on /opt/airflow/dags/supermarket_etl_pipeline.py
[2026-08-26T09:35:51.931+0000] {processor.py:830} INFO - Processing file /opt/airflow/dags/supermarket_etl_pipeline.py for tasks to queue
[2026-08-26T09:35:51.941+0000] {logging_mixin.py:188} INFO - [2026-08-26T09:35:51.939+0000] {dagbag.py:538} INFO - Filling up the DagBag from /opt/airflow/dags/supermarket_etl_pipeline.py
[2026-08-26T09:35:52.505+0000] {processor.py:840} INFO - DAG(s) 'supermarket_etl_pipeline' retrieved from /opt/airflow/dags/supermarket_etl_pipeline.py
[2026-08-26T09:35:52.832+0000] {logging_mixin.py:188} INFO - [2026-08-26T09:35:52.831+0000] {dag.py:3036} INFO - Sync 1 DAGs
[2026-08-26T09:35:52.849+0000] {logging_mixin.py:188} INFO - [2026-08-26T09:35:52.849+0000] {dag.py:3823} INFO - Setting next_dagrun for supermarket_etl_pipeline to None, run_after=None
[2026-08-26T09:35:52.880+0000] {processor.py:183} INFO - Processing /opt/airflow/dags/supermarket_etl_pipeline.py took 0.959 seconds
[2026-08-26T09:36:23.347+0000] {processor.py:161} INFO - Started process (PID=681) to work on /opt/airflow/dags/supermarket_etl_pipeline.py
[2026-08-26T09:36:23.349+0000] {processor.py:830} INFO - Processing file /opt/airflow/dags/supermarket_etl_pipeline.py for tasks to queue
[2026-08-26T09:36:23.355+0000] {logging_mixin.py:188} INFO - [2026-08-26T09:36:23.354+0000] {dagbag.py:538} INFO - Filling up the DagBag from /opt/airflow/dags/supermarket_etl_pipeline.py
[2026-08-26T09:36:24.021+0000] {processor.py:840} INFO - DAG(s) 'supermarket_etl_pipeline' retrieved from /opt/airflow/dags/supermarket_etl_pipeline.py
[2026-08-26T09:36:24.051+0000] {logging_mixin.py:188} INFO - [2026-08-26T09:36:24.051+0000] {dag.py:3036} INFO - Sync 1 DAGs
[2026-08-26T09:36:24.066+0000] {logging_mixin.py:188} INFO - [2026-08-26T09:36:24.065+0000] {dag.py:3823} INFO - Setting next_dagrun for supermarket_etl_pipeline to None, run_after=None
[2026-08-26T09:36:24.143+0000] {processor.py:183} INFO - Processing /opt/airflow/dags/supermarket_etl_pipeline.py took 0.800 seconds
[2026-08-26T09:36:54.654+0000] {processor.py:161} INFO - Started process (PID=687) to work on /opt/airflow/dags/supermarket_etl_pipeline.py
[2026-08-26T09:36:54.656+0000] {processor.py:830} INFO - Processing file /opt/airflow/dags/supermarket_etl_pipeline.py for tasks to queue
[2026-08-26T09:36:54.659+0000] {logging_mixin.py:188} INFO - [2026-08-26T09:36:54.659+0000] {dagbag.py:538} INFO - Filling up the DagBag from /opt/airflow/dags/supermarket_etl_pipeline.py
[2026-08-26T09:36:55.008+0000] {processor.py:840} INFO - DAG(s) 'supermarket_etl_pipeline' retrieved from /opt/airflow/dags/supermarket_etl_pipeline.py
[2026-08-26T09:36:55.039+0000] {logging_mixin.py:188} INFO - [2026-08-26T09:36:55.039+0000] {dag.py:3036} INFO - Sync 1 DAGs
[2026-08-26T09:36:55.054+0000] {logging_mixin.py:188} INFO - [2026-08-26T09:36:55.054+0000] {dag.py:3823} INFO - Setting next_dagrun for supermarket_etl_pipeline to None, run_after=None
[2026-08-26T09:36:55.235+0000] {processor.py:183} INFO - Processing /opt/airflow/dags/supermarket_etl_pipeline.py took 0.587 seconds
[2026-08-26T09:37:25.710+0000] {processor.py:161} INFO - Started process (PID=693) to work on /opt/airflow/dags/supermarket_etl_pipeline.py
[2026-08-26T09:37:25.712+0000] {processor.py:830} INFO - Processing file /opt/airflow/dags/supermarket_etl_pipeline.py for tasks to queue
[2026-08-26T09:37:25.714+0000] {logging_mixin.py:188} INFO - [2026-08-26T09:37:25.713+0000] {dagbag.py:538} INFO - Filling up the DagBag from /opt/airflow/dags/supermarket_etl_pipeline.py
[2026-08-26T09:37:26.056+0000] {processor.py:840} INFO - DAG(s) 'supermarket_etl_pipeline' retrieved from /opt/airflow/dags/supermarket_etl_pipeline.py
[2026-08-26T09:37:26.096+0000] {logging_mixin.py:188} INFO - [2026-08-26T09:37:26.096+0000] {dag.py:3036} INFO - Sync 1 DAGs
[2026-08-26T09:37:26.326+0000] {logging_mixin.py:188} INFO - [2026-08-26T09:37:26.326+0000] {dag.py:3823} INFO - Setting next_dagrun for supermarket_etl_pipeline to None, run_after=None
[2026-08-26T09:37:26.386+0000] {processor.py:183} INFO - Processing /opt/airflow/dags/supermarket_etl_pipeline.py took 0.681 seconds
[2026-08-26T09:37:56.825+0000] {processor.py:161} INFO - Started process (PID=699) to work on /opt/airflow/dags/supermarket_etl_pipeline.py
[2026-08-26T09:37:56.827+0000] {processor.py:830} INFO - Processing file /opt/airflow/dags/supermarket_etl_pipeline.py for tasks to queue
[2026-08-26T09:37:56.829+0000] {logging_mixin.py:188} INFO - [2026-08-26T09:37:56.829+0000] {dagbag.py:538} INFO - Filling up the DagBag from /opt/airflow/dags/supermarket_etl_pipeline.py
[2026-08-26T09:37:57.250+0000] {processor.py:840} INFO - DAG(s) 'supermarket_etl_pipeline' retrieved from /opt/airflow/dags/supermarket_etl_pipeline.py
[2026-08-26T09:37:57.602+0000] {logging_mixin.py:188} INFO - [2026-08-26T09:37:57.600+0000] {dag.py:3036} INFO - Sync 1 DAGs
[2026-08-26T09:37:57.622+0000] {logging_mixin.py:188} INFO - [2026-08-26T09:37:57.622+0000] {dag.py:3823} INFO - Setting next_dagrun for supermarket_etl_pipeline to None, run_after=None
[2026-08-26T09:37:57.656+0000] {processor.py:183} INFO - Processing /opt/airflow/dags/supermarket_etl_pipeline.py took 0.835 seconds
[2026-08-26T09:38:27.828+0000] {processor.py:161} INFO - Started process (PID=705) to work on /opt/airflow/dags/supermarket_etl_pipeline.py
[2026-08-26T09:38:27.833+0000] {processor.py:830} INFO - Processing file /opt/airflow/dags/supermarket_etl_pipeline.py for tasks to queue
[2026-08-26T09:38:27.838+0000] {logging_mixin.py:188} INFO - [2026-08-26T09:38:27.837+0000] {dagbag.py:538} INFO - Filling up the DagBag from /opt/airflow/dags/supermarket_etl_pipeline.py
[2026-08-26T09:38:28.911+0000] {processor.py:840} INFO - DAG(s) 'supermarket_etl_pipeline' retrieved from /opt/airflow/dags/supermarket_etl_pipeline.py
[2026-08-26T09:38:28.953+0000] {logging_mixin.py:188} INFO - [2026-08-26T09:38:28.952+0000] {dag.py:3036} INFO - Sync 1 DAGs
[2026-08-26T09:38:28.970+0000] {logging_mixin.py:188} INFO - [2026-08-26T09:38:28.970+0000] {dag.py:3823} INFO - Setting next_dagrun for supermarket_etl_pipeline to None, run_after=None
[2026-08-26T09:38:28.997+0000] {processor.py:183} INFO - Processing /opt/airflow/dags/supermarket_etl_pipeline.py took 1.179 seconds
[2026-08-26T09:38:59.594+0000] {processor.py:161} INFO - Started process (PID=711) to work on /opt/airflow/dags/supermarket_etl_pipeline.py
[2026-08-26T09:38:59.598+0000] {processor.py:830} INFO - Processing file /opt/airflow/dags/supermarket_etl_pipeline.py for tasks to queue
[2026-08-26T09:38:59.603+0000] {logging_mixin.py:188} INFO - [2026-08-26T09:38:59.603+0000] {dagbag.py:538} INFO - Filling up the DagBag from /opt/airflow/dags/supermarket_etl_pipeline.py
[2026-08-26T09:39:00.278+0000] {processor.py:840} INFO - DAG(s) 'supermarket_etl_pipeline' retrieved from /opt/airflow/dags/supermarket_etl_pipeline.py
[2026-08-26T09:39:00.341+0000] {logging_mixin.py:188} INFO - [2026-08-26T09:39:00.340+0000] {dag.py:3036} INFO - Sync 1 DAGs
[2026-08-26T09:39:00.376+0000] {logging_mixin.py:188} INFO - [2026-08-26T09:39:00.375+0000] {dag.py:3823} INFO - Setting next_dagrun for supermarket_etl_pipeline to None, run_after=None
[2026-08-26T09:39:00.418+0000] {processor.py:183} INFO - Processing /opt/airflow/dags/supermarket_etl_pipeline.py took 0.831 seconds
[2026-08-26T09:39:30.893+0000] {processor.py:161} INFO - Started process (PID=717) to work on /opt/airflow/dags/supermarket_etl_pipeline.py
[2026-08-26T09:39:30.896+0000] {processor.py:830} INFO - Processing file /opt/airflow/dags/supermarket_etl_pipeline.py for tasks to queue
[2026-08-26T09:39:30.898+0000] {logging_mixin.py:188} INFO - [2026-08-26T09:39:30.898+0000] {dagbag.py:538} INFO - Filling up the DagBag from /opt/airflow/dags/supermarket_etl_pipeline.py
[2026-08-26T09:39:31.215+0000] {processor.py:840} INFO - DAG(s) 'supermarket_etl_pipeline' retrieved from /opt/airflow/dags/supermarket_etl_pipeline.py
[2026-08-26T09:39:31.253+0000] {logging_mixin.py:188} INFO - [2026-08-26T09:39:31.253+0000] {dag.py:3036} INFO - Sync 1 DAGs
[2026-08-26T09:39:31.435+0000] {logging_mixin.py:188} INFO - [2026-08-26T09:39:31.435+0000] {dag.py:3823} INFO - Setting next_dagrun for supermarket_etl_pipeline to None, run_after=None
[2026-08-26T09:39:31.471+0000] {processor.py:183} INFO - Processing /opt/airflow/dags/supermarket_etl_pipeline.py took 0.581 seconds
[2026-08-26T09:40:01.963+0000] {processor.py:161} INFO - Started process (PID=723) to work on /opt/airflow/dags/supermarket_etl_pipeline.py
[2026-08-26T09:40:01.966+0000] {processor.py:830} INFO - Processing file /opt/airflow/dags/supermarket_etl_pipeline.py for tasks to queue
[2026-08-26T09:40:01.969+0000] {logging_mixin.py:188} INFO - [2026-08-26T09:40:01.969+0000] {dagbag.py:538} INFO - Filling up the DagBag from /opt/airflow/dags/supermarket_etl_pipeline.py
[2026-08-26T09:40:02.407+0000] {processor.py:840} INFO - DAG(s) 'supermarket_etl_pipeline' retrieved from /opt/airflow/dags/supermarket_etl_pipeline.py
[2026-08-26T09:40:02.636+0000] {logging_mixin.py:188} INFO - [2026-08-26T09:40:02.635+0000] {dag.py:3036} INFO - Sync 1 DAGs
[2026-08-26T09:40:02.658+0000] {logging_mixin.py:188} INFO - [2026-08-26T09:40:02.658+0000] {dag.py:3823} INFO - Setting next_dagrun for supermarket_etl_pipeline to None, run_after=None
[2026-08-26T09:40:02.709+0000] {processor.py:183} INFO - Processing /opt/airflow/dags/supermarket_etl_pipeline.py took 0.753 seconds
[2026-08-26T09:40:33.084+0000] {processor.py:161} INFO - Started process (PID=729) to work on /opt/airflow/dags/supermarket_etl_pipeline.py
[2026-08-26T09:40:33.086+0000] {processor.py:830} INFO - Processing file /opt/airflow/dags/supermarket_etl_pipeline.py for tasks to queue
[2026-08-26T09:40:33.088+0000] {logging_mixin.py:188} INFO - [2026-08-26T09:40:33.087+0000] {dagbag.py:538} INFO - Filling up the DagBag from /opt/airflow/dags/supermarket_etl_pipeline.py
[2026-08-26T09:40:33.553+0000] {processor.py:840} INFO - DAG(s) 'supermarket_etl_pipeline' retrieved from /opt/airflow/dags/supermarket_etl_pipeline.py
[2026-08-26T09:40:33.592+0000] {logging_mixin.py:188} INFO - [2026-08-26T09:40:33.591+0000] {dag.py:3036} INFO - Sync 1 DAGs
[2026-08-26T09:40:33.609+0000] {logging_mixin.py:188} INFO - [2026-08-26T09:40:33.608+0000] {dag.py:3823} INFO - Setting next_dagrun for supermarket_etl_pipeline to None, run_after=None
[2026-08-26T09:40:33.639+0000] {processor.py:183} INFO - Processing /opt/airflow/dags/supermarket_etl_pipeline.py took 0.559 seconds
[2026-08-26T09:41:03.924+0000] {processor.py:161} INFO - Started process (PID=735) to work on /opt/airflow/dags/supermarket_etl_pipeline.py
[2026-08-26T09:41:03.926+0000] {processor.py:830} INFO - Processing file /opt/airflow/dags/supermarket_etl_pipeline.py for tasks to queue
[2026-08-26T09:41:03.928+0000] {logging_mixin.py:188} INFO - [2026-08-26T09:41:03.928+0000] {dagbag.py:538} INFO - Filling up the DagBag from /opt/airflow/dags/supermarket_etl_pipeline.py
[2026-08-26T09:41:04.361+0000] {processor.py:840} INFO - DAG(s) 'supermarket_etl_pipeline' retrieved from /opt/airflow/dags/supermarket_etl_pipeline.py
[2026-08-26T09:41:04.395+0000] {logging_mixin.py:188} INFO - [2026-08-26T09:41:04.395+0000] {dag.py:3036} INFO - Sync 1 DAGs
[2026-08-26T09:41:04.408+0000] {logging_mixin.py:188} INFO - [2026-08-26T09:41:04.408+0000] {dag.py:3823} INFO - Setting next_dagrun for supermarket_etl_pipeline to None, run_after=None
[2026-08-26T09:41:04.432+0000] {processor.py:183} INFO - Processing /opt/airflow/dags/supermarket_etl_pipeline.py took 0.512 seconds
[2026-08-26T09:41:34.742+0000] {processor.py:161} INFO - Started process (PID=741) to work on /opt/airflow/dags/supermarket_etl_pipeline.py
[2026-08-26T09:41:34.744+0000] {processor.py:830} INFO - Processing file /opt/airflow/dags/supermarket_etl_pipeline.py for tasks to queue
[2026-08-26T09:41:34.746+0000] {logging_mixin.py:188} INFO - [2026-08-26T09:41:34.745+0000] {dagbag.py:538} INFO - Filling up the DagBag from /opt/airflow/dags/supermarket_etl_pipeline.py
[2026-08-26T09:41:35.067+0000] {processor.py:840} INFO - DAG(s) 'supermarket_etl_pipeline' retrieved from /opt/airflow/dags/supermarket_etl_pipeline.py
[2026-08-26T09:41:35.106+0000] {logging_mixin.py:188} INFO - [2026-08-26T09:41:35.106+0000] {dag.py:3036} INFO - Sync 1 DAGs
[2026-08-26T09:41:35.255+0000] {logging_mixin.py:188} INFO - [2026-08-26T09:41:35.255+0000] {dag.py:3823} INFO - Setting next_dagrun for supermarket_etl_pipeline to None, run_after=None
[2026-08-26T09:41:35.288+0000] {processor.py:183} INFO - Processing /opt/airflow/dags/supermarket_etl_pipeline.py took 0.549 seconds
[2026-08-26T09:42:05.493+0000] {processor.py:161} INFO - Started process (PID=747) to work on /opt/airflow/dags/supermarket_etl_pipeline.py
[2026-08-26T09:42:05.497+0000] {processor.py:830} INFO - Processing file /opt/airflow/dags/supermarket_etl_pipeline.py for tasks to queue
[2026-08-26T09:42:05.501+0000] {logging_mixin.py:188} INFO - [2026-08-26T09:42:05.500+0000] {dagbag.py:538} INFO - Filling up the DagBag from /opt/airflow/dags/supermarket_etl_pipeline.py
[2026-08-26T09:42:05.965+0000] {processor.py:840} INFO - DAG(s) 'supermarket_etl_pipeline' retrieved from /opt/airflow/dags/supermarket_etl_pipeline.py
[2026-08-26T09:42:06.175+0000] {logging_mixin.py:188} INFO - [2026-08-26T09:42:06.175+0000] {dag.py:3036} INFO - Sync 1 DAGs
[2026-08-26T09:42:06.193+0000] {logging_mixin.py:188} INFO - [2026-08-26T09:42:06.193+0000] {dag.py:3823} INFO - Setting next_dagrun for supermarket_etl_pipeline to None, run_after=None
[2026-08-26T09:42:06.224+0000] {processor.py:183} INFO - Processing /opt/airflow/dags/supermarket_etl_pipeline.py took 0.735 seconds
[2026-08-26T09:42:36.522+0000] {processor.py:161} INFO - Started process (PID=753) to work on /opt/airflow/dags/supermarket_etl_pipeline.py
[2026-08-26T09:42:36.526+0000] {processor.py:830} INFO - Processing file /opt/airflow/dags/supermarket_etl_pipeline.py for tasks to queue
[2026-08-26T09:42:36.530+0000] {logging_mixin.py:188} INFO - [2026-08-26T09:42:36.529+0000] {dagbag.py:538} INFO - Filling up the DagBag from /opt/airflow/dags/supermarket_etl_pipeline.py
[2026-08-26T09:42:37.010+0000] {processor.py:840} INFO - DAG(s) 'supermarket_etl_pipeline' retrieved from /opt/airflow/dags/supermarket_etl_pipeline.py
[2026-08-26T09:42:37.040+0000] {logging_mixin.py:188} INFO - [2026-08-26T09:42:37.040+0000] {dag.py:3036} INFO - Sync 1 DAGs
[2026-08-26T09:42:37.055+0000] {logging_mixin.py:188} INFO - [2026-08-26T09:42:37.054+0000] {dag.py:3823} INFO - Setting next_dagrun for supermarket_etl_pipeline to None, run_after=None
[2026-08-26T09:42:37.078+0000] {processor.py:183} INFO - Processing /opt/airflow/dags/supermarket_etl_pipeline.py took 0.561 seconds
[2026-08-26T09:43:07.387+0000] {processor.py:161} INFO - Started process (PID=759) to work on /opt/airflow/dags/supermarket_etl_pipeline.py
[2026-08-26T09:43:07.389+0000] {processor.py:830} INFO - Processing file /opt/airflow/dags/supermarket_etl_pipeline.py for tasks to queue
[2026-08-26T09:43:07.391+0000] {logging_mixin.py:188} INFO - [2026-08-26T09:43:07.391+0000] {dagbag.py:538} INFO - Filling up the DagBag from /opt/airflow/dags/supermarket_etl_pipeline.py
[2026-08-26T09:43:07.982+0000] {processor.py:840} INFO - DAG(s) 'supermarket_etl_pipeline' retrieved from /opt/airflow/dags/supermarket_etl_pipeline.py
[2026-08-26T09:43:08.024+0000] {logging_mixin.py:188} INFO - [2026-08-26T09:43:08.024+0000] {dag.py:3036} INFO - Sync 1 DAGs
[2026-08-26T09:43:08.036+0000] {logging_mixin.py:188} INFO - [2026-08-26T09:43:08.036+0000] {dag.py:3823} INFO - Setting next_dagrun for supermarket_etl_pipeline to None, run_after=None
[2026-08-26T09:43:08.067+0000] {processor.py:183} INFO - Processing /opt/airflow/dags/supermarket_etl_pipeline.py took 0.684 seconds
[2026-08-26T09:43:38.252+0000] {processor.py:161} INFO - Started process (PID=765) to work on /opt/airflow/dags/supermarket_etl_pipeline.py
[2026-08-26T09:43:38.255+0000] {processor.py:830} INFO - Processing file /opt/airflow/dags/supermarket_etl_pipeline.py for tasks to queue
[2026-08-26T09:43:38.257+0000] {logging_mixin.py:188} INFO - [2026-08-26T09:43:38.257+0000] {dagbag.py:538} INFO - Filling up the DagBag from /opt/airflow/dags/supermarket_etl_pipeline.py
[2026-08-26T09:43:38.589+0000] {processor.py:840} INFO - DAG(s) 'supermarket_etl_pipeline' retrieved from /opt/airflow/dags/supermarket_etl_pipeline.py
[2026-08-26T09:43:38.633+0000] {logging_mixin.py:188} INFO - [2026-08-26T09:43:38.633+0000] {dag.py:3036} INFO - Sync 1 DAGs
[2026-08-26T09:43:38.836+0000] {logging_mixin.py:188} INFO - [2026-08-26T09:43:38.836+0000] {dag.py:3823} INFO - Setting next_dagrun for supermarket_etl_pipeline to None, run_after=None
[2026-08-26T09:43:38.870+0000] {processor.py:183} INFO - Processing /opt/airflow/dags/supermarket_etl_pipeline.py took 0.624 seconds
[2026-08-26T09:44:08.977+0000] {processor.py:161} INFO - Started process (PID=771) to work on /opt/airflow/dags/supermarket_etl_pipeline.py
[2026-08-26T09:44:08.980+0000] {processor.py:830} INFO - Processing file /opt/airflow/dags/supermarket_etl_pipeline.py for tasks to queue
[2026-08-26T09:44:08.983+0000] {logging_mixin.py:188} INFO - [2026-08-26T09:44:08.983+0000] {dagbag.py:538} INFO - Filling up the DagBag from /opt/airflow/dags/supermarket_etl_pipeline.py
[2026-08-26T09:44:09.368+0000] {processor.py:840} INFO - DAG(s) 'supermarket_etl_pipeline' retrieved from /opt/airflow/dags/supermarket_etl_pipeline.py
[2026-08-26T09:44:09.645+0000] {logging_mixin.py:188} INFO - [2026-08-26T09:44:09.643+0000] {dag.py:3036} INFO - Sync 1 DAGs
[2026-08-26T09:44:09.662+0000] {logging_mixin.py:188} INFO - [2026-08-26T09:44:09.662+0000] {dag.py:3823} INFO - Setting next_dagrun for supermarket_etl_pipeline to None, run_after=None
[2026-08-26T09:44:09.694+0000] {processor.py:183} INFO - Processing /opt/airflow/dags/supermarket_etl_pipeline.py took 0.721 seconds
[2026-08-26T09:44:40.129+0000] {processor.py:161} INFO - Started process (PID=777) to work on /opt/airflow/dags/supermarket_etl_pipeline.py
[2026-08-26T09:44:40.133+0000] {processor.py:830} INFO - Processing file /opt/airflow/dags/supermarket_etl_pipeline.py for tasks to queue
[2026-08-26T09:44:40.137+0000] {logging_mixin.py:188} INFO - [2026-08-26T09:44:40.136+0000] {dagbag.py:538} INFO - Filling up the DagBag from /opt/airflow/dags/supermarket_etl_pipeline.py
[2026-08-26T09:44:40.738+0000] {processor.py:840} INFO - DAG(s) 'supermarket_etl_pipeline' retrieved from /opt/airflow/dags/supermarket_etl_pipeline.py
[2026-08-26T09:44:40.788+0000] {logging_mixin.py:188} INFO - [2026-08-26T09:44:40.787+0000] {dag.py:3036} INFO - Sync 1 DAGs
[2026-08-26T09:44:40.806+0000] {logging_mixin.py:188} INFO - [2026-08-26T09:44:40.806+0000] {dag.py:3823} INFO - Setting next_dagrun for supermarket_etl_pipeline to None, run_after=None
[2026-08-26T09:44:40.842+0000] {processor.py:183} INFO - Processing /opt/airflow/dags/supermarket_etl_pipeline.py took 0.721 seconds
[2026-08-26T09:45:10.984+0000] {processor.py:161} INFO - Started process (PID=783) to work on /opt/airflow/dags/supermarket_etl_pipeline.py
[2026-08-26T09:45:10.987+0000] {processor.py:830} INFO - Processing file /opt/airflow/dags/supermarket_etl_pipeline.py for tasks to queue
[2026-08-26T09:45:10.989+0000] {logging_mixin.py:188} INFO - [2026-08-26T09:45:10.988+0000] {dagbag.py:538} INFO - Filling up the DagBag from /opt/airflow/dags/supermarket_etl_pipeline.py
[2026-08-26T09:45:11.527+0000] {processor.py:840} INFO - DAG(s) 'supermarket_etl_pipeline' retrieved from /opt/airflow/dags/supermarket_etl_pipeline.py
[2026-08-26T09:45:11.560+0000] {logging_mixin.py:188} INFO - [2026-08-26T09:45:11.559+0000] {dag.py:3036} INFO - Sync 1 DAGs
[2026-08-26T09:45:11.572+0000] {logging_mixin.py:188} INFO - [2026-08-26T09:45:11.572+0000] {dag.py:3823} INFO - Setting next_dagrun for supermarket_etl_pipeline to None, run_after=None
[2026-08-26T09:45:11.603+0000] {processor.py:183} INFO - Processing /opt/airflow/dags/supermarket_etl_pipeline.py took 0.626 seconds
[2026-08-26T09:45:42.093+0000] {processor.py:161} INFO - Started process (PID=789) to work on /opt/airflow/dags/supermarket_etl_pipeline.py
[2026-08-26T09:45:42.099+0000] {processor.py:830} INFO - Processing file /opt/airflow/dags/supermarket_etl_pipeline.py for tasks to queue
[2026-08-26T09:45:42.106+0000] {logging_mixin.py:188} INFO - [2026-08-26T09:45:42.105+0000] {dagbag.py:538} INFO - Filling up the DagBag from /opt/airflow/dags/supermarket_etl_pipeline.py
[2026-08-26T09:45:42.754+0000] {processor.py:840} INFO - DAG(s) 'supermarket_etl_pipeline' retrieved from /opt/airflow/dags/supermarket_etl_pipeline.py
[2026-08-26T09:45:42.810+0000] {logging_mixin.py:188} INFO - [2026-08-26T09:45:42.809+0000] {dag.py:3036} INFO - Sync 1 DAGs
[2026-08-26T09:45:43.135+0000] {logging_mixin.py:188} INFO - [2026-08-26T09:45:43.134+0000] {dag.py:3823} INFO - Setting next_dagrun for supermarket_etl_pipeline to None, run_after=None
[2026-08-26T09:45:43.177+0000] {processor.py:183} INFO - Processing /opt/airflow/dags/supermarket_etl_pipeline.py took 1.095 seconds
[2026-08-26T09:46:13.491+0000] {processor.py:161} INFO - Started process (PID=795) to work on /opt/airflow/dags/supermarket_etl_pipeline.py
[2026-08-26T09:46:13.494+0000] {processor.py:830} INFO - Processing file /opt/airflow/dags/supermarket_etl_pipeline.py for tasks to queue
[2026-08-26T09:46:13.499+0000] {logging_mixin.py:188} INFO - [2026-08-26T09:46:13.498+0000] {dagbag.py:538} INFO - Filling up the DagBag from /opt/airflow/dags/supermarket_etl_pipeline.py
[2026-08-26T09:46:13.887+0000] {processor.py:840} INFO - DAG(s) 'supermarket_etl_pipeline' retrieved from /opt/airflow/dags/supermarket_etl_pipeline.py
[2026-08-26T09:46:14.089+0000] {logging_mixin.py:188} INFO - [2026-08-26T09:46:14.089+0000] {dag.py:3036} INFO - Sync 1 DAGs
[2026-08-26T09:46:14.105+0000] {logging_mixin.py:188} INFO - [2026-08-26T09:46:14.105+0000] {dag.py:3823} INFO - Setting next_dagrun for supermarket_etl_pipeline to None, run_after=None
[2026-08-26T09:46:14.137+0000] {processor.py:183} INFO - Processing /opt/airflow/dags/supermarket_etl_pipeline.py took 0.649 seconds
[2026-08-26T09:46:44.620+0000] {processor.py:161} INFO - Started process (PID=801) to work on /opt/airflow/dags/supermarket_etl_pipeline.py
[2026-08-26T09:46:44.623+0000] {processor.py:830} INFO - Processing file /opt/airflow/dags/supermarket_etl_pipeline.py for tasks to queue
[2026-08-26T09:46:44.625+0000] {logging_mixin.py:188} INFO - [2026-08-26T09:46:44.625+0000] {dagbag.py:538} INFO - Filling up the DagBag from /opt/airflow/dags/supermarket_etl_pipeline.py
[2026-08-26T09:46:45.186+0000] {processor.py:840} INFO - DAG(s) 'supermarket_etl_pipeline' retrieved from /opt/airflow/dags/supermarket_etl_pipeline.py
[2026-08-26T09:46:45.225+0000] {logging_mixin.py:188} INFO - [2026-08-26T09:46:45.225+0000] {dag.py:3036} INFO - Sync 1 DAGs
[2026-08-26T09:46:45.242+0000] {logging_mixin.py:188} INFO - [2026-08-26T09:46:45.242+0000] {dag.py:3823} INFO - Setting next_dagrun for supermarket_etl_pipeline to None, run_after=None
[2026-08-26T09:46:45.273+0000] {processor.py:183} INFO - Processing /opt/airflow/dags/supermarket_etl_pipeline.py took 0.657 seconds
[2026-08-26T09:47:15.731+0000] {processor.py:161} INFO - Started process (PID=807) to work on /opt/airflow/dags/supermarket_etl_pipeline.py
[2026-08-26T09:47:15.736+0000] {processor.py:830} INFO - Processing file /opt/airflow/dags/supermarket_etl_pipeline.py for tasks to queue
[2026-08-26T09:47:15.742+0000] {logging_mixin.py:188} INFO - [2026-08-26T09:47:15.741+0000] {dagbag.py:538} INFO - Filling up the DagBag from /opt/airflow/dags/supermarket_etl_pipeline.py
[2026-08-26T09:47:16.349+0000] {processor.py:840} INFO - DAG(s) 'supermarket_etl_pipeline' retrieved from /opt/airflow/dags/supermarket_etl_pipeline.py
[2026-08-26T09:47:16.383+0000] {logging_mixin.py:188} INFO - [2026-08-26T09:47:16.382+0000] {dag.py:3036} INFO - Sync 1 DAGs
[2026-08-26T09:47:16.398+0000] {logging_mixin.py:188} INFO - [2026-08-26T09:47:16.398+0000] {dag.py:3823} INFO - Setting next_dagrun for supermarket_etl_pipeline to None, run_after=None
[2026-08-26T09:47:16.427+0000] {processor.py:183} INFO - Processing /opt/airflow/dags/supermarket_etl_pipeline.py took 0.704 seconds
[2026-08-26T09:47:46.669+0000] {processor.py:161} INFO - Started process (PID=813) to work on /opt/airflow/dags/supermarket_etl_pipeline.py
[2026-08-26T09:47:46.672+0000] {processor.py:830} INFO - Processing file /opt/airflow/dags/supermarket_etl_pipeline.py for tasks to queue
[2026-08-26T09:47:46.675+0000] {logging_mixin.py:188} INFO - [2026-08-26T09:47:46.674+0000] {dagbag.py:538} INFO - Filling up the DagBag from /opt/airflow/dags/supermarket_etl_pipeline.py
[2026-08-26T09:47:47.265+0000] {processor.py:840} INFO - DAG(s) 'supermarket_etl_pipeline' retrieved from /opt/airflow/dags/supermarket_etl_pipeline.py
[2026-08-26T09:47:47.303+0000] {logging_mixin.py:188} INFO - [2026-08-26T09:47:47.303+0000] {dag.py:3036} INFO - Sync 1 DAGs
[2026-08-26T09:47:47.318+0000] {logging_mixin.py:188} INFO - [2026-08-26T09:47:47.318+0000] {dag.py:3823} INFO - Setting next_dagrun for supermarket_etl_pipeline to None, run_after=None
[2026-08-26T09:47:47.347+0000] {processor.py:183} INFO - Processing /opt/airflow/dags/supermarket_etl_pipeline.py took 0.681 seconds
[2026-08-26T09:48:17.814+0000] {processor.py:161} INFO - Started process (PID=819) to work on /opt/airflow/dags/supermarket_etl_pipeline.py
[2026-08-26T09:48:17.816+0000] {processor.py:830} INFO - Processing file /opt/airflow/dags/supermarket_etl_pipeline.py for tasks to queue
[2026-08-26T09:48:17.819+0000] {logging_mixin.py:188} INFO - [2026-08-26T09:48:17.819+0000] {dagbag.py:538} INFO - Filling up the DagBag from /opt/airflow/dags/supermarket_etl_pipeline.py
[2026-08-26T09:48:18.220+0000] {processor.py:840} INFO - DAG(s) 'supermarket_etl_pipeline' retrieved from /opt/airflow/dags/supermarket_etl_pipeline.py
[2026-08-26T09:48:18.497+0000] {logging_mixin.py:188} INFO - [2026-08-26T09:48:18.496+0000] {dag.py:3036} INFO - Sync 1 DAGs
[2026-08-26T09:48:18.523+0000] {logging_mixin.py:188} INFO - [2026-08-26T09:48:18.523+0000] {dag.py:3823} INFO - Setting next_dagrun for supermarket_etl_pipeline to None, run_after=None
[2026-08-26T09:48:18.575+0000] {processor.py:183} INFO - Processing /opt/airflow/dags/supermarket_etl_pipeline.py took 0.765 seconds
[2026-08-26T09:48:48.975+0000] {processor.py:161} INFO - Started process (PID=825) to work on /opt/airflow/dags/supermarket_etl_pipeline.py
[2026-08-26T09:48:48.977+0000] {processor.py:830} INFO - Processing file /opt/airflow/dags/supermarket_etl_pipeline.py for tasks to queue
[2026-08-26T09:48:48.980+0000] {logging_mixin.py:188} INFO - [2026-08-26T09:48:48.980+0000] {dagbag.py:538} INFO - Filling up the DagBag from /opt/airflow/dags/supermarket_etl_pipeline.py
[2026-08-26T09:48:49.568+0000] {processor.py:840} INFO - DAG(s) 'supermarket_etl_pipeline' retrieved from /opt/airflow/dags/supermarket_etl_pipeline.py
[2026-08-26T09:48:49.600+0000] {logging_mixin.py:188} INFO - [2026-08-26T09:48:49.600+0000] {dag.py:3036} INFO - Sync 1 DAGs
[2026-08-26T09:48:49.614+0000] {logging_mixin.py:188} INFO - [2026-08-26T09:48:49.614+0000] {dag.py:3823} INFO - Setting next_dagrun for supermarket_etl_pipeline to None, run_after=None
[2026-08-26T09:48:49.643+0000] {processor.py:183} INFO - Processing /opt/airflow/dags/supermarket_etl_pipeline.py took 0.672 seconds
[2026-08-26T09:49:19.843+0000] {processor.py:161} INFO - Started process (PID=831) to work on /opt/airflow/dags/supermarket_etl_pipeline.py
[2026-08-26T09:49:19.847+0000] {processor.py:830} INFO - Processing file /opt/airflow/dags/supermarket_etl_pipeline.py for tasks to queue
[2026-08-26T09:49:19.850+0000] {logging_mixin.py:188} INFO - [2026-08-26T09:49:19.850+0000] {dagbag.py:538} INFO - Filling up the DagBag from /opt/airflow/dags/supermarket_etl_pipeline.py
[2026-08-26T09:49:20.320+0000] {processor.py:840} INFO - DAG(s) 'supermarket_etl_pipeline' retrieved from /opt/airflow/dags/supermarket_etl_pipeline.py
[2026-08-26T09:49:20.350+0000] {logging_mixin.py:188} INFO - [2026-08-26T09:49:20.350+0000] {dag.py:3036} INFO - Sync 1 DAGs
[2026-08-26T09:49:20.364+0000] {logging_mixin.py:188} INFO - [2026-08-26T09:49:20.363+0000] {dag.py:3823} INFO - Setting next_dagrun for supermarket_etl_pipeline to None, run_after=None
[2026-08-26T09:49:20.390+0000] {processor.py:183} INFO - Processing /opt/airflow/dags/supermarket_etl_pipeline.py took 0.551 seconds
[2026-08-26T09:49:50.674+0000] {processor.py:161} INFO - Started process (PID=837) to work on /opt/airflow/dags/supermarket_etl_pipeline.py
[2026-08-26T09:49:50.678+0000] {processor.py:830} INFO - Processing file /opt/airflow/dags/supermarket_etl_pipeline.py for tasks to queue
[2026-08-26T09:49:50.684+0000] {logging_mixin.py:188} INFO - [2026-08-26T09:49:50.684+0000] {dagbag.py:538} INFO - Filling up the DagBag from /opt/airflow/dags/supermarket_etl_pipeline.py
[2026-08-26T09:49:51.180+0000] {processor.py:840} INFO - DAG(s) 'supermarket_etl_pipeline' retrieved from /opt/airflow/dags/supermarket_etl_pipeline.py
[2026-08-26T09:49:51.206+0000] {logging_mixin.py:188} INFO - [2026-08-26T09:49:51.206+0000] {dag.py:3036} INFO - Sync 1 DAGs
[2026-08-26T09:49:51.221+0000] {logging_mixin.py:188} INFO - [2026-08-26T09:49:51.221+0000] {dag.py:3823} INFO - Setting next_dagrun for supermarket_etl_pipeline to None, run_after=None
[2026-08-26T09:49:51.249+0000] {processor.py:183} INFO - Processing /opt/airflow/dags/supermarket_etl_pipeline.py took 0.578 seconds
[2026-08-26T09:50:21.395+0000] {processor.py:161} INFO - Started process (PID=843) to work on /opt/airflow/dags/supermarket_etl_pipeline.py
[2026-08-26T09:50:21.398+0000] {processor.py:830} INFO - Processing file /opt/airflow/dags/supermarket_etl_pipeline.py for tasks to queue
[2026-08-26T09:50:21.400+0000] {logging_mixin.py:188} INFO - [2026-08-26T09:50:21.400+0000] {dagbag.py:538} INFO - Filling up the DagBag from /opt/airflow/dags/supermarket_etl_pipeline.py
[2026-08-26T09:50:21.749+0000] {processor.py:840} INFO - DAG(s) 'supermarket_etl_pipeline' retrieved from /opt/airflow/dags/supermarket_etl_pipeline.py
[2026-08-26T09:50:21.942+0000] {logging_mixin.py:188} INFO - [2026-08-26T09:50:21.942+0000] {dag.py:3036} INFO - Sync 1 DAGs
[2026-08-26T09:50:21.955+0000] {logging_mixin.py:188} INFO - [2026-08-26T09:50:21.955+0000] {dag.py:3823} INFO - Setting next_dagrun for supermarket_etl_pipeline to None, run_after=None
[2026-08-26T09:50:21.983+0000] {processor.py:183} INFO - Processing /opt/airflow/dags/supermarket_etl_pipeline.py took 0.591 seconds
[2026-08-26T09:50:52.276+0000] {processor.py:161} INFO - Started process (PID=849) to work on /opt/airflow/dags/supermarket_etl_pipeline.py
[2026-08-26T09:50:52.280+0000] {processor.py:830} INFO - Processing file /opt/airflow/dags/supermarket_etl_pipeline.py for tasks to queue
[2026-08-26T09:50:52.283+0000] {logging_mixin.py:188} INFO - [2026-08-26T09:50:52.283+0000] {dagbag.py:538} INFO - Filling up the DagBag from /opt/airflow/dags/supermarket_etl_pipeline.py
[2026-08-26T09:50:52.761+0000] {processor.py:840} INFO - DAG(s) 'supermarket_etl_pipeline' retrieved from /opt/airflow/dags/supermarket_etl_pipeline.py
[2026-08-26T09:50:52.798+0000] {logging_mixin.py:188} INFO - [2026-08-26T09:50:52.798+0000] {dag.py:3036} INFO - Sync 1 DAGs
[2026-08-26T09:50:52.810+0000] {logging_mixin.py:188} INFO - [2026-08-26T09:50:52.810+0000] {dag.py:3823} INFO - Setting next_dagrun for supermarket_etl_pipeline to None, run_after=None
[2026-08-26T09:50:52.837+0000] {processor.py:183} INFO - Processing /opt/airflow/dags/supermarket_etl_pipeline.py took 0.565 seconds
[2026-08-26T09:51:23.024+0000] {processor.py:161} INFO - Started process (PID=855) to work on /opt/airflow/dags/supermarket_etl_pipeline.py
[2026-08-26T09:51:23.026+0000] {processor.py:830} INFO - Processing file /opt/airflow/dags/supermarket_etl_pipeline.py for tasks to queue
[2026-08-26T09:51:23.029+0000] {logging_mixin.py:188} INFO - [2026-08-26T09:51:23.028+0000] {dagbag.py:538} INFO - Filling up the DagBag from /opt/airflow/dags/supermarket_etl_pipeline.py
[2026-08-26T09:51:23.548+0000] {processor.py:840} INFO - DAG(s) 'supermarket_etl_pipeline' retrieved from /opt/airflow/dags/supermarket_etl_pipeline.py
[2026-08-26T09:51:23.576+0000] {logging_mixin.py:188} INFO - [2026-08-26T09:51:23.575+0000] {dag.py:3036} INFO - Sync 1 DAGs
[2026-08-26T09:51:23.587+0000] {logging_mixin.py:188} INFO - [2026-08-26T09:51:23.586+0000] {dag.py:3823} INFO - Setting next_dagrun for supermarket_etl_pipeline to None, run_after=None
[2026-08-26T09:51:23.617+0000] {processor.py:183} INFO - Processing /opt/airflow/dags/supermarket_etl_pipeline.py took 0.598 seconds
[2026-08-26T09:51:53.917+0000] {processor.py:161} INFO - Started process (PID=861) to work on /opt/airflow/dags/supermarket_etl_pipeline.py
[2026-08-26T09:51:53.919+0000] {processor.py:830} INFO - Processing file /opt/airflow/dags/supermarket_etl_pipeline.py for tasks to queue
[2026-08-26T09:51:53.922+0000] {logging_mixin.py:188} INFO - [2026-08-26T09:51:53.921+0000] {dagbag.py:538} INFO - Filling up the DagBag from /opt/airflow/dags/supermarket_etl_pipeline.py
[2026-08-26T09:51:54.418+0000] {processor.py:840} INFO - DAG(s) 'supermarket_etl_pipeline' retrieved from /opt/airflow/dags/supermarket_etl_pipeline.py
[2026-08-26T09:51:54.446+0000] {logging_mixin.py:188} INFO - [2026-08-26T09:51:54.446+0000] {dag.py:3036} INFO - Sync 1 DAGs
[2026-08-26T09:51:54.461+0000] {logging_mixin.py:188} INFO - [2026-08-26T09:51:54.461+0000] {dag.py:3823} INFO - Setting next_dagrun for supermarket_etl_pipeline to None, run_after=None
[2026-08-26T09:51:54.488+0000] {processor.py:183} INFO - Processing /opt/airflow/dags/supermarket_etl_pipeline.py took 0.574 seconds
[2026-08-26T09:52:24.613+0000] {processor.py:161} INFO - Started process (PID=867) to work on /opt/airflow/dags/supermarket_etl_pipeline.py
[2026-08-26T09:52:24.615+0000] {processor.py:830} INFO - Processing file /opt/airflow/dags/supermarket_etl_pipeline.py for tasks to queue
[2026-08-26T09:52:24.617+0000] {logging_mixin.py:188} INFO - [2026-08-26T09:52:24.617+0000] {dagbag.py:538} INFO - Filling up the DagBag from /opt/airflow/dags/supermarket_etl_pipeline.py
[2026-08-26T09:52:24.951+0000] {processor.py:840} INFO - DAG(s) 'supermarket_etl_pipeline' retrieved from /opt/airflow/dags/supermarket_etl_pipeline.py
[2026-08-26T09:52:25.137+0000] {logging_mixin.py:188} INFO - [2026-08-26T09:52:25.136+0000] {dag.py:3036} INFO - Sync 1 DAGs
[2026-08-26T09:52:25.151+0000] {logging_mixin.py:188} INFO - [2026-08-26T09:52:25.151+0000] {dag.py:3823} INFO - Setting next_dagrun for supermarket_etl_pipeline to None, run_after=None
[2026-08-26T09:52:25.179+0000] {processor.py:183} INFO - Processing /opt/airflow/dags/supermarket_etl_pipeline.py took 0.569 seconds
[2026-08-26T09:52:55.469+0000] {processor.py:161} INFO - Started process (PID=873) to work on /opt/airflow/dags/supermarket_etl_pipeline.py
[2026-08-26T09:52:55.471+0000] {processor.py:830} INFO - Processing file /opt/airflow/dags/supermarket_etl_pipeline.py for tasks to queue
[2026-08-26T09:52:55.475+0000] {logging_mixin.py:188} INFO - [2026-08-26T09:52:55.474+0000] {dagbag.py:538} INFO - Filling up the DagBag from /opt/airflow/dags/supermarket_etl_pipeline.py
[2026-08-26T09:52:55.999+0000] {processor.py:840} INFO - DAG(s) 'supermarket_etl_pipeline' retrieved from /opt/airflow/dags/supermarket_etl_pipeline.py
[2026-08-26T09:52:56.061+0000] {logging_mixin.py:188} INFO - [2026-08-26T09:52:56.060+0000] {dag.py:3036} INFO - Sync 1 DAGs
[2026-08-26T09:52:56.082+0000] {logging_mixin.py:188} INFO - [2026-08-26T09:52:56.082+0000] {dag.py:3823} INFO - Setting next_dagrun for supermarket_etl_pipeline to None, run_after=None
[2026-08-26T09:52:56.122+0000] {processor.py:183} INFO - Processing /opt/airflow/dags/supermarket_etl_pipeline.py took 0.656 seconds
[2026-08-26T09:53:26.266+0000] {processor.py:161} INFO - Started process (PID=879) to work on /opt/airflow/dags/supermarket_etl_pipeline.py
[2026-08-26T09:53:26.269+0000] {processor.py:830} INFO - Processing file /opt/airflow/dags/supermarket_etl_pipeline.py for tasks to queue
[2026-08-26T09:53:26.271+0000] {logging_mixin.py:188} INFO - [2026-08-26T09:53:26.271+0000] {dagbag.py:538} INFO - Filling up the DagBag from /opt/airflow/dags/supermarket_etl_pipeline.py
[2026-08-26T09:53:26.843+0000] {processor.py:840} INFO - DAG(s) 'supermarket_etl_pipeline' retrieved from /opt/airflow/dags/supermarket_etl_pipeline.py
[2026-08-26T09:53:26.870+0000] {logging_mixin.py:188} INFO - [2026-08-26T09:53:26.869+0000] {dag.py:3036} INFO - Sync 1 DAGs
[2026-08-26T09:53:26.883+0000] {logging_mixin.py:188} INFO - [2026-08-26T09:53:26.883+0000] {dag.py:3823} INFO - Setting next_dagrun for supermarket_etl_pipeline to None, run_after=None
[2026-08-26T09:53:26.912+0000] {processor.py:183} INFO - Processing /opt/airflow/dags/supermarket_etl_pipeline.py took 0.652 seconds
[2026-08-26T09:53:57.191+0000] {processor.py:161} INFO - Started process (PID=885) to work on /opt/airflow/dags/supermarket_etl_pipeline.py
[2026-08-26T09:53:57.193+0000] {processor.py:830} INFO - Processing file /opt/airflow/dags/supermarket_etl_pipeline.py for tasks to queue
[2026-08-26T09:53:57.195+0000] {logging_mixin.py:188} INFO - [2026-08-26T09:53:57.195+0000] {dagbag.py:538} INFO - Filling up the DagBag from /opt/airflow/dags/supermarket_etl_pipeline.py
[2026-08-26T09:53:57.675+0000] {processor.py:840} INFO - DAG(s) 'supermarket_etl_pipeline' retrieved from /opt/airflow/dags/supermarket_etl_pipeline.py
[2026-08-26T09:53:57.703+0000] {logging_mixin.py:188} INFO - [2026-08-26T09:53:57.702+0000] {dag.py:3036} INFO - Sync 1 DAGs
[2026-08-26T09:53:57.717+0000] {logging_mixin.py:188} INFO - [2026-08-26T09:53:57.716+0000] {dag.py:3823} INFO - Setting next_dagrun for supermarket_etl_pipeline to None, run_after=None
[2026-08-26T09:53:57.744+0000] {processor.py:183} INFO - Processing /opt/airflow/dags/supermarket_etl_pipeline.py took 0.557 seconds
[2026-08-26T09:54:27.981+0000] {processor.py:161} INFO - Started process (PID=891) to work on /opt/airflow/dags/supermarket_etl_pipeline.py
[2026-08-26T09:54:27.983+0000] {processor.py:830} INFO - Processing file /opt/airflow/dags/supermarket_etl_pipeline.py for tasks to queue
[2026-08-26T09:54:27.985+0000] {logging_mixin.py:188} INFO - [2026-08-26T09:54:27.985+0000] {dagbag.py:538} INFO - Filling up the DagBag from /opt/airflow/dags/supermarket_etl_pipeline.py
[2026-08-26T09:54:28.329+0000] {processor.py:840} INFO - DAG(s) 'supermarket_etl_pipeline' retrieved from /opt/airflow/dags/supermarket_etl_pipeline.py
[2026-08-26T09:54:28.511+0000] {logging_mixin.py:188} INFO - [2026-08-26T09:54:28.511+0000] {dag.py:3036} INFO - Sync 1 DAGs
[2026-08-26T09:54:28.524+0000] {logging_mixin.py:188} INFO - [2026-08-26T09:54:28.524+0000] {dag.py:3823} INFO - Setting next_dagrun for supermarket_etl_pipeline to None, run_after=None
[2026-08-26T09:54:28.561+0000] {processor.py:183} INFO - Processing /opt/airflow/dags/supermarket_etl_pipeline.py took 0.582 seconds
[2026-08-26T09:54:58.906+0000] {processor.py:161} INFO - Started process (PID=897) to work on /opt/airflow/dags/supermarket_etl_pipeline.py
[2026-08-26T09:54:58.909+0000] {processor.py:830} INFO - Processing file /opt/airflow/dags/supermarket_etl_pipeline.py for tasks to queue
[2026-08-26T09:54:58.913+0000] {logging_mixin.py:188} INFO - [2026-08-26T09:54:58.912+0000] {dagbag.py:538} INFO - Filling up the DagBag from /opt/airflow/dags/supermarket_etl_pipeline.py
[2026-08-26T09:54:59.559+0000] {processor.py:840} INFO - DAG(s) 'supermarket_etl_pipeline' retrieved from /opt/airflow/dags/supermarket_etl_pipeline.py
[2026-08-26T09:54:59.606+0000] {logging_mixin.py:188} INFO - [2026-08-26T09:54:59.605+0000] {dag.py:3036} INFO - Sync 1 DAGs
[2026-08-26T09:54:59.644+0000] {logging_mixin.py:188} INFO - [2026-08-26T09:54:59.643+0000] {dag.py:3823} INFO - Setting next_dagrun for supermarket_etl_pipeline to None, run_after=None
[2026-08-26T09:54:59.700+0000] {processor.py:183} INFO - Processing /opt/airflow/dags/supermarket_etl_pipeline.py took 0.802 seconds
[2026-08-26T09:55:30.193+0000] {processor.py:161} INFO - Started process (PID=903) to work on /opt/airflow/dags/supermarket_etl_pipeline.py
[2026-08-26T09:55:30.195+0000] {processor.py:830} INFO - Processing file /opt/airflow/dags/supermarket_etl_pipeline.py for tasks to queue
[2026-08-26T09:55:30.198+0000] {logging_mixin.py:188} INFO - [2026-08-26T09:55:30.197+0000] {dagbag.py:538} INFO - Filling up the DagBag from /opt/airflow/dags/supermarket_etl_pipeline.py
[2026-08-26T09:55:30.785+0000] {processor.py:840} INFO - DAG(s) 'supermarket_etl_pipeline' retrieved from /opt/airflow/dags/supermarket_etl_pipeline.py
[2026-08-26T09:55:30.817+0000] {logging_mixin.py:188} INFO - [2026-08-26T09:55:30.817+0000] {dag.py:3036} INFO - Sync 1 DAGs
[2026-08-26T09:55:30.835+0000] {logging_mixin.py:188} INFO - [2026-08-26T09:55:30.835+0000] {dag.py:3823} INFO - Setting next_dagrun for supermarket_etl_pipeline to None, run_after=None
[2026-08-26T09:55:30.872+0000] {processor.py:183} INFO - Processing /opt/airflow/dags/supermarket_etl_pipeline.py took 0.688 seconds
[2026-08-26T09:56:01.137+0000] {processor.py:161} INFO - Started process (PID=909) to work on /opt/airflow/dags/supermarket_etl_pipeline.py
[2026-08-26T09:56:01.140+0000] {processor.py:830} INFO - Processing file /opt/airflow/dags/supermarket_etl_pipeline.py for tasks to queue
[2026-08-26T09:56:01.143+0000] {logging_mixin.py:188} INFO - [2026-08-26T09:56:01.143+0000] {dagbag.py:538} INFO - Filling up the DagBag from /opt/airflow/dags/supermarket_etl_pipeline.py
[2026-08-26T09:56:01.713+0000] {processor.py:840} INFO - DAG(s) 'supermarket_etl_pipeline' retrieved from /opt/airflow/dags/supermarket_etl_pipeline.py
[2026-08-26T09:56:01.747+0000] {logging_mixin.py:188} INFO - [2026-08-26T09:56:01.746+0000] {dag.py:3036} INFO - Sync 1 DAGs
[2026-08-26T09:56:01.763+0000] {logging_mixin.py:188} INFO - [2026-08-26T09:56:01.763+0000] {dag.py:3823} INFO - Setting next_dagrun for supermarket_etl_pipeline to None, run_after=None
[2026-08-26T09:56:01.792+0000] {processor.py:183} INFO - Processing /opt/airflow/dags/supermarket_etl_pipeline.py took 0.661 seconds
[2026-08-26T09:56:32.242+0000] {processor.py:161} INFO - Started process (PID=915) to work on /opt/airflow/dags/supermarket_etl_pipeline.py
[2026-08-26T09:56:32.244+0000] {processor.py:830} INFO - Processing file /opt/airflow/dags/supermarket_etl_pipeline.py for tasks to queue
[2026-08-26T09:56:32.247+0000] {logging_mixin.py:188} INFO - [2026-08-26T09:56:32.246+0000] {dagbag.py:538} INFO - Filling up the DagBag from /opt/airflow/dags/supermarket_etl_pipeline.py
[2026-08-26T09:56:32.660+0000] {processor.py:840} INFO - DAG(s) 'supermarket_etl_pipeline' retrieved from /opt/airflow/dags/supermarket_etl_pipeline.py
[2026-08-26T09:56:32.894+0000] {logging_mixin.py:188} INFO - [2026-08-26T09:56:32.893+0000] {dag.py:3036} INFO - Sync 1 DAGs
[2026-08-26T09:56:32.918+0000] {logging_mixin.py:188} INFO - [2026-08-26T09:56:32.918+0000] {dag.py:3823} INFO - Setting next_dagrun for supermarket_etl_pipeline to None, run_after=None
[2026-08-26T09:56:32.963+0000] {processor.py:183} INFO - Processing /opt/airflow/dags/supermarket_etl_pipeline.py took 0.729 seconds
[2026-08-26T09:57:03.198+0000] {processor.py:161} INFO - Started process (PID=921) to work on /opt/airflow/dags/supermarket_etl_pipeline.py
[2026-08-26T09:57:03.203+0000] {processor.py:830} INFO - Processing file /opt/airflow/dags/supermarket_etl_pipeline.py for tasks to queue
[2026-08-26T09:57:03.208+0000] {logging_mixin.py:188} INFO - [2026-08-26T09:57:03.207+0000] {dagbag.py:538} INFO - Filling up the DagBag from /opt/airflow/dags/supermarket_etl_pipeline.py
[2026-08-26T09:57:03.834+0000] {processor.py:840} INFO - DAG(s) 'supermarket_etl_pipeline' retrieved from /opt/airflow/dags/supermarket_etl_pipeline.py
[2026-08-26T09:57:03.867+0000] {logging_mixin.py:188} INFO - [2026-08-26T09:57:03.867+0000] {dag.py:3036} INFO - Sync 1 DAGs
[2026-08-26T09:57:03.883+0000] {logging_mixin.py:188} INFO - [2026-08-26T09:57:03.883+0000] {dag.py:3823} INFO - Setting next_dagrun for supermarket_etl_pipeline to None, run_after=None
[2026-08-26T09:57:03.925+0000] {processor.py:183} INFO - Processing /opt/airflow/dags/supermarket_etl_pipeline.py took 0.740 seconds
[2026-08-26T09:57:34.443+0000] {processor.py:161} INFO - Started process (PID=927) to work on /opt/airflow/dags/supermarket_etl_pipeline.py
[2026-08-26T09:57:34.446+0000] {processor.py:830} INFO - Processing file /opt/airflow/dags/supermarket_etl_pipeline.py for tasks to queue
[2026-08-26T09:57:34.450+0000] {logging_mixin.py:188} INFO - [2026-08-26T09:57:34.449+0000] {dagbag.py:538} INFO - Filling up the DagBag from /opt/airflow/dags/supermarket_etl_pipeline.py
[2026-08-26T09:57:35.051+0000] {processor.py:840} INFO - DAG(s) 'supermarket_etl_pipeline' retrieved from /opt/airflow/dags/supermarket_etl_pipeline.py
[2026-08-26T09:57:35.105+0000] {logging_mixin.py:188} INFO - [2026-08-26T09:57:35.104+0000] {dag.py:3036} INFO - Sync 1 DAGs
[2026-08-26T09:57:35.127+0000] {logging_mixin.py:188} INFO - [2026-08-26T09:57:35.127+0000] {dag.py:3823} INFO - Setting next_dagrun for supermarket_etl_pipeline to None, run_after=None
[2026-08-26T09:57:35.176+0000] {processor.py:183} INFO - Processing /opt/airflow/dags/supermarket_etl_pipeline.py took 0.738 seconds
[2026-08-26T09:58:05.687+0000] {processor.py:161} INFO - Started process (PID=933) to work on /opt/airflow/dags/supermarket_etl_pipeline.py
[2026-08-26T09:58:05.691+0000] {processor.py:830} INFO - Processing file /opt/airflow/dags/supermarket_etl_pipeline.py for tasks to queue
[2026-08-26T09:58:05.695+0000] {logging_mixin.py:188} INFO - [2026-08-26T09:58:05.695+0000] {dagbag.py:538} INFO - Filling up the DagBag from /opt/airflow/dags/supermarket_etl_pipeline.py
[2026-08-26T09:58:06.415+0000] {processor.py:840} INFO - DAG(s) 'supermarket_etl_pipeline' retrieved from /opt/airflow/dags/supermarket_etl_pipeline.py
[2026-08-26T09:58:06.453+0000] {logging_mixin.py:188} INFO - [2026-08-26T09:58:06.452+0000] {dag.py:3036} INFO - Sync 1 DAGs
[2026-08-26T09:58:06.469+0000] {logging_mixin.py:188} INFO - [2026-08-26T09:58:06.469+0000] {dag.py:3823} INFO - Setting next_dagrun for supermarket_etl_pipeline to None, run_after=None
[2026-08-26T09:58:06.510+0000] {processor.py:183} INFO - Processing /opt/airflow/dags/supermarket_etl_pipeline.py took 0.830 seconds
[2026-08-26T09:58:37.080+0000] {processor.py:161} INFO - Started process (PID=939) to work on /opt/airflow/dags/supermarket_etl_pipeline.py
[2026-08-26T09:58:37.085+0000] {processor.py:830} INFO - Processing file /opt/airflow/dags/supermarket_etl_pipeline.py for tasks to queue
[2026-08-26T09:58:37.093+0000] {logging_mixin.py:188} INFO - [2026-08-26T09:58:37.091+0000] {dagbag.py:538} INFO - Filling up the DagBag from /opt/airflow/dags/supermarket_etl_pipeline.py
[2026-08-26T09:58:37.763+0000] {processor.py:840} INFO - DAG(s) 'supermarket_etl_pipeline' retrieved from /opt/airflow/dags/supermarket_etl_pipeline.py
[2026-08-26T09:58:37.809+0000] {logging_mixin.py:188} INFO - [2026-08-26T09:58:37.808+0000] {dag.py:3036} INFO - Sync 1 DAGs
[2026-08-26T09:58:37.825+0000] {logging_mixin.py:188} INFO - [2026-08-26T09:58:37.825+0000] {dag.py:3823} INFO - Setting next_dagrun for supermarket_etl_pipeline to None, run_after=None
[2026-08-26T09:58:37.864+0000] {processor.py:183} INFO - Processing /opt/airflow/dags/supermarket_etl_pipeline.py took 0.793 seconds
[2026-08-26T09:59:08.089+0000] {processor.py:161} INFO - Started process (PID=945) to work on /opt/airflow/dags/supermarket_etl_pipeline.py
[2026-08-26T09:59:08.093+0000] {processor.py:830} INFO - Processing file /opt/airflow/dags/supermarket_etl_pipeline.py for tasks to queue
[2026-08-26T09:59:08.098+0000] {logging_mixin.py:188} INFO - [2026-08-26T09:59:08.097+0000] {dagbag.py:538} INFO - Filling up the DagBag from /opt/airflow/dags/supermarket_etl_pipeline.py
[2026-08-26T09:59:08.736+0000] {processor.py:840} INFO - DAG(s) 'supermarket_etl_pipeline' retrieved from /opt/airflow/dags/supermarket_etl_pipeline.py
[2026-08-26T09:59:08.775+0000] {logging_mixin.py:188} INFO - [2026-08-26T09:59:08.775+0000] {dag.py:3036} INFO - Sync 1 DAGs
[2026-08-26T09:59:08.799+0000] {logging_mixin.py:188} INFO - [2026-08-26T09:59:08.798+0000] {dag.py:3823} INFO - Setting next_dagrun for supermarket_etl_pipeline to None, run_after=None
[2026-08-26T09:59:08.873+0000] {processor.py:183} INFO - Processing /opt/airflow/dags/supermarket_etl_pipeline.py took 0.794 seconds
[2026-08-26T09:59:39.301+0000] {processor.py:161} INFO - Started process (PID=951) to work on /opt/airflow/dags/supermarket_etl_pipeline.py
[2026-08-26T09:59:39.303+0000] {processor.py:830} INFO - Processing file /opt/airflow/dags/supermarket_etl_pipeline.py for tasks to queue
[2026-08-26T09:59:39.306+0000] {logging_mixin.py:188} INFO - [2026-08-26T09:59:39.306+0000] {dagbag.py:538} INFO - Filling up the DagBag from /opt/airflow/dags/supermarket_etl_pipeline.py
[2026-08-26T09:59:39.991+0000] {processor.py:840} INFO - DAG(s) 'supermarket_etl_pipeline' retrieved from /opt/airflow/dags/supermarket_etl_pipeline.py
[2026-08-26T09:59:40.023+0000] {logging_mixin.py:188} INFO - [2026-08-26T09:59:40.022+0000] {dag.py:3036} INFO - Sync 1 DAGs
[2026-08-26T09:59:40.032+0000] {logging_mixin.py:188} INFO - [2026-08-26T09:59:40.031+0000] {dag.py:3823} INFO - Setting next_dagrun for supermarket_etl_pipeline to None, run_after=None
[2026-08-26T09:59:40.050+0000] {processor.py:183} INFO - Processing /opt/airflow/dags/supermarket_etl_pipeline.py took 0.752 seconds
